molecule,period,biosimilar_rx,reference_rx,total_rx,biosimilar_share,molecule_class,therapeutic_area
adalimumab,2009-01-01,0,5106,5106,0,anti-TNF,rheumatology/gastro/derm
adalimumab,2009-02-01,0,5102,5102,0,anti-TNF,rheumatology/gastro/derm
adalimumab,2009-03-01,0,5802,5802,0,anti-TNF,rheumatology/gastro/derm
adalimumab,2009-04-01,0,6046,6046,0,anti-TNF,rheumatology/gastro/derm
adalimumab,2009-05-01,0,5752,5752,0,anti-TNF,rheumatology/gastro/derm
adalimumab,2009-06-01,0,5306,5306,0,anti-TNF,rheumatology/gastro/derm
adalimumab,2009-07-01,0,6039,6039,0,anti-TNF,rheumatology/gastro/derm
adalimumab,2009-08-01,0,5915,5915,0,anti-TNF,rheumatology/gastro/derm
adalimumab,2009-09-01,0,5793,5793,0,anti-TNF,rheumatology/gastro/derm
adalimumab,2009-10-01,0,6595,6595,0,anti-TNF,rheumatology/gastro/derm
adalimumab,2009-11-01,0,7006,7006,0,anti-TNF,rheumatology/gastro/derm
adalimumab,2009-12-01,0,6459,6459,0,anti-TNF,rheumatology/gastro/derm
adalimumab,2010-01-01,0,8602,8602,0,anti-TNF,rheumatology/gastro/derm
adalimumab,2010-02-01,0,6857,6857,0,anti-TNF,rheumatology/gastro/derm
adalimumab,2010-03-01,0,7671,7671,0,anti-TNF,rheumatology/gastro/derm
adalimumab,2010-04-01,0,6099,6099,0,anti-TNF,rheumatology/gastro/derm
adalimumab,2010-05-01,0,7636,7636,0,anti-TNF,rheumatology/gastro/derm
adalimumab,2010-06-01,0,7251,7251,0,anti-TNF,rheumatology/gastro/derm
adalimumab,2010-07-01,0,8055,8055,0,anti-TNF,rheumatology/gastro/derm
adalimumab,2010-08-01,0,6711,6711,0,anti-TNF,rheumatology/gastro/derm
adalimumab,2010-09-01,0,7808,7808,0,anti-TNF,rheumatology/gastro/derm
adalimumab,2010-10-01,0,7778,7778,0,anti-TNF,rheumatology/gastro/derm
adalimumab,2010-11-01,0,8137,8137,0,anti-TNF,rheumatology/gastro/derm
adalimumab,2010-12-01,0,6312,6312,0,anti-TNF,rheumatology/gastro/derm
adalimumab,2011-01-01,0,7739,7739,0,anti-TNF,rheumatology/gastro/derm
adalimumab,2011-02-01,0,7738,7738,0,anti-TNF,rheumatology/gastro/derm
adalimumab,2011-03-01,0,9039,9039,0,anti-TNF,rheumatology/gastro/derm
adalimumab,2011-04-01,0,8356,8356,0,anti-TNF,rheumatology/gastro/derm
adalimumab,2011-05-01,0,8314,8314,0,anti-TNF,rheumatology/gastro/derm
adalimumab,2011-06-01,0,7890,7890,0,anti-TNF,rheumatology/gastro/derm
adalimumab,2011-07-01,0,9526,9526,0,anti-TNF,rheumatology/gastro/derm
adalimumab,2011-08-01,0,8881,8881,0,anti-TNF,rheumatology/gastro/derm
adalimumab,2011-09-01,0,8425,8425,0,anti-TNF,rheumatology/gastro/derm
adalimumab,2011-10-01,0,7989,7989,0,anti-TNF,rheumatology/gastro/derm
adalimumab,2011-11-01,0,7914,7914,0,anti-TNF,rheumatology/gastro/derm
adalimumab,2011-12-01,0,6753,6753,0,anti-TNF,rheumatology/gastro/derm
adalimumab,2012-01-01,0,8347,8347,0,anti-TNF,rheumatology/gastro/derm
adalimumab,2012-02-01,0,6583,6583,0,anti-TNF,rheumatology/gastro/derm
adalimumab,2012-03-01,0,9593,9593,0,anti-TNF,rheumatology/gastro/derm
adalimumab,2012-04-01,0,9721,9721,0,anti-TNF,rheumatology/gastro/derm
adalimumab,2012-05-01,0,12037,12037,0,anti-TNF,rheumatology/gastro/derm
adalimumab,2012-06-01,0,16818,16818,0,anti-TNF,rheumatology/gastro/derm
adalimumab,2012-07-01,0,10139,10139,0,anti-TNF,rheumatology/gastro/derm
adalimumab,2012-08-01,0,10100,10100,0,anti-TNF,rheumatology/gastro/derm
adalimumab,2012-09-01,0,14484,14484,0,anti-TNF,rheumatology/gastro/derm
adalimumab,2012-10-01,0,11636,11636,0,anti-TNF,rheumatology/gastro/derm
adalimumab,2012-11-01,0,10827,10827,0,anti-TNF,rheumatology/gastro/derm
adalimumab,2012-12-01,0,7526,7526,0,anti-TNF,rheumatology/gastro/derm
adalimumab,2013-01-01,0,12843,12843,0,anti-TNF,rheumatology/gastro/derm
adalimumab,2013-02-01,0,11007,11007,0,anti-TNF,rheumatology/gastro/derm
adalimumab,2013-03-01,0,8224,8224,0,anti-TNF,rheumatology/gastro/derm
adalimumab,2013-04-01,0,10272,10272,0,anti-TNF,rheumatology/gastro/derm
adalimumab,2013-05-01,0,11674,11674,0,anti-TNF,rheumatology/gastro/derm
adalimumab,2013-06-01,0,12101,12101,0,anti-TNF,rheumatology/gastro/derm
adalimumab,2013-07-01,0,10360,10360,0,anti-TNF,rheumatology/gastro/derm
adalimumab,2013-08-01,0,10220,10220,0,anti-TNF,rheumatology/gastro/derm
adalimumab,2013-09-01,0,10313,10313,0,anti-TNF,rheumatology/gastro/derm
adalimumab,2013-10-01,0,8882,8882,0,anti-TNF,rheumatology/gastro/derm
adalimumab,2013-11-01,0,8913,8913,0,anti-TNF,rheumatology/gastro/derm
adalimumab,2013-12-01,0,9062,9062,0,anti-TNF,rheumatology/gastro/derm
adalimumab,2014-01-01,0,10062,10062,0,anti-TNF,rheumatology/gastro/derm
adalimumab,2014-02-01,0,7320,7320,0,anti-TNF,rheumatology/gastro/derm
adalimumab,2014-03-01,0,21904,21904,0,anti-TNF,rheumatology/gastro/derm
adalimumab,2014-04-01,0,25597,25597,0,anti-TNF,rheumatology/gastro/derm
adalimumab,2014-05-01,0,17790,17790,0,anti-TNF,rheumatology/gastro/derm
adalimumab,2014-06-01,0,15248,15248,0,anti-TNF,rheumatology/gastro/derm
adalimumab,2014-07-01,0,12285,12285,0,anti-TNF,rheumatology/gastro/derm
adalimumab,2014-08-01,0,13748,13748,0,anti-TNF,rheumatology/gastro/derm
adalimumab,2014-09-01,0,12282,12282,0,anti-TNF,rheumatology/gastro/derm
adalimumab,2014-10-01,0,12035,12035,0,anti-TNF,rheumatology/gastro/derm
adalimumab,2014-11-01,0,13695,13695,0,anti-TNF,rheumatology/gastro/derm
adalimumab,2014-12-01,0,11956,11956,0,anti-TNF,rheumatology/gastro/derm
adalimumab,2015-01-01,0,13385,13385,0,anti-TNF,rheumatology/gastro/derm
adalimumab,2015-02-01,0,19106,19106,0,anti-TNF,rheumatology/gastro/derm
adalimumab,2015-03-01,0,15600,15600,0,anti-TNF,rheumatology/gastro/derm
adalimumab,2015-04-01,0,12303,12303,0,anti-TNF,rheumatology/gastro/derm
adalimumab,2015-05-01,0,24195,24195,0,anti-TNF,rheumatology/gastro/derm
adalimumab,2015-06-01,0,18202,18202,0,anti-TNF,rheumatology/gastro/derm
adalimumab,2015-07-01,0,18257,18257,0,anti-TNF,rheumatology/gastro/derm
adalimumab,2015-08-01,0,15297,15297,0,anti-TNF,rheumatology/gastro/derm
adalimumab,2015-09-01,0,15431,15431,0,anti-TNF,rheumatology/gastro/derm
adalimumab,2015-10-01,0,15461,15461,0,anti-TNF,rheumatology/gastro/derm
adalimumab,2015-11-01,0,15012,15012,0,anti-TNF,rheumatology/gastro/derm
adalimumab,2015-12-01,0,17635,17635,0,anti-TNF,rheumatology/gastro/derm
adalimumab,2016-01-01,0,14474,14474,0,anti-TNF,rheumatology/gastro/derm
adalimumab,2016-02-01,0,15293,15293,0,anti-TNF,rheumatology/gastro/derm
adalimumab,2016-03-01,0,18340,18340,0,anti-TNF,rheumatology/gastro/derm
adalimumab,2016-04-01,0,16472,16472,0,anti-TNF,rheumatology/gastro/derm
adalimumab,2016-05-01,0,16386,16386,0,anti-TNF,rheumatology/gastro/derm
adalimumab,2016-06-01,0,17130,17130,0,anti-TNF,rheumatology/gastro/derm
adalimumab,2016-07-01,0,17117,17117,0,anti-TNF,rheumatology/gastro/derm
adalimumab,2016-08-01,0,16607,16607,0,anti-TNF,rheumatology/gastro/derm
adalimumab,2016-09-01,0,16457,16457,0,anti-TNF,rheumatology/gastro/derm
adalimumab,2016-10-01,0,16021,16021,0,anti-TNF,rheumatology/gastro/derm
adalimumab,2016-11-01,0,17271,17271,0,anti-TNF,rheumatology/gastro/derm
adalimumab,2016-12-01,0,19338,19338,0,anti-TNF,rheumatology/gastro/derm
adalimumab,2017-01-01,0,14914,14914,0,anti-TNF,rheumatology/gastro/derm
adalimumab,2017-02-01,0,15624,15624,0,anti-TNF,rheumatology/gastro/derm
adalimumab,2017-03-01,0,18502,18502,0,anti-TNF,rheumatology/gastro/derm
adalimumab,2017-04-01,0,17234,17234,0,anti-TNF,rheumatology/gastro/derm
adalimumab,2017-05-01,0,18142,18142,0,anti-TNF,rheumatology/gastro/derm
adalimumab,2017-06-01,0,18319,18319,0,anti-TNF,rheumatology/gastro/derm
adalimumab,2017-07-01,0,17206,17206,0,anti-TNF,rheumatology/gastro/derm
adalimumab,2017-08-01,0,18494,18494,0,anti-TNF,rheumatology/gastro/derm
adalimumab,2017-09-01,0,17739,17739,0,anti-TNF,rheumatology/gastro/derm
adalimumab,2017-10-01,0,17881,17881,0,anti-TNF,rheumatology/gastro/derm
adalimumab,2017-11-01,0,18694,18694,0,anti-TNF,rheumatology/gastro/derm
adalimumab,2017-12-01,0,20563,20563,0,anti-TNF,rheumatology/gastro/derm
adalimumab,2018-01-01,0,17653,17653,0,anti-TNF,rheumatology/gastro/derm
adalimumab,2018-02-01,0,17987,17987,0,anti-TNF,rheumatology/gastro/derm
adalimumab,2018-03-01,0,18728,18728,0,anti-TNF,rheumatology/gastro/derm
adalimumab,2018-04-01,0,18472,18472,0,anti-TNF,rheumatology/gastro/derm
adalimumab,2018-05-01,0,20588,20588,0,anti-TNF,rheumatology/gastro/derm
adalimumab,2018-06-01,0,17941,17941,0,anti-TNF,rheumatology/gastro/derm
adalimumab,2018-07-01,0,16396,16396,0,anti-TNF,rheumatology/gastro/derm
adalimumab,2018-08-01,0,24532,24532,0,anti-TNF,rheumatology/gastro/derm
adalimumab,2018-09-01,0,18610,18610,0,anti-TNF,rheumatology/gastro/derm
adalimumab,2018-10-01,0,17897,17897,0,anti-TNF,rheumatology/gastro/derm
adalimumab,2018-11-01,0,20029,20029,0,anti-TNF,rheumatology/gastro/derm
adalimumab,2018-12-01,0,21297,21297,0,anti-TNF,rheumatology/gastro/derm
adalimumab,2019-01-01,0,19355,19355,0,anti-TNF,rheumatology/gastro/derm
adalimumab,2019-02-01,0,19505,19505,0,anti-TNF,rheumatology/gastro/derm
adalimumab,2019-03-01,0,21740,21740,0,anti-TNF,rheumatology/gastro/derm
adalimumab,2019-04-01,0,18512,18512,0,anti-TNF,rheumatology/gastro/derm
adalimumab,2019-05-01,0,21153,21153,0,anti-TNF,rheumatology/gastro/derm
adalimumab,2019-06-01,0,21511,21511,0,anti-TNF,rheumatology/gastro/derm
adalimumab,2019-07-01,0,19758,19758,0,anti-TNF,rheumatology/gastro/derm
adalimumab,2019-08-01,0,21012,21012,0,anti-TNF,rheumatology/gastro/derm
adalimumab,2019-09-01,0,20110,20110,0,anti-TNF,rheumatology/gastro/derm
adalimumab,2019-10-01,0,20326,20326,0,anti-TNF,rheumatology/gastro/derm
adalimumab,2019-11-01,0,22178,22178,0,anti-TNF,rheumatology/gastro/derm
adalimumab,2019-12-01,0,21419,21419,0,anti-TNF,rheumatology/gastro/derm
adalimumab,2020-01-01,0,22446,22446,0,anti-TNF,rheumatology/gastro/derm
adalimumab,2020-02-01,0,20526,20526,0,anti-TNF,rheumatology/gastro/derm
adalimumab,2020-03-01,0,21612,21612,0,anti-TNF,rheumatology/gastro/derm
adalimumab,2020-04-01,0,22429,22429,0,anti-TNF,rheumatology/gastro/derm
adalimumab,2020-05-01,0,19463,19463,0,anti-TNF,rheumatology/gastro/derm
adalimumab,2020-06-01,0,19794,19794,0,anti-TNF,rheumatology/gastro/derm
adalimumab,2020-07-01,0,23229,23229,0,anti-TNF,rheumatology/gastro/derm
adalimumab,2020-08-01,0,22692,22692,0,anti-TNF,rheumatology/gastro/derm
adalimumab,2020-09-01,0,21641,21641,0,anti-TNF,rheumatology/gastro/derm
adalimumab,2020-10-01,0,23217,23217,0,anti-TNF,rheumatology/gastro/derm
adalimumab,2020-11-01,0,20304,20304,0,anti-TNF,rheumatology/gastro/derm
adalimumab,2020-12-01,0,23402,23402,0,anti-TNF,rheumatology/gastro/derm
adalimumab,2021-01-01,0,23143,23143,0,anti-TNF,rheumatology/gastro/derm
adalimumab,2021-02-01,0,22071,22071,0,anti-TNF,rheumatology/gastro/derm
adalimumab,2021-03-01,0,20323,20323,0,anti-TNF,rheumatology/gastro/derm
adalimumab,2021-04-01,21615,1554,23169,0.9329276188009841,anti-TNF,rheumatology/gastro/derm
adalimumab,2021-05-01,17808,4237,22045,0.8078022227262418,anti-TNF,rheumatology/gastro/derm
adalimumab,2021-06-01,13466,9167,22633,0.5949719436221447,anti-TNF,rheumatology/gastro/derm
adalimumab,2021-07-01,7428,17216,24644,0.30141210842395716,anti-TNF,rheumatology/gastro/derm
adalimumab,2021-08-01,6156,18891,25047,0.24577793747754223,anti-TNF,rheumatology/gastro/derm
adalimumab,2021-09-01,5151,19494,24645,0.20900791235544736,anti-TNF,rheumatology/gastro/derm
adalimumab,2021-10-01,4090,20652,24742,0.16530595748120605,anti-TNF,rheumatology/gastro/derm
adalimumab,2021-11-01,4207,21422,25629,0.16414998634359515,anti-TNF,rheumatology/gastro/derm
adalimumab,2021-12-01,4734,23320,28054,0.16874598987666642,anti-TNF,rheumatology/gastro/derm
adalimumab,2022-01-01,4050,20257,24307,0.1666186695190686,anti-TNF,rheumatology/gastro/derm
adalimumab,2022-02-01,4175,19587,23762,0.1757006985943944,anti-TNF,rheumatology/gastro/derm
adalimumab,2022-03-01,4690,22908,27598,0.16993985071381984,anti-TNF,rheumatology/gastro/derm
adalimumab,2022-04-01,4463,20979,25442,0.17541859916673216,anti-TNF,rheumatology/gastro/derm
adalimumab,2022-05-01,4812,22301,27113,0.1774794379080146,anti-TNF,rheumatology/gastro/derm
adalimumab,2022-06-01,4862,21810,26672,0.1822885422915417,anti-TNF,rheumatology/gastro/derm
adalimumab,2022-07-01,4984,21592,26576,0.18753762793497894,anti-TNF,rheumatology/gastro/derm
adalimumab,2022-08-01,5353,22200,27553,0.19428011468805576,anti-TNF,rheumatology/gastro/derm
adalimumab,2022-09-01,5207,21500,26707,0.19496761148762498,anti-TNF,rheumatology/gastro/derm
adalimumab,2022-10-01,5473,22100,27573,0.1984912776991985,anti-TNF,rheumatology/gastro/derm
adalimumab,2022-11-01,5620,22425,28045,0.20039222677839186,anti-TNF,rheumatology/gastro/derm
adalimumab,2022-12-01,6142,23419,29561,0.20777375596224756,anti-TNF,rheumatology/gastro/derm
adalimumab,2023-01-01,5408,21624,27032,0.2000591891092039,anti-TNF,rheumatology/gastro/derm
adalimumab,2023-02-01,5377,21123,26500,0.2029056603773585,anti-TNF,rheumatology/gastro/derm
adalimumab,2023-03-01,6419,26036,32455,0.19778154367585887,anti-TNF,rheumatology/gastro/derm
adalimumab,2023-04-01,4802,19897,24699,0.1944208267541196,anti-TNF,rheumatology/gastro/derm
adalimumab,2023-05-01,5779,22910,28689,0.20143609048764335,anti-TNF,rheumatology/gastro/derm
adalimumab,2023-06-01,5434,22419,27853,0.19509568089613327,anti-TNF,rheumatology/gastro/derm
adalimumab,2023-07-01,5528,22602,28130,0.1965161749022396,anti-TNF,rheumatology/gastro/derm
adalimumab,2023-08-01,6250,23700,29950,0.20868113522537562,anti-TNF,rheumatology/gastro/derm
adalimumab,2023-09-01,6165,21656,27821,0.221595197872111,anti-TNF,rheumatology/gastro/derm
adalimumab,2023-10-01,6711,23152,29863,0.22472624987442655,anti-TNF,rheumatology/gastro/derm
adalimumab,2023-11-01,6865,23045,29910,0.2295218990304246,anti-TNF,rheumatology/gastro/derm
adalimumab,2023-12-01,7316,23799,31115,0.23512775188815685,anti-TNF,rheumatology/gastro/derm
adalimumab,2024-01-01,6942,22394,29336,0.23663757840196345,anti-TNF,rheumatology/gastro/derm
adalimumab,2024-02-01,6913,21874,28787,0.24014312015840483,anti-TNF,rheumatology/gastro/derm
adalimumab,2024-03-01,7977,24843,32820,0.2430530164533821,anti-TNF,rheumatology/gastro/derm
adalimumab,2024-04-01,7259,22479,29738,0.24409845988297801,anti-TNF,rheumatology/gastro/derm
adalimumab,2024-05-01,7621,23947,31568,0.2414153573238723,anti-TNF,rheumatology/gastro/derm
adalimumab,2024-06-01,7229,22411,29640,0.24389338731443994,anti-TNF,rheumatology/gastro/derm
adalimumab,2024-07-01,8764,25007,33771,0.2595125995676764,anti-TNF,rheumatology/gastro/derm
adalimumab,2024-08-01,7801,23800,31601,0.24685927660517074,anti-TNF,rheumatology/gastro/derm
adalimumab,2024-09-01,8035,23661,31696,0.2535020191822312,anti-TNF,rheumatology/gastro/derm
adalimumab,2024-10-01,8577,24523,33100,0.2591238670694864,anti-TNF,rheumatology/gastro/derm
adalimumab,2024-11-01,8228,24090,32318,0.2545949625595643,anti-TNF,rheumatology/gastro/derm
adalimumab,2024-12-01,8972,26050,35022,0.25618182856490207,anti-TNF,rheumatology/gastro/derm
adalimumab,2025-01-01,8126,23802,31928,0.2545101478326234,anti-TNF,rheumatology/gastro/derm
adalimumab,2025-02-01,7743,22716,30459,0.25421057815424014,anti-TNF,rheumatology/gastro/derm
adalimumab,2025-03-01,8307,27360,35667,0.2329043653797628,anti-TNF,rheumatology/gastro/derm
adalimumab,2025-04-01,7154,24741,31895,0.2242984793854836,anti-TNF,rheumatology/gastro/derm
adalimumab,2025-05-01,7456,26437,33893,0.2199864278759626,anti-TNF,rheumatology/gastro/derm
adalimumab,2025-06-01,7085,25536,32621,0.2171913797860274,anti-TNF,rheumatology/gastro/derm
adalimumab,2025-07-01,7578,27056,34634,0.2188023329676041,anti-TNF,rheumatology/gastro/derm
adalimumab,2025-08-01,7229,26260,33489,0.215861924811132,anti-TNF,rheumatology/gastro/derm
adalimumab,2025-09-01,7701,27124,34825,0.22113424264178033,anti-TNF,rheumatology/gastro/derm
adalimumab,2025-10-01,7170,27563,34733,0.206431923530936,anti-TNF,rheumatology/gastro/derm
adalimumab,2025-11-01,6845,26719,33564,0.20393874389226552,anti-TNF,rheumatology/gastro/derm
aflibercept,2012-12-01,0,6,6,0,anti-VEGF,ophthalmology
aflibercept,2013-01-01,0,1693,1693,0,anti-VEGF,ophthalmology
aflibercept,2013-02-01,0,4349,4349,0,anti-VEGF,ophthalmology
aflibercept,2013-03-01,0,3957,3957,0,anti-VEGF,ophthalmology
aflibercept,2013-04-01,0,7602,7602,0,anti-VEGF,ophthalmology
aflibercept,2013-05-01,0,5022,5022,0,anti-VEGF,ophthalmology
aflibercept,2013-06-01,0,8326,8326,0,anti-VEGF,ophthalmology
aflibercept,2013-07-01,0,6067,6067,0,anti-VEGF,ophthalmology
aflibercept,2013-08-01,0,5735,5735,0,anti-VEGF,ophthalmology
aflibercept,2013-09-01,0,7017,7017,0,anti-VEGF,ophthalmology
aflibercept,2013-10-01,0,5872,5872,0,anti-VEGF,ophthalmology
aflibercept,2013-11-01,0,4638,4638,0,anti-VEGF,ophthalmology
aflibercept,2013-12-01,0,6772,6772,0,anti-VEGF,ophthalmology
aflibercept,2014-01-01,0,6650,6650,0,anti-VEGF,ophthalmology
aflibercept,2014-02-01,0,4547,4547,0,anti-VEGF,ophthalmology
aflibercept,2014-03-01,0,12937,12937,0,anti-VEGF,ophthalmology
aflibercept,2014-04-01,0,15062,15062,0,anti-VEGF,ophthalmology
aflibercept,2014-05-01,0,11994,11994,0,anti-VEGF,ophthalmology
aflibercept,2014-06-01,0,10673,10673,0,anti-VEGF,ophthalmology
aflibercept,2014-07-01,0,6630,6630,0,anti-VEGF,ophthalmology
aflibercept,2014-08-01,0,10430,10430,0,anti-VEGF,ophthalmology
aflibercept,2014-09-01,0,8119,8119,0,anti-VEGF,ophthalmology
aflibercept,2014-10-01,0,7995,7995,0,anti-VEGF,ophthalmology
aflibercept,2014-11-01,0,7415,7415,0,anti-VEGF,ophthalmology
aflibercept,2014-12-01,0,8339,8339,0,anti-VEGF,ophthalmology
aflibercept,2015-01-01,0,8059,8059,0,anti-VEGF,ophthalmology
aflibercept,2015-02-01,0,10986,10986,0,anti-VEGF,ophthalmology
aflibercept,2015-03-01,0,10334,10334,0,anti-VEGF,ophthalmology
aflibercept,2015-04-01,0,7876,7876,0,anti-VEGF,ophthalmology
aflibercept,2015-05-01,0,16670,16670,0,anti-VEGF,ophthalmology
aflibercept,2015-06-01,0,9129,9129,0,anti-VEGF,ophthalmology
aflibercept,2015-07-01,0,10825,10825,0,anti-VEGF,ophthalmology
aflibercept,2015-08-01,0,9622,9622,0,anti-VEGF,ophthalmology
aflibercept,2015-09-01,0,11199,11199,0,anti-VEGF,ophthalmology
aflibercept,2015-10-01,0,9271,9271,0,anti-VEGF,ophthalmology
aflibercept,2015-11-01,0,10340,10340,0,anti-VEGF,ophthalmology
aflibercept,2015-12-01,0,12090,12090,0,anti-VEGF,ophthalmology
aflibercept,2016-01-01,0,10454,10454,0,anti-VEGF,ophthalmology
aflibercept,2016-02-01,0,13694,13694,0,anti-VEGF,ophthalmology
aflibercept,2016-03-01,0,16740,16740,0,anti-VEGF,ophthalmology
aflibercept,2016-04-01,0,11768,11768,0,anti-VEGF,ophthalmology
aflibercept,2016-05-01,0,12699,12699,0,anti-VEGF,ophthalmology
aflibercept,2016-06-01,0,14157,14157,0,anti-VEGF,ophthalmology
aflibercept,2016-07-01,0,13396,13396,0,anti-VEGF,ophthalmology
aflibercept,2016-08-01,0,13628,13628,0,anti-VEGF,ophthalmology
aflibercept,2016-09-01,0,13876,13876,0,anti-VEGF,ophthalmology
aflibercept,2016-10-01,0,14622,14622,0,anti-VEGF,ophthalmology
aflibercept,2016-11-01,0,15742,15742,0,anti-VEGF,ophthalmology
aflibercept,2016-12-01,0,18688,18688,0,anti-VEGF,ophthalmology
aflibercept,2017-01-01,0,13727,13727,0,anti-VEGF,ophthalmology
aflibercept,2017-02-01,0,13282,13282,0,anti-VEGF,ophthalmology
aflibercept,2017-03-01,0,17319,17319,0,anti-VEGF,ophthalmology
aflibercept,2017-04-01,0,15079,15079,0,anti-VEGF,ophthalmology
aflibercept,2017-05-01,0,20060,20060,0,anti-VEGF,ophthalmology
aflibercept,2017-06-01,0,18507,18507,0,anti-VEGF,ophthalmology
aflibercept,2017-07-01,0,17157,17157,0,anti-VEGF,ophthalmology
aflibercept,2017-08-01,0,18323,18323,0,anti-VEGF,ophthalmology
aflibercept,2017-09-01,0,17170,17170,0,anti-VEGF,ophthalmology
aflibercept,2017-10-01,0,23569,23569,0,anti-VEGF,ophthalmology
aflibercept,2017-11-01,0,20403,20403,0,anti-VEGF,ophthalmology
aflibercept,2017-12-01,0,21427,21427,0,anti-VEGF,ophthalmology
aflibercept,2018-01-01,0,19227,19227,0,anti-VEGF,ophthalmology
aflibercept,2018-02-01,0,19785,19785,0,anti-VEGF,ophthalmology
aflibercept,2018-03-01,0,19952,19952,0,anti-VEGF,ophthalmology
aflibercept,2018-04-01,0,18606,18606,0,anti-VEGF,ophthalmology
aflibercept,2018-05-01,0,22736,22736,0,anti-VEGF,ophthalmology
aflibercept,2018-06-01,0,21517,21517,0,anti-VEGF,ophthalmology
aflibercept,2018-07-01,0,17659,17659,0,anti-VEGF,ophthalmology
aflibercept,2018-08-01,0,21903,21903,0,anti-VEGF,ophthalmology
aflibercept,2018-09-01,0,20098,20098,0,anti-VEGF,ophthalmology
aflibercept,2018-10-01,0,21155,21155,0,anti-VEGF,ophthalmology
aflibercept,2018-11-01,0,20685,20685,0,anti-VEGF,ophthalmology
aflibercept,2018-12-01,0,24196,24196,0,anti-VEGF,ophthalmology
aflibercept,2019-01-01,0,23426,23426,0,anti-VEGF,ophthalmology
aflibercept,2019-02-01,0,19343,19343,0,anti-VEGF,ophthalmology
aflibercept,2019-03-01,0,20551,20551,0,anti-VEGF,ophthalmology
aflibercept,2019-04-01,0,20349,20349,0,anti-VEGF,ophthalmology
aflibercept,2019-05-01,0,33050,33050,0,anti-VEGF,ophthalmology
aflibercept,2019-06-01,0,25567,25567,0,anti-VEGF,ophthalmology
aflibercept,2019-07-01,0,22127,22127,0,anti-VEGF,ophthalmology
aflibercept,2019-08-01,0,20494,20494,0,anti-VEGF,ophthalmology
aflibercept,2019-09-01,0,27930,27930,0,anti-VEGF,ophthalmology
aflibercept,2019-10-01,0,23404,23404,0,anti-VEGF,ophthalmology
aflibercept,2019-11-01,0,21318,21318,0,anti-VEGF,ophthalmology
aflibercept,2019-12-01,0,27372,27372,0,anti-VEGF,ophthalmology
aflibercept,2020-01-01,0,26020,26020,0,anti-VEGF,ophthalmology
aflibercept,2020-02-01,0,26144,26144,0,anti-VEGF,ophthalmology
aflibercept,2020-03-01,0,23956,23956,0,anti-VEGF,ophthalmology
aflibercept,2020-04-01,0,22080,22080,0,anti-VEGF,ophthalmology
aflibercept,2020-05-01,0,25517,25517,0,anti-VEGF,ophthalmology
aflibercept,2020-06-01,0,21777,21777,0,anti-VEGF,ophthalmology
aflibercept,2020-07-01,0,29877,29877,0,anti-VEGF,ophthalmology
aflibercept,2020-08-01,0,25632,25632,0,anti-VEGF,ophthalmology
aflibercept,2020-09-01,0,27142,27142,0,anti-VEGF,ophthalmology
aflibercept,2020-10-01,0,24764,24764,0,anti-VEGF,ophthalmology
aflibercept,2020-11-01,0,29082,29082,0,anti-VEGF,ophthalmology
aflibercept,2020-12-01,0,37972,37972,0,anti-VEGF,ophthalmology
aflibercept,2021-01-01,0,28511,28511,0,anti-VEGF,ophthalmology
aflibercept,2021-02-01,0,32756,32756,0,anti-VEGF,ophthalmology
aflibercept,2021-03-01,0,27984,27984,0,anti-VEGF,ophthalmology
aflibercept,2021-04-01,0,29815,29815,0,anti-VEGF,ophthalmology
aflibercept,2021-05-01,0,31242,31242,0,anti-VEGF,ophthalmology
aflibercept,2021-06-01,0,31568,31568,0,anti-VEGF,ophthalmology
aflibercept,2021-07-01,0,34257,34257,0,anti-VEGF,ophthalmology
aflibercept,2021-08-01,0,33962,33962,0,anti-VEGF,ophthalmology
aflibercept,2021-09-01,0,34254,34254,0,anti-VEGF,ophthalmology
aflibercept,2021-10-01,0,32847,32847,0,anti-VEGF,ophthalmology
aflibercept,2021-11-01,0,36150,36150,0,anti-VEGF,ophthalmology
aflibercept,2021-12-01,0,34513,34513,0,anti-VEGF,ophthalmology
aflibercept,2022-01-01,0,31448,31448,0,anti-VEGF,ophthalmology
aflibercept,2022-02-01,0,34051,34051,0,anti-VEGF,ophthalmology
aflibercept,2022-03-01,0,39595,39595,0,anti-VEGF,ophthalmology
aflibercept,2022-04-01,0,32600,32600,0,anti-VEGF,ophthalmology
aflibercept,2022-05-01,0,36888,36888,0,anti-VEGF,ophthalmology
aflibercept,2022-06-01,0,38623,38623,0,anti-VEGF,ophthalmology
aflibercept,2022-07-01,0,34979,34979,0,anti-VEGF,ophthalmology
aflibercept,2022-08-01,0,41127,41127,0,anti-VEGF,ophthalmology
aflibercept,2022-09-01,0,42940,42940,0,anti-VEGF,ophthalmology
aflibercept,2022-10-01,0,33936,33936,0,anti-VEGF,ophthalmology
aflibercept,2022-11-01,0,41068,41068,0,anti-VEGF,ophthalmology
aflibercept,2022-12-01,0,37634,37634,0,anti-VEGF,ophthalmology
aflibercept,2023-01-01,0,39855,39855,0,anti-VEGF,ophthalmology
aflibercept,2023-02-01,0,36443,36443,0,anti-VEGF,ophthalmology
aflibercept,2023-03-01,0,45426,45426,0,anti-VEGF,ophthalmology
aflibercept,2023-04-01,0,27770,27770,0,anti-VEGF,ophthalmology
aflibercept,2023-05-01,0,39365,39365,0,anti-VEGF,ophthalmology
aflibercept,2023-06-01,0,35936,35936,0,anti-VEGF,ophthalmology
aflibercept,2023-07-01,0,34632,34632,0,anti-VEGF,ophthalmology
aflibercept,2023-08-01,0,38423,38423,0,anti-VEGF,ophthalmology
aflibercept,2023-09-01,0,34298,34298,0,anti-VEGF,ophthalmology
aflibercept,2023-10-01,0,36388,36388,0,anti-VEGF,ophthalmology
aflibercept,2023-11-01,0,37292,37292,0,anti-VEGF,ophthalmology
aflibercept,2023-12-01,0,34189,34189,0,anti-VEGF,ophthalmology
aflibercept,2024-01-01,0,37762,37762,0,anti-VEGF,ophthalmology
aflibercept,2024-02-01,0,36911,36911,0,anti-VEGF,ophthalmology
aflibercept,2024-03-01,0,34816,34816,0,anti-VEGF,ophthalmology
aflibercept,2024-04-01,0,36692,36692,0,anti-VEGF,ophthalmology
aflibercept,2024-05-01,0,39521,39521,0,anti-VEGF,ophthalmology
aflibercept,2024-06-01,0,35490,35490,0,anti-VEGF,ophthalmology
aflibercept,2024-07-01,0,40455,40455,0,anti-VEGF,ophthalmology
aflibercept,2024-08-01,0,38022,38022,0,anti-VEGF,ophthalmology
aflibercept,2024-09-01,0,36354,36354,0,anti-VEGF,ophthalmology
aflibercept,2024-10-01,0,42152,42152,0,anti-VEGF,ophthalmology
aflibercept,2024-11-01,0,40139,40139,0,anti-VEGF,ophthalmology
aflibercept,2024-12-01,0,40872,40872,0,anti-VEGF,ophthalmology
aflibercept,2025-01-01,0,41971,41971,0,anti-VEGF,ophthalmology
aflibercept,2025-02-01,0,40241,40241,0,anti-VEGF,ophthalmology
aflibercept,2025-03-01,0,40878,40878,0,anti-VEGF,ophthalmology
aflibercept,2025-04-01,0,40506,40506,0,anti-VEGF,ophthalmology
aflibercept,2025-05-01,0,43517,43517,0,anti-VEGF,ophthalmology
aflibercept,2025-06-01,0,39972,39972,0,anti-VEGF,ophthalmology
aflibercept,2025-07-01,0,44002,44002,0,anti-VEGF,ophthalmology
aflibercept,2025-08-01,0,38841,38841,0,anti-VEGF,ophthalmology
aflibercept,2025-09-01,0,40622,40622,0,anti-VEGF,ophthalmology
aflibercept,2025-10-01,0,43142,43142,0,anti-VEGF,ophthalmology
aflibercept,2025-11-01,0,38393,38393,0,anti-VEGF,ophthalmology
bevacizumab,2009-07-01,0,69,69,0,anti-VEGF,oncology
bevacizumab,2009-08-01,0,489,489,0,anti-VEGF,oncology
bevacizumab,2009-09-01,0,913,913,0,anti-VEGF,oncology
bevacizumab,2009-10-01,0,1334,1334,0,anti-VEGF,oncology
bevacizumab,2009-11-01,0,1331,1331,0,anti-VEGF,oncology
bevacizumab,2009-12-01,0,1338,1338,0,anti-VEGF,oncology
bevacizumab,2010-01-01,0,1899,1899,0,anti-VEGF,oncology
bevacizumab,2010-02-01,0,1687,1687,0,anti-VEGF,oncology
bevacizumab,2010-03-01,0,1931,1931,0,anti-VEGF,oncology
bevacizumab,2010-04-01,0,1971,1971,0,anti-VEGF,oncology
bevacizumab,2010-05-01,0,2074,2074,0,anti-VEGF,oncology
bevacizumab,2010-06-01,0,2048,2048,0,anti-VEGF,oncology
bevacizumab,2010-07-01,0,2517,2517,0,anti-VEGF,oncology
bevacizumab,2010-08-01,0,2400,2400,0,anti-VEGF,oncology
bevacizumab,2010-09-01,0,2310,2310,0,anti-VEGF,oncology
bevacizumab,2010-10-01,0,2773,2773,0,anti-VEGF,oncology
bevacizumab,2010-11-01,0,2452,2452,0,anti-VEGF,oncology
bevacizumab,2010-12-01,0,2115,2115,0,anti-VEGF,oncology
bevacizumab,2011-01-01,0,2765,2765,0,anti-VEGF,oncology
bevacizumab,2011-02-01,0,2384,2384,0,anti-VEGF,oncology
bevacizumab,2011-03-01,0,3218,3218,0,anti-VEGF,oncology
bevacizumab,2011-04-01,0,2862,2862,0,anti-VEGF,oncology
bevacizumab,2011-05-01,0,2639,2639,0,anti-VEGF,oncology
bevacizumab,2011-06-01,0,2919,2919,0,anti-VEGF,oncology
bevacizumab,2011-07-01,0,3207,3207,0,anti-VEGF,oncology
bevacizumab,2011-08-01,0,3075,3075,0,anti-VEGF,oncology
bevacizumab,2011-09-01,0,2764,2764,0,anti-VEGF,oncology
bevacizumab,2011-10-01,0,2599,2599,0,anti-VEGF,oncology
bevacizumab,2011-11-01,0,2548,2548,0,anti-VEGF,oncology
bevacizumab,2011-12-01,0,2154,2154,0,anti-VEGF,oncology
bevacizumab,2012-01-01,0,2657,2657,0,anti-VEGF,oncology
bevacizumab,2012-02-01,0,1879,1879,0,anti-VEGF,oncology
bevacizumab,2012-03-01,0,2861,2861,0,anti-VEGF,oncology
bevacizumab,2012-04-01,0,2525,2525,0,anti-VEGF,oncology
bevacizumab,2012-05-01,0,3425,3425,0,anti-VEGF,oncology
bevacizumab,2012-06-01,0,2842,2842,0,anti-VEGF,oncology
bevacizumab,2012-07-01,0,2241,2241,0,anti-VEGF,oncology
bevacizumab,2012-08-01,0,2026,2026,0,anti-VEGF,oncology
bevacizumab,2012-09-01,0,3149,3149,0,anti-VEGF,oncology
bevacizumab,2012-10-01,0,2577,2577,0,anti-VEGF,oncology
bevacizumab,2012-11-01,0,2752,2752,0,anti-VEGF,oncology
bevacizumab,2012-12-01,0,1625,1625,0,anti-VEGF,oncology
bevacizumab,2013-01-01,0,2891,2891,0,anti-VEGF,oncology
bevacizumab,2013-02-01,0,2405,2405,0,anti-VEGF,oncology
bevacizumab,2013-03-01,0,2549,2549,0,anti-VEGF,oncology
bevacizumab,2013-04-01,0,2208,2208,0,anti-VEGF,oncology
bevacizumab,2013-05-01,0,2978,2978,0,anti-VEGF,oncology
bevacizumab,2013-06-01,0,2615,2615,0,anti-VEGF,oncology
bevacizumab,2013-07-01,0,2353,2353,0,anti-VEGF,oncology
bevacizumab,2013-08-01,0,2711,2711,0,anti-VEGF,oncology
bevacizumab,2013-09-01,0,3020,3020,0,anti-VEGF,oncology
bevacizumab,2013-10-01,0,2293,2293,0,anti-VEGF,oncology
bevacizumab,2013-11-01,0,2447,2447,0,anti-VEGF,oncology
bevacizumab,2013-12-01,0,2598,2598,0,anti-VEGF,oncology
bevacizumab,2014-01-01,0,2667,2667,0,anti-VEGF,oncology
bevacizumab,2014-02-01,0,2364,2364,0,anti-VEGF,oncology
bevacizumab,2014-03-01,0,3009,3009,0,anti-VEGF,oncology
bevacizumab,2014-04-01,0,2770,2770,0,anti-VEGF,oncology
bevacizumab,2014-05-01,0,3873,3873,0,anti-VEGF,oncology
bevacizumab,2014-06-01,0,2948,2948,0,anti-VEGF,oncology
bevacizumab,2014-07-01,0,2243,2243,0,anti-VEGF,oncology
bevacizumab,2014-08-01,0,2629,2629,0,anti-VEGF,oncology
bevacizumab,2014-09-01,0,2473,2473,0,anti-VEGF,oncology
bevacizumab,2014-10-01,0,2619,2619,0,anti-VEGF,oncology
bevacizumab,2014-11-01,0,2606,2606,0,anti-VEGF,oncology
bevacizumab,2014-12-01,0,2453,2453,0,anti-VEGF,oncology
bevacizumab,2015-01-01,0,2802,2802,0,anti-VEGF,oncology
bevacizumab,2015-02-01,0,3267,3267,0,anti-VEGF,oncology
bevacizumab,2015-03-01,0,3298,3298,0,anti-VEGF,oncology
bevacizumab,2015-04-01,0,2569,2569,0,anti-VEGF,oncology
bevacizumab,2015-05-01,0,4978,4978,0,anti-VEGF,oncology
bevacizumab,2015-06-01,0,3242,3242,0,anti-VEGF,oncology
bevacizumab,2015-07-01,0,3461,3461,0,anti-VEGF,oncology
bevacizumab,2015-08-01,0,3082,3082,0,anti-VEGF,oncology
bevacizumab,2015-09-01,0,2896,2896,0,anti-VEGF,oncology
bevacizumab,2015-10-01,0,3016,3016,0,anti-VEGF,oncology
bevacizumab,2015-11-01,0,2917,2917,0,anti-VEGF,oncology
bevacizumab,2015-12-01,0,3039,3039,0,anti-VEGF,oncology
bevacizumab,2016-01-01,0,3044,3044,0,anti-VEGF,oncology
bevacizumab,2016-02-01,0,3039,3039,0,anti-VEGF,oncology
bevacizumab,2016-03-01,0,3676,3676,0,anti-VEGF,oncology
bevacizumab,2016-04-01,0,2994,2994,0,anti-VEGF,oncology
bevacizumab,2016-05-01,0,3297,3297,0,anti-VEGF,oncology
bevacizumab,2016-06-01,0,2989,2989,0,anti-VEGF,oncology
bevacizumab,2016-07-01,0,3499,3499,0,anti-VEGF,oncology
bevacizumab,2016-08-01,0,3089,3089,0,anti-VEGF,oncology
bevacizumab,2016-09-01,0,3089,3089,0,anti-VEGF,oncology
bevacizumab,2016-10-01,0,2929,2929,0,anti-VEGF,oncology
bevacizumab,2016-11-01,0,3012,3012,0,anti-VEGF,oncology
bevacizumab,2016-12-01,0,3438,3438,0,anti-VEGF,oncology
bevacizumab,2017-01-01,0,2797,2797,0,anti-VEGF,oncology
bevacizumab,2017-02-01,0,3106,3106,0,anti-VEGF,oncology
bevacizumab,2017-03-01,0,3731,3731,0,anti-VEGF,oncology
bevacizumab,2017-04-01,0,2890,2890,0,anti-VEGF,oncology
bevacizumab,2017-05-01,0,2939,2939,0,anti-VEGF,oncology
bevacizumab,2017-06-01,0,3762,3762,0,anti-VEGF,oncology
bevacizumab,2017-07-01,0,2768,2768,0,anti-VEGF,oncology
bevacizumab,2017-08-01,0,3247,3247,0,anti-VEGF,oncology
bevacizumab,2017-09-01,0,3292,3292,0,anti-VEGF,oncology
bevacizumab,2017-10-01,0,2766,2766,0,anti-VEGF,oncology
bevacizumab,2017-11-01,0,3428,3428,0,anti-VEGF,oncology
bevacizumab,2017-12-01,0,2938,2938,0,anti-VEGF,oncology
bevacizumab,2018-01-01,0,2772,2772,0,anti-VEGF,oncology
bevacizumab,2018-02-01,0,3254,3254,0,anti-VEGF,oncology
bevacizumab,2018-03-01,0,3237,3237,0,anti-VEGF,oncology
bevacizumab,2018-04-01,0,2592,2592,0,anti-VEGF,oncology
bevacizumab,2018-05-01,0,3855,3855,0,anti-VEGF,oncology
bevacizumab,2018-06-01,0,3015,3015,0,anti-VEGF,oncology
bevacizumab,2018-07-01,0,2793,2793,0,anti-VEGF,oncology
bevacizumab,2018-08-01,0,3171,3171,0,anti-VEGF,oncology
bevacizumab,2018-09-01,0,2982,2982,0,anti-VEGF,oncology
bevacizumab,2018-10-01,0,2958,2958,0,anti-VEGF,oncology
bevacizumab,2018-11-01,0,3035,3035,0,anti-VEGF,oncology
bevacizumab,2018-12-01,0,2953,2953,0,anti-VEGF,oncology
bevacizumab,2019-01-01,0,2828,2828,0,anti-VEGF,oncology
bevacizumab,2019-02-01,0,2715,2715,0,anti-VEGF,oncology
bevacizumab,2019-03-01,0,3061,3061,0,anti-VEGF,oncology
bevacizumab,2019-04-01,0,2393,2393,0,anti-VEGF,oncology
bevacizumab,2019-05-01,0,3425,3425,0,anti-VEGF,oncology
bevacizumab,2019-06-01,0,3203,3203,0,anti-VEGF,oncology
bevacizumab,2019-07-01,0,2847,2847,0,anti-VEGF,oncology
bevacizumab,2019-08-01,0,3109,3109,0,anti-VEGF,oncology
bevacizumab,2019-09-01,0,2790,2790,0,anti-VEGF,oncology
bevacizumab,2019-10-01,0,3001,3001,0,anti-VEGF,oncology
bevacizumab,2019-11-01,0,3476,3476,0,anti-VEGF,oncology
bevacizumab,2019-12-01,0,3332,3332,0,anti-VEGF,oncology
bevacizumab,2020-01-01,0,3729,3729,0,anti-VEGF,oncology
bevacizumab,2020-02-01,0,3360,3360,0,anti-VEGF,oncology
bevacizumab,2020-03-01,0,3144,3144,0,anti-VEGF,oncology
bevacizumab,2020-04-01,0,3737,3737,0,anti-VEGF,oncology
bevacizumab,2020-05-01,0,3781,3781,0,anti-VEGF,oncology
bevacizumab,2020-06-01,0,3351,3351,0,anti-VEGF,oncology
bevacizumab,2020-07-01,0,3812,3812,0,anti-VEGF,oncology
bevacizumab,2020-08-01,0,3887,3887,0,anti-VEGF,oncology
bevacizumab,2020-09-01,0,3446,3446,0,anti-VEGF,oncology
bevacizumab,2020-10-01,0,3617,3617,0,anti-VEGF,oncology
bevacizumab,2020-11-01,0,3276,3276,0,anti-VEGF,oncology
bevacizumab,2020-12-01,0,4041,4041,0,anti-VEGF,oncology
bevacizumab,2021-01-01,0,3571,3571,0,anti-VEGF,oncology
bevacizumab,2021-02-01,0,3996,3996,0,anti-VEGF,oncology
bevacizumab,2021-03-01,0,4007,4007,0,anti-VEGF,oncology
bevacizumab,2021-04-01,0,4272,4272,0,anti-VEGF,oncology
bevacizumab,2021-05-01,0,3971,3971,0,anti-VEGF,oncology
bevacizumab,2021-06-01,1918,1950,3868,0.49586349534643226,anti-VEGF,oncology
bevacizumab,2021-07-01,4628,517,5145,0.899514091350826,anti-VEGF,oncology
bevacizumab,2021-08-01,4908,115,5023,0.977105315548477,anti-VEGF,oncology
bevacizumab,2021-09-01,4878,91,4969,0.9816864560273697,anti-VEGF,oncology
bevacizumab,2021-10-01,4754,27,4781,0.9943526458899812,anti-VEGF,oncology
bevacizumab,2021-11-01,5245,14,5259,0.9973378969385814,anti-VEGF,oncology
bevacizumab,2021-12-01,4892,75,4967,0.9849003422589088,anti-VEGF,oncology
bevacizumab,2022-01-01,4720,9,4729,0.9980968492281667,anti-VEGF,oncology
bevacizumab,2022-02-01,4658,2,4660,0.9995708154506437,anti-VEGF,oncology
bevacizumab,2022-03-01,5458,36,5494,0.9934473971605388,anti-VEGF,oncology
bevacizumab,2022-04-01,4710,202,4912,0.9588762214983714,anti-VEGF,oncology
bevacizumab,2022-05-01,5105,182,5287,0.9655759409873274,anti-VEGF,oncology
bevacizumab,2022-06-01,5191,109,5300,0.9794339622641509,anti-VEGF,oncology
bevacizumab,2022-07-01,4755,0,4755,1,anti-VEGF,oncology
bevacizumab,2022-08-01,5401,0,5401,1,anti-VEGF,oncology
bevacizumab,2022-09-01,5026,0,5026,1,anti-VEGF,oncology
bevacizumab,2022-10-01,4945,0,4945,1,anti-VEGF,oncology
bevacizumab,2022-11-01,5149,0,5149,1,anti-VEGF,oncology
bevacizumab,2022-12-01,4929,0,4929,1,anti-VEGF,oncology
bevacizumab,2023-01-01,5216,0,5216,1,anti-VEGF,oncology
bevacizumab,2023-02-01,5096,0,5096,1,anti-VEGF,oncology
bevacizumab,2023-03-01,5675,0,5675,1,anti-VEGF,oncology
bevacizumab,2023-04-01,4805,0,4805,1,anti-VEGF,oncology
bevacizumab,2023-05-01,5984,0,5984,1,anti-VEGF,oncology
bevacizumab,2023-06-01,5551,0,5551,1,anti-VEGF,oncology
bevacizumab,2023-07-01,5499,0,5499,1,anti-VEGF,oncology
bevacizumab,2023-08-01,6075,0,6075,1,anti-VEGF,oncology
bevacizumab,2023-09-01,5690,0,5690,1,anti-VEGF,oncology
bevacizumab,2023-10-01,5959,0,5959,1,anti-VEGF,oncology
bevacizumab,2023-11-01,5926,0,5926,1,anti-VEGF,oncology
bevacizumab,2023-12-01,5279,0,5279,1,anti-VEGF,oncology
bevacizumab,2024-01-01,6171,0,6171,1,anti-VEGF,oncology
bevacizumab,2024-02-01,5654,0,5654,1,anti-VEGF,oncology
bevacizumab,2024-03-01,5742,0,5742,1,anti-VEGF,oncology
bevacizumab,2024-04-01,5906,0,5906,1,anti-VEGF,oncology
bevacizumab,2024-05-01,6280,0,6280,1,anti-VEGF,oncology
bevacizumab,2024-06-01,5473,0,5473,1,anti-VEGF,oncology
bevacizumab,2024-07-01,6454,0,6454,1,anti-VEGF,oncology
bevacizumab,2024-08-01,5940,0,5940,1,anti-VEGF,oncology
bevacizumab,2024-09-01,5886,0,5886,1,anti-VEGF,oncology
bevacizumab,2024-10-01,6500,0,6500,1,anti-VEGF,oncology
bevacizumab,2024-11-01,5883,0,5883,1,anti-VEGF,oncology
bevacizumab,2024-12-01,5861,0,5861,1,anti-VEGF,oncology
bevacizumab,2025-01-01,6308,0,6308,1,anti-VEGF,oncology
bevacizumab,2025-02-01,5843,0,5843,1,anti-VEGF,oncology
bevacizumab,2025-03-01,5983,0,5983,1,anti-VEGF,oncology
bevacizumab,2025-04-01,6217,0,6217,1,anti-VEGF,oncology
bevacizumab,2025-05-01,6351,0,6351,1,anti-VEGF,oncology
bevacizumab,2025-06-01,6113,0,6113,1,anti-VEGF,oncology
bevacizumab,2025-07-01,6634,0,6634,1,anti-VEGF,oncology
bevacizumab,2025-08-01,6144,0,6144,1,anti-VEGF,oncology
bevacizumab,2025-09-01,6451,0,6451,1,anti-VEGF,oncology
bevacizumab,2025-10-01,6725,0,6725,1,anti-VEGF,oncology
bevacizumab,2025-11-01,5765,0,5765,1,anti-VEGF,oncology
etanercept,2009-01-01,0,4624,4624,0,anti-TNF,rheumatology
etanercept,2009-02-01,0,4610,4610,0,anti-TNF,rheumatology
etanercept,2009-03-01,0,5134,5134,0,anti-TNF,rheumatology
etanercept,2009-04-01,0,5217,5217,0,anti-TNF,rheumatology
etanercept,2009-05-01,0,5061,5061,0,anti-TNF,rheumatology
etanercept,2009-06-01,0,4678,4678,0,anti-TNF,rheumatology
etanercept,2009-07-01,0,5188,5188,0,anti-TNF,rheumatology
etanercept,2009-08-01,0,4717,4717,0,anti-TNF,rheumatology
etanercept,2009-09-01,0,4812,4812,0,anti-TNF,rheumatology
etanercept,2009-10-01,0,5469,5469,0,anti-TNF,rheumatology
etanercept,2009-11-01,0,5387,5387,0,anti-TNF,rheumatology
etanercept,2009-12-01,0,5233,5233,0,anti-TNF,rheumatology
etanercept,2010-01-01,0,6835,6835,0,anti-TNF,rheumatology
etanercept,2010-02-01,0,5297,5297,0,anti-TNF,rheumatology
etanercept,2010-03-01,0,5990,5990,0,anti-TNF,rheumatology
etanercept,2010-04-01,0,4581,4581,0,anti-TNF,rheumatology
etanercept,2010-05-01,0,5847,5847,0,anti-TNF,rheumatology
etanercept,2010-06-01,0,5500,5500,0,anti-TNF,rheumatology
etanercept,2010-07-01,0,5908,5908,0,anti-TNF,rheumatology
etanercept,2010-08-01,0,5054,5054,0,anti-TNF,rheumatology
etanercept,2010-09-01,0,5876,5876,0,anti-TNF,rheumatology
etanercept,2010-10-01,0,5887,5887,0,anti-TNF,rheumatology
etanercept,2010-11-01,0,6046,6046,0,anti-TNF,rheumatology
etanercept,2010-12-01,0,4632,4632,0,anti-TNF,rheumatology
etanercept,2011-01-01,0,5529,5529,0,anti-TNF,rheumatology
etanercept,2011-02-01,0,5588,5588,0,anti-TNF,rheumatology
etanercept,2011-03-01,0,6472,6472,0,anti-TNF,rheumatology
etanercept,2011-04-01,0,5827,5827,0,anti-TNF,rheumatology
etanercept,2011-05-01,0,5715,5715,0,anti-TNF,rheumatology
etanercept,2011-06-01,0,5599,5599,0,anti-TNF,rheumatology
etanercept,2011-07-01,0,6554,6554,0,anti-TNF,rheumatology
etanercept,2011-08-01,0,6146,6146,0,anti-TNF,rheumatology
etanercept,2011-09-01,0,5663,5663,0,anti-TNF,rheumatology
etanercept,2011-10-01,0,5226,5226,0,anti-TNF,rheumatology
etanercept,2011-11-01,0,5283,5283,0,anti-TNF,rheumatology
etanercept,2011-12-01,0,4564,4564,0,anti-TNF,rheumatology
etanercept,2012-01-01,0,5460,5460,0,anti-TNF,rheumatology
etanercept,2012-02-01,0,4285,4285,0,anti-TNF,rheumatology
etanercept,2012-03-01,0,6345,6345,0,anti-TNF,rheumatology
etanercept,2012-04-01,0,6190,6190,0,anti-TNF,rheumatology
etanercept,2012-05-01,0,7837,7837,0,anti-TNF,rheumatology
etanercept,2012-06-01,0,10898,10898,0,anti-TNF,rheumatology
etanercept,2012-07-01,0,6174,6174,0,anti-TNF,rheumatology
etanercept,2012-08-01,0,6722,6722,0,anti-TNF,rheumatology
etanercept,2012-09-01,0,8964,8964,0,anti-TNF,rheumatology
etanercept,2012-10-01,0,7212,7212,0,anti-TNF,rheumatology
etanercept,2012-11-01,0,6892,6892,0,anti-TNF,rheumatology
etanercept,2012-12-01,0,4654,4654,0,anti-TNF,rheumatology
etanercept,2013-01-01,0,7950,7950,0,anti-TNF,rheumatology
etanercept,2013-02-01,0,6287,6287,0,anti-TNF,rheumatology
etanercept,2013-03-01,0,5068,5068,0,anti-TNF,rheumatology
etanercept,2013-04-01,0,6311,6311,0,anti-TNF,rheumatology
etanercept,2013-05-01,0,7078,7078,0,anti-TNF,rheumatology
etanercept,2013-06-01,0,7010,7010,0,anti-TNF,rheumatology
etanercept,2013-07-01,0,6060,6060,0,anti-TNF,rheumatology
etanercept,2013-08-01,0,6024,6024,0,anti-TNF,rheumatology
etanercept,2013-09-01,0,5952,5952,0,anti-TNF,rheumatology
etanercept,2013-10-01,0,5246,5246,0,anti-TNF,rheumatology
etanercept,2013-11-01,0,5412,5412,0,anti-TNF,rheumatology
etanercept,2013-12-01,0,5275,5275,0,anti-TNF,rheumatology
etanercept,2014-01-01,0,5754,5754,0,anti-TNF,rheumatology
etanercept,2014-02-01,0,4106,4106,0,anti-TNF,rheumatology
etanercept,2014-03-01,0,12263,12263,0,anti-TNF,rheumatology
etanercept,2014-04-01,0,15142,15142,0,anti-TNF,rheumatology
etanercept,2014-05-01,0,9947,9947,0,anti-TNF,rheumatology
etanercept,2014-06-01,0,8422,8422,0,anti-TNF,rheumatology
etanercept,2014-07-01,0,6857,6857,0,anti-TNF,rheumatology
etanercept,2014-08-01,0,7667,7667,0,anti-TNF,rheumatology
etanercept,2014-09-01,0,6594,6594,0,anti-TNF,rheumatology
etanercept,2014-10-01,0,6322,6322,0,anti-TNF,rheumatology
etanercept,2014-11-01,0,7450,7450,0,anti-TNF,rheumatology
etanercept,2014-12-01,0,6333,6333,0,anti-TNF,rheumatology
etanercept,2015-01-01,0,7290,7290,0,anti-TNF,rheumatology
etanercept,2015-02-01,0,9892,9892,0,anti-TNF,rheumatology
etanercept,2015-03-01,0,8177,8177,0,anti-TNF,rheumatology
etanercept,2015-04-01,0,6644,6644,0,anti-TNF,rheumatology
etanercept,2015-05-01,0,12798,12798,0,anti-TNF,rheumatology
etanercept,2015-06-01,0,9341,9341,0,anti-TNF,rheumatology
etanercept,2015-07-01,0,9386,9386,0,anti-TNF,rheumatology
etanercept,2015-08-01,0,7949,7949,0,anti-TNF,rheumatology
etanercept,2015-09-01,0,7779,7779,0,anti-TNF,rheumatology
etanercept,2015-10-01,0,7929,7929,0,anti-TNF,rheumatology
etanercept,2015-11-01,0,7647,7647,0,anti-TNF,rheumatology
etanercept,2015-12-01,0,8919,8919,0,anti-TNF,rheumatology
etanercept,2016-01-01,0,6998,6998,0,anti-TNF,rheumatology
etanercept,2016-02-01,0,7695,7695,0,anti-TNF,rheumatology
etanercept,2016-03-01,0,8850,8850,0,anti-TNF,rheumatology
etanercept,2016-04-01,0,8194,8194,0,anti-TNF,rheumatology
etanercept,2016-05-01,0,7970,7970,0,anti-TNF,rheumatology
etanercept,2016-06-01,0,8441,8441,0,anti-TNF,rheumatology
etanercept,2016-07-01,0,8228,8228,0,anti-TNF,rheumatology
etanercept,2016-08-01,0,7963,7963,0,anti-TNF,rheumatology
etanercept,2016-09-01,0,7806,7806,0,anti-TNF,rheumatology
etanercept,2016-10-01,0,7726,7726,0,anti-TNF,rheumatology
etanercept,2016-11-01,0,7976,7976,0,anti-TNF,rheumatology
etanercept,2016-12-01,0,9092,9092,0,anti-TNF,rheumatology
etanercept,2017-01-01,0,7096,7096,0,anti-TNF,rheumatology
etanercept,2017-02-01,0,7348,7348,0,anti-TNF,rheumatology
etanercept,2017-03-01,0,8841,8841,0,anti-TNF,rheumatology
etanercept,2017-04-01,7694,238,7932,0.9699949571356531,anti-TNF,rheumatology
etanercept,2017-05-01,7788,268,8056,0.9667328699106256,anti-TNF,rheumatology
etanercept,2017-06-01,8012,264,8276,0.9681005316578057,anti-TNF,rheumatology
etanercept,2017-07-01,7427,268,7695,0.9651721897335932,anti-TNF,rheumatology
etanercept,2017-08-01,7843,273,8116,0.966362740266141,anti-TNF,rheumatology
etanercept,2017-09-01,7538,280,7818,0.9641852136096188,anti-TNF,rheumatology
etanercept,2017-10-01,7648,269,7917,0.9660224832638625,anti-TNF,rheumatology
etanercept,2017-11-01,7781,274,8055,0.965983860955928,anti-TNF,rheumatology
etanercept,2017-12-01,8635,292,8927,0.9672902430827826,anti-TNF,rheumatology
etanercept,2018-01-01,7547,243,7790,0.968806161745828,anti-TNF,rheumatology
etanercept,2018-02-01,7290,245,7535,0.9674850696748507,anti-TNF,rheumatology
etanercept,2018-03-01,7822,242,8064,0.9699900793650794,anti-TNF,rheumatology
etanercept,2018-04-01,7808,246,8054,0.9694561708467843,anti-TNF,rheumatology
etanercept,2018-05-01,8218,263,8481,0.9689895059544865,anti-TNF,rheumatology
etanercept,2018-06-01,7317,224,7541,0.9702957167484418,anti-TNF,rheumatology
etanercept,2018-07-01,7107,224,7331,0.969444823352885,anti-TNF,rheumatology
etanercept,2018-08-01,10142,296,10438,0.9716420770262503,anti-TNF,rheumatology
etanercept,2018-09-01,7869,229,8098,0.9717214126944924,anti-TNF,rheumatology
etanercept,2018-10-01,7628,210,7838,0.9732074508803266,anti-TNF,rheumatology
etanercept,2018-11-01,8275,266,8541,0.9688561058424072,anti-TNF,rheumatology
etanercept,2018-12-01,9056,242,9298,0.9739728973972898,anti-TNF,rheumatology
etanercept,2019-01-01,7853,212,8065,0.9737135771853689,anti-TNF,rheumatology
etanercept,2019-02-01,7949,238,8187,0.9709295224135825,anti-TNF,rheumatology
etanercept,2019-03-01,8687,243,8930,0.9727883538633818,anti-TNF,rheumatology
etanercept,2019-04-01,7545,223,7768,0.971292481977343,anti-TNF,rheumatology
etanercept,2019-05-01,8518,245,8763,0.9720415382859752,anti-TNF,rheumatology
etanercept,2019-06-01,8581,243,8824,0.9724614687216682,anti-TNF,rheumatology
etanercept,2019-07-01,7982,251,8233,0.9695129357463865,anti-TNF,rheumatology
etanercept,2019-08-01,8327,207,8534,0.9757440824935552,anti-TNF,rheumatology
etanercept,2019-09-01,8203,234,8437,0.9722650231124808,anti-TNF,rheumatology
etanercept,2019-10-01,8035,229,8264,0.9722894482090997,anti-TNF,rheumatology
etanercept,2019-11-01,8619,226,8845,0.9744488411531939,anti-TNF,rheumatology
etanercept,2019-12-01,8482,221,8703,0.9746064575433758,anti-TNF,rheumatology
etanercept,2020-01-01,8798,249,9047,0.9724770642201835,anti-TNF,rheumatology
etanercept,2020-02-01,8145,193,8338,0.976852962341089,anti-TNF,rheumatology
etanercept,2020-03-01,8328,248,8576,0.9710820895522388,anti-TNF,rheumatology
etanercept,2020-04-01,8556,242,8798,0.97249374857922255,anti-TNF,rheumatology
etanercept,2020-05-01,7592,189,7781,0.9757100629739108,anti-TNF,rheumatology
etanercept,2020-06-01,7956,207,8163,0.9746416758544653,anti-TNF,rheumatology
etanercept,2020-07-01,8977,205,9182,0.9776737094314965,anti-TNF,rheumatology
etanercept,2020-08-01,8705,211,8916,0.9763346792283535,anti-TNF,rheumatology
etanercept,2020-09-01,8071,196,8267,0.9762912785774767,anti-TNF,rheumatology
etanercept,2020-10-01,8861,219,9080,0.9758810572687224,anti-TNF,rheumatology
etanercept,2020-11-01,7956,196,8152,0.9759568204121688,anti-TNF,rheumatology
etanercept,2020-12-01,8870,251,9121,0.9724810876000438,anti-TNF,rheumatology
etanercept,2021-01-01,8751,203,8954,0.9773285682376591,anti-TNF,rheumatology
etanercept,2021-02-01,8096,197,8293,0.9762450259254793,anti-TNF,rheumatology
etanercept,2021-03-01,7555,205,7760,0.9735824742268041,anti-TNF,rheumatology
etanercept,2021-04-01,8180,208,8388,0.9752026704816404,anti-TNF,rheumatology
etanercept,2021-05-01,8075,193,8268,0.9766569908079342,anti-TNF,rheumatology
etanercept,2021-06-01,8148,174,8322,0.9790915645277577,anti-TNF,rheumatology
etanercept,2021-07-01,8634,202,8836,0.9771389769126302,anti-TNF,rheumatology
etanercept,2021-08-01,8717,195,8912,0.9781193895870736,anti-TNF,rheumatology
etanercept,2021-09-01,8444,184,8628,0.9786740843764488,anti-TNF,rheumatology
etanercept,2021-10-01,8535,157,8692,0.9819374137137598,anti-TNF,rheumatology
etanercept,2021-11-01,8865,179,9044,0.9802078726227333,anti-TNF,rheumatology
etanercept,2021-12-01,9615,195,9810,0.9801223241590215,anti-TNF,rheumatology
etanercept,2022-01-01,7950,139,8089,0.9828161701075535,anti-TNF,rheumatology
etanercept,2022-02-01,7944,145,8089,0.9820744220546421,anti-TNF,rheumatology
etanercept,2022-03-01,9158,159,9317,0.9829344209509498,anti-TNF,rheumatology
etanercept,2022-04-01,8554,142,8696,0.983670653173873,anti-TNF,rheumatology
etanercept,2022-05-01,8862,161,9023,0.9821567106283942,anti-TNF,rheumatology
etanercept,2022-06-01,8527,146,8673,0.9831661478150582,anti-TNF,rheumatology
etanercept,2022-07-01,8515,134,8649,0.9845068794080241,anti-TNF,rheumatology
etanercept,2022-08-01,8996,156,9152,0.9829545454545454,anti-TNF,rheumatology
etanercept,2022-09-01,8491,143,8634,0.9834375723882326,anti-TNF,rheumatology
etanercept,2022-10-01,8763,148,8911,0.9833913141061609,anti-TNF,rheumatology
etanercept,2022-11-01,8738,146,8884,0.9835659612787033,anti-TNF,rheumatology
etanercept,2022-12-01,9299,143,9442,0.9848549036221139,anti-TNF,rheumatology
etanercept,2023-01-01,8175,139,8314,0.9832812124127976,anti-TNF,rheumatology
etanercept,2023-02-01,8020,123,8143,0.9848950018420729,anti-TNF,rheumatology
etanercept,2023-03-01,10013,156,10169,0.984659258530829,anti-TNF,rheumatology
etanercept,2023-04-01,7835,115,7950,0.9855345911949686,anti-TNF,rheumatology
etanercept,2023-05-01,8837,145,8982,0.983856602093075,anti-TNF,rheumatology
etanercept,2023-06-01,8540,143,8683,0.983531037659795,anti-TNF,rheumatology
etanercept,2023-07-01,8600,145,8745,0.9834190966266438,anti-TNF,rheumatology
etanercept,2023-08-01,9122,141,9263,0.9847781496275505,anti-TNF,rheumatology
etanercept,2023-09-01,8576,125,8701,0.9856338351913573,anti-TNF,rheumatology
etanercept,2023-10-01,8988,139,9127,0.984770461268763,anti-TNF,rheumatology
etanercept,2023-11-01,9087,143,9230,0.9845070422535211,anti-TNF,rheumatology
etanercept,2023-12-01,9362,134,9496,0.9858887952822241,anti-TNF,rheumatology
etanercept,2024-01-01,8539,122,8661,0.9859138667590348,anti-TNF,rheumatology
etanercept,2024-02-01,8562,134,8696,0.984590616375345,anti-TNF,rheumatology
etanercept,2024-03-01,8855,130,8985,0.9855314412910406,anti-TNF,rheumatology
etanercept,2024-04-01,9090,132,9222,0.9856864020819779,anti-TNF,rheumatology
etanercept,2024-05-01,9424,132,9556,0.9861866889912098,anti-TNF,rheumatology
etanercept,2024-06-01,8628,117,8745,0.9866209262435678,anti-TNF,rheumatology
etanercept,2024-07-01,9525,134,9659,0.9861269282534424,anti-TNF,rheumatology
etanercept,2024-08-01,9243,133,9376,0.9858148464163823,anti-TNF,rheumatology
etanercept,2024-09-01,8838,114,8952,0.9872654155495979,anti-TNF,rheumatology
etanercept,2024-10-01,9402,124,9526,0.9869829939114004,anti-TNF,rheumatology
etanercept,2024-11-01,8923,109,9032,0.9879317980513729,anti-TNF,rheumatology
etanercept,2024-12-01,9787,115,9902,0.9883861846091698,anti-TNF,rheumatology
etanercept,2025-01-01,8489,114,8603,0.9867488085551552,anti-TNF,rheumatology
etanercept,2025-02-01,8279,107,8386,0.9872406391605056,anti-TNF,rheumatology
etanercept,2025-03-01,9066,102,9168,0.9888743455497382,anti-TNF,rheumatology
etanercept,2025-04-01,8979,96,9075,0.9894214876033058,anti-TNF,rheumatology
etanercept,2025-05-01,9187,110,9297,0.9881682263095622,anti-TNF,rheumatology
etanercept,2025-06-01,8589,95,8684,0.989060340856748,anti-TNF,rheumatology
etanercept,2025-07-01,9104,105,9209,0.988598110544033,anti-TNF,rheumatology
etanercept,2025-08-01,8811,93,8904,0.9895552560646901,anti-TNF,rheumatology
etanercept,2025-09-01,8880,102,8982,0.9886439545758183,anti-TNF,rheumatology
etanercept,2025-10-01,9142,98,9240,0.9893939393939394,anti-TNF,rheumatology
etanercept,2025-11-01,8662,97,8759,0.988925676447083,anti-TNF,rheumatology
filgrastim,2021-07-01,1541,28,1569,0.9821542383683876,G-CSF,oncology supportive
filgrastim,2021-08-01,1553,27,1580,0.9829113924050633,G-CSF,oncology supportive
filgrastim,2021-09-01,1516,28,1544,0.9818652849740933,G-CSF,oncology supportive
filgrastim,2021-10-01,1566,30,1596,0.981203007518797,G-CSF,oncology supportive
filgrastim,2021-11-01,1606,29,1635,0.982262996941896,G-CSF,oncology supportive
filgrastim,2021-12-01,1571,25,1596,0.9843358395989975,G-CSF,oncology supportive
filgrastim,2022-01-01,1473,17,1490,0.9885906040268456,G-CSF,oncology supportive
filgrastim,2022-02-01,1465,17,1482,0.9885290148448043,G-CSF,oncology supportive
filgrastim,2022-03-01,1650,26,1676,0.9844868735083532,G-CSF,oncology supportive
filgrastim,2022-04-01,1493,25,1518,0.9835309617918313,G-CSF,oncology supportive
filgrastim,2022-05-01,1608,22,1630,0.9865030674846625,G-CSF,oncology supportive
filgrastim,2022-06-01,1570,35,1605,0.9781931464174455,G-CSF,oncology supportive
filgrastim,2022-07-01,1598,30,1628,0.9815724815724816,G-CSF,oncology supportive
filgrastim,2022-08-01,1677,32,1709,0.981275599765945,G-CSF,oncology supportive
filgrastim,2022-09-01,1639,27,1666,0.9837935174069627,G-CSF,oncology supportive
filgrastim,2022-10-01,1657,24,1681,0.9857227840571089,G-CSF,oncology supportive
filgrastim,2022-11-01,1790,32,1822,0.9824368825466521,G-CSF,oncology supportive
filgrastim,2022-12-01,1782,44,1826,0.9759036144578314,G-CSF,oncology supportive
filgrastim,2023-01-01,1671,24,1695,0.9858407079646018,G-CSF,oncology supportive
filgrastim,2023-02-01,1621,20,1641,0.987812309567337,G-CSF,oncology supportive
filgrastim,2023-03-01,1964,31,1995,0.9844611528822055,G-CSF,oncology supportive
filgrastim,2023-04-01,1641,33,1674,0.9802867383512545,G-CSF,oncology supportive
filgrastim,2023-05-01,1803,42,1845,0.9772357723577236,G-CSF,oncology supportive
filgrastim,2023-06-01,1835,35,1870,0.9812834224598931,G-CSF,oncology supportive
filgrastim,2023-07-01,1753,40,1793,0.9776910206358059,G-CSF,oncology supportive
filgrastim,2023-08-01,1912,31,1943,0.9840452907874421,G-CSF,oncology supportive
filgrastim,2023-09-01,1813,19,1832,0.9896288209606987,G-CSF,oncology supportive
filgrastim,2023-10-01,1899,47,1946,0.9758478931140802,G-CSF,oncology supportive
filgrastim,2023-11-01,1976,38,2014,0.9811320754716981,G-CSF,oncology supportive
filgrastim,2023-12-01,1848,50,1898,0.9736564805057956,G-CSF,oncology supportive
filgrastim,2024-01-01,1768,30,1798,0.9833147942157954,G-CSF,oncology supportive
filgrastim,2024-02-01,1803,28,1831,0.9847078099399236,G-CSF,oncology supportive
filgrastim,2024-03-01,1845,0,1845,1,G-CSF,oncology supportive
filgrastim,2024-04-01,1919,0,1919,1,G-CSF,oncology supportive
filgrastim,2024-05-01,2036,0,2036,1,G-CSF,oncology supportive
filgrastim,2024-06-01,1722,0,1722,1,G-CSF,oncology supportive
filgrastim,2024-07-01,1995,0,1995,1,G-CSF,oncology supportive
filgrastim,2024-08-01,1909,0,1909,1,G-CSF,oncology supportive
filgrastim,2024-09-01,1995,0,1995,1,G-CSF,oncology supportive
filgrastim,2024-10-01,2192,0,2192,1,G-CSF,oncology supportive
filgrastim,2024-11-01,2030,0,2030,1,G-CSF,oncology supportive
filgrastim,2024-12-01,2102,0,2102,1,G-CSF,oncology supportive
filgrastim,2025-01-01,1999,0,1999,1,G-CSF,oncology supportive
filgrastim,2025-02-01,1870,0,1870,1,G-CSF,oncology supportive
filgrastim,2025-03-01,1944,0,1944,1,G-CSF,oncology supportive
filgrastim,2025-04-01,2000,0,2000,1,G-CSF,oncology supportive
filgrastim,2025-05-01,2051,0,2051,1,G-CSF,oncology supportive
filgrastim,2025-06-01,1951,0,1951,1,G-CSF,oncology supportive
filgrastim,2025-07-01,2113,0,2113,1,G-CSF,oncology supportive
filgrastim,2025-08-01,2148,0,2148,1,G-CSF,oncology supportive
filgrastim,2025-09-01,2129,0,2129,1,G-CSF,oncology supportive
filgrastim,2025-10-01,2167,0,2167,1,G-CSF,oncology supportive
filgrastim,2025-11-01,2009,0,2009,1,G-CSF,oncology supportive
infliximab,2009-01-01,0,1034,1034,0,anti-TNF,rheumatology/gastro
infliximab,2009-02-01,0,1187,1187,0,anti-TNF,rheumatology/gastro
infliximab,2009-03-01,0,1051,1051,0,anti-TNF,rheumatology/gastro
infliximab,2009-04-01,0,1211,1211,0,anti-TNF,rheumatology/gastro
infliximab,2009-05-01,0,1215,1215,0,anti-TNF,rheumatology/gastro
infliximab,2009-06-01,0,1134,1134,0,anti-TNF,rheumatology/gastro
infliximab,2009-07-01,0,1024,1024,0,anti-TNF,rheumatology/gastro
infliximab,2009-08-01,0,1067,1067,0,anti-TNF,rheumatology/gastro
infliximab,2009-09-01,0,1153,1153,0,anti-TNF,rheumatology/gastro
infliximab,2009-10-01,0,1158,1158,0,anti-TNF,rheumatology/gastro
infliximab,2009-11-01,0,951,951,0,anti-TNF,rheumatology/gastro
infliximab,2009-12-01,0,1091,1091,0,anti-TNF,rheumatology/gastro
infliximab,2010-01-01,0,1269,1269,0,anti-TNF,rheumatology/gastro
infliximab,2010-02-01,0,1326,1326,0,anti-TNF,rheumatology/gastro
infliximab,2010-03-01,0,1103,1103,0,anti-TNF,rheumatology/gastro
infliximab,2010-04-01,0,1081,1081,0,anti-TNF,rheumatology/gastro
infliximab,2010-05-01,0,1120,1120,0,anti-TNF,rheumatology/gastro
infliximab,2010-06-01,0,1077,1077,0,anti-TNF,rheumatology/gastro
infliximab,2010-07-01,0,1351,1351,0,anti-TNF,rheumatology/gastro
infliximab,2010-08-01,0,1038,1038,0,anti-TNF,rheumatology/gastro
infliximab,2010-09-01,0,1098,1098,0,anti-TNF,rheumatology/gastro
infliximab,2010-10-01,0,1087,1087,0,anti-TNF,rheumatology/gastro
infliximab,2010-11-01,0,1123,1123,0,anti-TNF,rheumatology/gastro
infliximab,2010-12-01,0,947,947,0,anti-TNF,rheumatology/gastro
infliximab,2011-01-01,0,1297,1297,0,anti-TNF,rheumatology/gastro
infliximab,2011-02-01,0,1338,1338,0,anti-TNF,rheumatology/gastro
infliximab,2011-03-01,0,1346,1346,0,anti-TNF,rheumatology/gastro
infliximab,2011-04-01,0,1294,1294,0,anti-TNF,rheumatology/gastro
infliximab,2011-05-01,0,1283,1283,0,anti-TNF,rheumatology/gastro
infliximab,2011-06-01,0,1277,1277,0,anti-TNF,rheumatology/gastro
infliximab,2011-07-01,0,1426,1426,0,anti-TNF,rheumatology/gastro
infliximab,2011-08-01,0,1534,1534,0,anti-TNF,rheumatology/gastro
infliximab,2011-09-01,0,1320,1320,0,anti-TNF,rheumatology/gastro
infliximab,2011-10-01,0,1314,1314,0,anti-TNF,rheumatology/gastro
infliximab,2011-11-01,0,1337,1337,0,anti-TNF,rheumatology/gastro
infliximab,2011-12-01,0,1064,1064,0,anti-TNF,rheumatology/gastro
infliximab,2012-01-01,0,1388,1388,0,anti-TNF,rheumatology/gastro
infliximab,2012-02-01,0,1104,1104,0,anti-TNF,rheumatology/gastro
infliximab,2012-03-01,0,1599,1599,0,anti-TNF,rheumatology/gastro
infliximab,2012-04-01,0,1235,1235,0,anti-TNF,rheumatology/gastro
infliximab,2012-05-01,0,1926,1926,0,anti-TNF,rheumatology/gastro
infliximab,2012-06-01,0,1908,1908,0,anti-TNF,rheumatology/gastro
infliximab,2012-07-01,0,1446,1446,0,anti-TNF,rheumatology/gastro
infliximab,2012-08-01,0,1552,1552,0,anti-TNF,rheumatology/gastro
infliximab,2012-09-01,0,1850,1850,0,anti-TNF,rheumatology/gastro
infliximab,2012-10-01,0,1677,1677,0,anti-TNF,rheumatology/gastro
infliximab,2012-11-01,0,1764,1764,0,anti-TNF,rheumatology/gastro
infliximab,2012-12-01,0,1094,1094,0,anti-TNF,rheumatology/gastro
infliximab,2013-01-01,0,2111,2111,0,anti-TNF,rheumatology/gastro
infliximab,2013-02-01,0,1664,1664,0,anti-TNF,rheumatology/gastro
infliximab,2013-03-01,0,1601,1601,0,anti-TNF,rheumatology/gastro
infliximab,2013-04-01,0,1624,1624,0,anti-TNF,rheumatology/gastro
infliximab,2013-05-01,0,2276,2276,0,anti-TNF,rheumatology/gastro
infliximab,2013-06-01,0,1830,1830,0,anti-TNF,rheumatology/gastro
infliximab,2013-07-01,0,2154,2154,0,anti-TNF,rheumatology/gastro
infliximab,2013-08-01,0,2054,2054,0,anti-TNF,rheumatology/gastro
infliximab,2013-09-01,0,2092,2092,0,anti-TNF,rheumatology/gastro
infliximab,2013-10-01,0,2051,2051,0,anti-TNF,rheumatology/gastro
infliximab,2013-11-01,0,2047,2047,0,anti-TNF,rheumatology/gastro
infliximab,2013-12-01,0,1994,1994,0,anti-TNF,rheumatology/gastro
infliximab,2014-01-01,0,2233,2233,0,anti-TNF,rheumatology/gastro
infliximab,2014-02-01,0,1988,1988,0,anti-TNF,rheumatology/gastro
infliximab,2014-03-01,0,2556,2556,0,anti-TNF,rheumatology/gastro
infliximab,2014-04-01,0,2466,2466,0,anti-TNF,rheumatology/gastro
infliximab,2014-05-01,0,3344,3344,0,anti-TNF,rheumatology/gastro
infliximab,2014-06-01,0,2667,2667,0,anti-TNF,rheumatology/gastro
infliximab,2014-07-01,0,2043,2043,0,anti-TNF,rheumatology/gastro
infliximab,2014-08-01,0,2685,2685,0,anti-TNF,rheumatology/gastro
infliximab,2014-09-01,0,2129,2129,0,anti-TNF,rheumatology/gastro
infliximab,2014-10-01,0,2455,2455,0,anti-TNF,rheumatology/gastro
infliximab,2014-11-01,0,2262,2262,0,anti-TNF,rheumatology/gastro
infliximab,2014-12-01,0,2272,2272,0,anti-TNF,rheumatology/gastro
infliximab,2015-01-01,0,2522,2522,0,anti-TNF,rheumatology/gastro
infliximab,2015-02-01,0,3683,3683,0,anti-TNF,rheumatology/gastro
infliximab,2015-03-01,0,3000,3000,0,anti-TNF,rheumatology/gastro
infliximab,2015-04-01,0,2269,2269,0,anti-TNF,rheumatology/gastro
infliximab,2015-05-01,0,4909,4909,0,anti-TNF,rheumatology/gastro
infliximab,2015-06-01,0,3457,3457,0,anti-TNF,rheumatology/gastro
infliximab,2015-07-01,0,3926,3926,0,anti-TNF,rheumatology/gastro
infliximab,2015-08-01,0,3135,3135,0,anti-TNF,rheumatology/gastro
infliximab,2015-09-01,0,3233,3233,0,anti-TNF,rheumatology/gastro
infliximab,2015-10-01,0,3120,3120,0,anti-TNF,rheumatology/gastro
infliximab,2015-11-01,0,2803,2803,0,anti-TNF,rheumatology/gastro
infliximab,2015-12-01,3573,0,3573,1,anti-TNF,rheumatology/gastro
infliximab,2016-01-01,3242,1,3243,0.9996916435399321,anti-TNF,rheumatology/gastro
infliximab,2016-02-01,3893,1,3894,0.9997431946584489,anti-TNF,rheumatology/gastro
infliximab,2016-03-01,4289,3,4292,0.9993010251630942,anti-TNF,rheumatology/gastro
infliximab,2016-04-01,3239,0,3239,1,anti-TNF,rheumatology/gastro
infliximab,2016-05-01,3613,2,3615,0.9994467496542185,anti-TNF,rheumatology/gastro
infliximab,2016-06-01,3770,1,3771,0.9997348183505701,anti-TNF,rheumatology/gastro
infliximab,2016-07-01,3814,2,3816,0.999475890985325,anti-TNF,rheumatology/gastro
infliximab,2016-08-01,3823,2,3825,0.9994771241830065,anti-TNF,rheumatology/gastro
infliximab,2016-09-01,3733,3,3736,0.9991970021413277,anti-TNF,rheumatology/gastro
infliximab,2016-10-01,3580,4,3584,0.9988839285714286,anti-TNF,rheumatology/gastro
infliximab,2016-11-01,3714,1,3715,0.9997308209959623,anti-TNF,rheumatology/gastro
infliximab,2016-12-01,3876,3,3879,0.9992266047950503,anti-TNF,rheumatology/gastro
infliximab,2017-01-01,3506,2,3508,0.999429874572406,anti-TNF,rheumatology/gastro
infliximab,2017-02-01,4314,2,4316,0.9995366079703429,anti-TNF,rheumatology/gastro
infliximab,2017-03-01,4828,1,4829,0.999792917788362,anti-TNF,rheumatology/gastro
infliximab,2017-04-01,3645,4,3649,0.9989038092628117,anti-TNF,rheumatology/gastro
infliximab,2017-05-01,3819,0,3819,1,anti-TNF,rheumatology/gastro
infliximab,2017-06-01,4820,3,4823,0.999377980510056,anti-TNF,rheumatology/gastro
infliximab,2017-07-01,3852,0,3852,1,anti-TNF,rheumatology/gastro
infliximab,2017-08-01,4302,1,4303,0.9997676039972112,anti-TNF,rheumatology/gastro
infliximab,2017-09-01,4006,1,4007,0.9997504367357125,anti-TNF,rheumatology/gastro
infliximab,2017-10-01,4121,2,4123,0.9995149163230658,anti-TNF,rheumatology/gastro
infliximab,2017-11-01,4325,1,4326,0.9997688395746648,anti-TNF,rheumatology/gastro
infliximab,2017-12-01,4302,2,4304,0.9995353159851301,anti-TNF,rheumatology/gastro
infliximab,2018-01-01,3983,0,3983,1,anti-TNF,rheumatology/gastro
infliximab,2018-02-01,4145,0,4145,1,anti-TNF,rheumatology/gastro
infliximab,2018-03-01,4053,0,4053,1,anti-TNF,rheumatology/gastro
infliximab,2018-04-01,4685,4,4689,0.99914693964598,anti-TNF,rheumatology/gastro
infliximab,2018-05-01,5140,0,5140,1,anti-TNF,rheumatology/gastro
infliximab,2018-06-01,4577,1,4578,0.9997815640017474,anti-TNF,rheumatology/gastro
infliximab,2018-07-01,4418,2,4420,0.9995475113122172,anti-TNF,rheumatology/gastro
infliximab,2018-08-01,4582,1,4583,0.9997818023128955,anti-TNF,rheumatology/gastro
infliximab,2018-09-01,4479,1,4480,0.9997767857142857,anti-TNF,rheumatology/gastro
infliximab,2018-10-01,4602,2,4604,0.9995655951346655,anti-TNF,rheumatology/gastro
infliximab,2018-11-01,4486,2,4488,0.999554367201426,anti-TNF,rheumatology/gastro
infliximab,2018-12-01,4700,2,4702,0.9995746490854955,anti-TNF,rheumatology/gastro
infliximab,2019-01-01,4268,3,4271,0.9992975883867946,anti-TNF,rheumatology/gastro
infliximab,2019-02-01,4267,0,4267,1,anti-TNF,rheumatology/gastro
infliximab,2019-03-01,4506,2,4508,0.9995563442768411,anti-TNF,rheumatology/gastro
infliximab,2019-04-01,4429,2,4431,0.9995486346197247,anti-TNF,rheumatology/gastro
infliximab,2019-05-01,6122,2,6124,0.9996734160679295,anti-TNF,rheumatology/gastro
infliximab,2019-06-01,4912,3,4915,0.9993896236012207,anti-TNF,rheumatology/gastro
infliximab,2019-07-01,5391,4,5395,0.9992585727525487,anti-TNF,rheumatology/gastro
infliximab,2019-08-01,5419,2,5421,0.9996310643792659,anti-TNF,rheumatology/gastro
infliximab,2019-09-01,4814,3,4817,0.9993772057297073,anti-TNF,rheumatology/gastro
infliximab,2019-10-01,4799,2,4801,0.9995834201208081,anti-TNF,rheumatology/gastro
infliximab,2019-11-01,4781,3,4784,0.9993729096989966,anti-TNF,rheumatology/gastro
infliximab,2019-12-01,5554,1,5555,0.9998199819981998,anti-TNF,rheumatology/gastro
infliximab,2020-01-01,5065,2,5067,0.9996052891257154,anti-TNF,rheumatology/gastro
infliximab,2020-02-01,5059,0,5059,1,anti-TNF,rheumatology/gastro
infliximab,2020-03-01,4948,1,4949,0.9997979389775712,anti-TNF,rheumatology/gastro
infliximab,2020-04-01,5444,4,5448,0.9992657856093979,anti-TNF,rheumatology/gastro
infliximab,2020-05-01,5039,2,5041,0.9996032533227535,anti-TNF,rheumatology/gastro
infliximab,2020-06-01,5516,2,5518,0.9996375498368975,anti-TNF,rheumatology/gastro
infliximab,2020-07-01,5271,2,5273,0.9996207092736583,anti-TNF,rheumatology/gastro
infliximab,2020-08-01,5113,3,5116,0.9994136043784206,anti-TNF,rheumatology/gastro
infliximab,2020-09-01,5060,3,5063,0.999407465929291,anti-TNF,rheumatology/gastro
infliximab,2020-10-01,5725,0,5725,1,anti-TNF,rheumatology/gastro
infliximab,2020-11-01,4834,3,4837,0.9993797808559024,anti-TNF,rheumatology/gastro
infliximab,2020-12-01,6334,1,6335,0.9998421468034727,anti-TNF,rheumatology/gastro
infliximab,2021-01-01,5665,4,5669,0.999294408184865,anti-TNF,rheumatology/gastro
infliximab,2021-02-01,4973,2,4975,0.9995979899497487,anti-TNF,rheumatology/gastro
infliximab,2021-03-01,5314,0,5314,1,anti-TNF,rheumatology/gastro
infliximab,2021-04-01,5983,0,5983,1,anti-TNF,rheumatology/gastro
infliximab,2021-05-01,5816,1,5817,0.9998280900807976,anti-TNF,rheumatology/gastro
infliximab,2021-06-01,5689,1,5690,0.9998242530755712,anti-TNF,rheumatology/gastro
infliximab,2021-07-01,6048,2,6050,0.9996694214876033,anti-TNF,rheumatology/gastro
infliximab,2021-08-01,5998,3,6001,0.9995000833194467,anti-TNF,rheumatology/gastro
infliximab,2021-09-01,6170,3,6173,0.9995140126356715,anti-TNF,rheumatology/gastro
infliximab,2021-10-01,5921,3,5924,0.99949358541526,anti-TNF,rheumatology/gastro
infliximab,2021-11-01,6212,7,6219,0.9988744171088599,anti-TNF,rheumatology/gastro
infliximab,2021-12-01,6690,4,6694,0.9994024499551838,anti-TNF,rheumatology/gastro
infliximab,2022-01-01,6110,1,6111,0.9998363606611029,anti-TNF,rheumatology/gastro
infliximab,2022-02-01,5814,3,5817,0.999484270242393,anti-TNF,rheumatology/gastro
infliximab,2022-03-01,7037,2,7039,0.9997158687313539,anti-TNF,rheumatology/gastro
infliximab,2022-04-01,6258,2,6260,0.9996805111821087,anti-TNF,rheumatology/gastro
infliximab,2022-05-01,6938,1,6939,0.99985588701542,anti-TNF,rheumatology/gastro
infliximab,2022-06-01,6933,3,6936,0.9995674740484429,anti-TNF,rheumatology/gastro
infliximab,2022-07-01,6599,2,6601,0.9996970156036964,anti-TNF,rheumatology/gastro
infliximab,2022-08-01,7168,2,7170,0.999721059972106,anti-TNF,rheumatology/gastro
infliximab,2022-09-01,6951,2,6953,0.9997123543794045,anti-TNF,rheumatology/gastro
infliximab,2022-10-01,6999,2,7001,0.9997143265247822,anti-TNF,rheumatology/gastro
infliximab,2022-11-01,7138,1,7139,0.9998599243591539,anti-TNF,rheumatology/gastro
infliximab,2022-12-01,7355,3,7358,0.9995922805110085,anti-TNF,rheumatology/gastro
infliximab,2023-01-01,7348,1,7349,0.9998639270649068,anti-TNF,rheumatology/gastro
infliximab,2023-02-01,7034,5,7039,0.9992896718283847,anti-TNF,rheumatology/gastro
infliximab,2023-03-01,8321,1,8322,0.9998798365777457,anti-TNF,rheumatology/gastro
infliximab,2023-04-01,7008,2,7010,0.9997146932952924,anti-TNF,rheumatology/gastro
infliximab,2023-05-01,8292,0,8292,1,anti-TNF,rheumatology/gastro
infliximab,2023-06-01,7934,1,7935,0.9998739760554506,anti-TNF,rheumatology/gastro
infliximab,2023-07-01,7746,1,7747,0.9998709177746224,anti-TNF,rheumatology/gastro
infliximab,2023-08-01,8508,1,8509,0.9998824773768951,anti-TNF,rheumatology/gastro
infliximab,2023-09-01,7979,2,7981,0.9997494048364867,anti-TNF,rheumatology/gastro
infliximab,2023-10-01,8073,0,8073,1,anti-TNF,rheumatology/gastro
infliximab,2023-11-01,8236,2,8238,0.9997572226268512,anti-TNF,rheumatology/gastro
infliximab,2023-12-01,7951,1,7952,0.999874245472837,anti-TNF,rheumatology/gastro
infliximab,2024-01-01,8512,2,8514,0.9997650927883486,anti-TNF,rheumatology/gastro
infliximab,2024-02-01,7993,0,7993,1,anti-TNF,rheumatology/gastro
infliximab,2024-03-01,8522,5,8527,0.9994136273015128,anti-TNF,rheumatology/gastro
infliximab,2024-04-01,8406,1,8407,0.9998810515046984,anti-TNF,rheumatology/gastro
infliximab,2024-05-01,9131,0,9131,1,anti-TNF,rheumatology/gastro
infliximab,2024-06-01,7943,0,7943,1,anti-TNF,rheumatology/gastro
infliximab,2024-07-01,9220,1,9221,0.9998915518924195,anti-TNF,rheumatology/gastro
infliximab,2024-08-01,9069,1,9070,0.9998897464167585,anti-TNF,rheumatology/gastro
infliximab,2024-09-01,8721,1,8722,0.9998853473973859,anti-TNF,rheumatology/gastro
infliximab,2024-10-01,9497,1,9498,0.999894714676774,anti-TNF,rheumatology/gastro
infliximab,2024-11-01,8978,1,8979,0.9998886290232766,anti-TNF,rheumatology/gastro
infliximab,2024-12-01,9277,1,9278,0.9998922181504635,anti-TNF,rheumatology/gastro
infliximab,2025-01-01,9439,2,9441,0.9997881580341066,anti-TNF,rheumatology/gastro
infliximab,2025-02-01,8591,0,8591,1,anti-TNF,rheumatology/gastro
infliximab,2025-03-01,9270,1,9271,0.9998921367705749,anti-TNF,rheumatology/gastro
infliximab,2025-04-01,9326,2,9328,0.9997855917667239,anti-TNF,rheumatology/gastro
infliximab,2025-05-01,9942,0,9942,1,anti-TNF,rheumatology/gastro
infliximab,2025-06-01,9159,2,9161,0.9997816832223556,anti-TNF,rheumatology/gastro
infliximab,2025-07-01,10258,1,10259,0.9999025246125354,anti-TNF,rheumatology/gastro
infliximab,2025-08-01,9478,1,9479,0.9998945036396244,anti-TNF,rheumatology/gastro
infliximab,2025-09-01,9918,0,9918,1,anti-TNF,rheumatology/gastro
infliximab,2025-10-01,10210,0,10210,1,anti-TNF,rheumatology/gastro
infliximab,2025-11-01,9301,2,9303,0.99978501558637,anti-TNF,rheumatology/gastro
insulin glargine,2021-07-01,0,29527,29527,0,long-acting insulin,diabetes
insulin glargine,2021-08-01,0,29742,29742,0,long-acting insulin,diabetes
insulin glargine,2021-09-01,0,28696,28696,0,long-acting insulin,diabetes
insulin glargine,2021-10-01,0,28696,28696,0,long-acting insulin,diabetes
insulin glargine,2021-11-01,0,30357,30357,0,long-acting insulin,diabetes
insulin glargine,2021-12-01,0,39612,39612,0,long-acting insulin,diabetes
insulin glargine,2022-01-01,0,22623,22623,0,long-acting insulin,diabetes
insulin glargine,2022-02-01,0,22841,22841,0,long-acting insulin,diabetes
insulin glargine,2022-03-01,0,26579,26579,0,long-acting insulin,diabetes
insulin glargine,2022-04-01,0,25089,25089,0,long-acting insulin,diabetes
insulin glargine,2022-05-01,0,27181,27181,0,long-acting insulin,diabetes
insulin glargine,2022-06-01,0,26718,26718,0,long-acting insulin,diabetes
insulin glargine,2022-07-01,0,27939,27939,0,long-acting insulin,diabetes
insulin glargine,2022-08-01,0,29233,29233,0,long-acting insulin,diabetes
insulin glargine,2022-09-01,0,28529,28529,0,long-acting insulin,diabetes
insulin glargine,2022-10-01,0,29035,29035,0,long-acting insulin,diabetes
insulin glargine,2022-11-01,0,30817,30817,0,long-acting insulin,diabetes
insulin glargine,2022-12-01,0,39516,39516,0,long-acting insulin,diabetes
insulin glargine,2023-01-01,0,21991,21991,0,long-acting insulin,diabetes
insulin glargine,2023-02-01,0,22776,22776,0,long-acting insulin,diabetes
insulin glargine,2023-03-01,0,27210,27210,0,long-acting insulin,diabetes
insulin glargine,2023-04-01,0,23620,23620,0,long-acting insulin,diabetes
insulin glargine,2023-05-01,0,27280,27280,0,long-acting insulin,diabetes
insulin glargine,2023-06-01,0,26270,26270,0,long-acting insulin,diabetes
insulin glargine,2023-07-01,0,26664,26664,0,long-acting insulin,diabetes
insulin glargine,2023-08-01,0,27957,27957,0,long-acting insulin,diabetes
insulin glargine,2023-09-01,0,26950,26950,0,long-acting insulin,diabetes
insulin glargine,2023-10-01,0,28449,28449,0,long-acting insulin,diabetes
insulin glargine,2023-11-01,0,29209,29209,0,long-acting insulin,diabetes
insulin glargine,2023-12-01,0,36784,36784,0,long-acting insulin,diabetes
insulin glargine,2024-01-01,0,22462,22462,0,long-acting insulin,diabetes
insulin glargine,2024-02-01,0,23396,23396,0,long-acting insulin,diabetes
insulin glargine,2024-03-01,0,24174,24174,0,long-acting insulin,diabetes
insulin glargine,2024-04-01,0,24999,24999,0,long-acting insulin,diabetes
insulin glargine,2024-05-01,0,27396,27396,0,long-acting insulin,diabetes
insulin glargine,2024-06-01,0,25231,25231,0,long-acting insulin,diabetes
insulin glargine,2024-07-01,0,27888,27888,0,long-acting insulin,diabetes
insulin glargine,2024-08-01,0,27890,27890,0,long-acting insulin,diabetes
insulin glargine,2024-09-01,0,26499,26499,0,long-acting insulin,diabetes
insulin glargine,2024-10-01,0,28671,28671,0,long-acting insulin,diabetes
insulin glargine,2024-11-01,0,28775,28775,0,long-acting insulin,diabetes
insulin glargine,2024-12-01,0,37112,37112,0,long-acting insulin,diabetes
insulin glargine,2025-01-01,0,22395,22395,0,long-acting insulin,diabetes
insulin glargine,2025-02-01,0,22792,22792,0,long-acting insulin,diabetes
insulin glargine,2025-03-01,0,25141,25141,0,long-acting insulin,diabetes
insulin glargine,2025-04-01,0,25270,25270,0,long-acting insulin,diabetes
insulin glargine,2025-05-01,0,27514,27514,0,long-acting insulin,diabetes
insulin glargine,2025-06-01,0,26453,26453,0,long-acting insulin,diabetes
insulin glargine,2025-07-01,0,28299,28299,0,long-acting insulin,diabetes
insulin glargine,2025-08-01,0,27409,27409,0,long-acting insulin,diabetes
insulin glargine,2025-09-01,0,27827,27827,0,long-acting insulin,diabetes
insulin glargine,2025-10-01,0,29060,29060,0,long-acting insulin,diabetes
insulin glargine,2025-11-01,0,28426,28426,0,long-acting insulin,diabetes
pegfilgrastim,2021-07-01,5897,0,5897,1,pegylated G-CSF,oncology supportive
pegfilgrastim,2021-08-01,5370,0,5370,1,pegylated G-CSF,oncology supportive
pegfilgrastim,2021-09-01,4836,0,4836,1,pegylated G-CSF,oncology supportive
pegfilgrastim,2021-10-01,4104,0,4104,1,pegylated G-CSF,oncology supportive
pegfilgrastim,2021-11-01,4377,0,4377,1,pegylated G-CSF,oncology supportive
pegfilgrastim,2021-12-01,4253,0,4253,1,pegylated G-CSF,oncology supportive
pegfilgrastim,2022-01-01,3874,0,3874,1,pegylated G-CSF,oncology supportive
pegfilgrastim,2022-02-01,3771,0,3771,1,pegylated G-CSF,oncology supportive
pegfilgrastim,2022-03-01,4151,0,4151,1,pegylated G-CSF,oncology supportive
pegfilgrastim,2022-04-01,3449,0,3449,1,pegylated G-CSF,oncology supportive
pegfilgrastim,2022-05-01,3701,0,3701,1,pegylated G-CSF,oncology supportive
pegfilgrastim,2022-06-01,3665,0,3665,1,pegylated G-CSF,oncology supportive
pegfilgrastim,2022-07-01,3278,0,3278,1,pegylated G-CSF,oncology supportive
pegfilgrastim,2022-08-01,3659,0,3659,1,pegylated G-CSF,oncology supportive
pegfilgrastim,2022-09-01,3566,0,3566,1,pegylated G-CSF,oncology supportive
pegfilgrastim,2022-10-01,3301,0,3301,1,pegylated G-CSF,oncology supportive
pegfilgrastim,2022-11-01,3518,0,3518,1,pegylated G-CSF,oncology supportive
pegfilgrastim,2022-12-01,3544,0,3544,1,pegylated G-CSF,oncology supportive
pegfilgrastim,2023-01-01,3437,0,3437,1,pegylated G-CSF,oncology supportive
pegfilgrastim,2023-02-01,3163,0,3163,1,pegylated G-CSF,oncology supportive
pegfilgrastim,2023-03-01,3708,0,3708,1,pegylated G-CSF,oncology supportive
pegfilgrastim,2023-04-01,2925,0,2925,1,pegylated G-CSF,oncology supportive
pegfilgrastim,2023-05-01,3370,0,3370,1,pegylated G-CSF,oncology supportive
pegfilgrastim,2023-06-01,3069,0,3069,1,pegylated G-CSF,oncology supportive
pegfilgrastim,2023-07-01,2846,0,2846,1,pegylated G-CSF,oncology supportive
pegfilgrastim,2023-08-01,3097,0,3097,1,pegylated G-CSF,oncology supportive
pegfilgrastim,2023-09-01,2794,0,2794,1,pegylated G-CSF,oncology supportive
pegfilgrastim,2023-10-01,2852,0,2852,1,pegylated G-CSF,oncology supportive
pegfilgrastim,2023-11-01,2795,0,2795,1,pegylated G-CSF,oncology supportive
pegfilgrastim,2023-12-01,2588,0,2588,1,pegylated G-CSF,oncology supportive
pegfilgrastim,2024-01-01,2756,0,2756,1,pegylated G-CSF,oncology supportive
pegfilgrastim,2024-02-01,2645,0,2645,1,pegylated G-CSF,oncology supportive
pegfilgrastim,2024-03-01,2550,0,2550,1,pegylated G-CSF,oncology supportive
pegfilgrastim,2024-04-01,2607,0,2607,1,pegylated G-CSF,oncology supportive
pegfilgrastim,2024-05-01,2770,0,2770,1,pegylated G-CSF,oncology supportive
pegfilgrastim,2024-06-01,2245,0,2245,1,pegylated G-CSF,oncology supportive
pegfilgrastim,2024-07-01,2695,0,2695,1,pegylated G-CSF,oncology supportive
pegfilgrastim,2024-08-01,2542,0,2542,1,pegylated G-CSF,oncology supportive
pegfilgrastim,2024-09-01,2563,0,2563,1,pegylated G-CSF,oncology supportive
pegfilgrastim,2024-10-01,2716,0,2716,1,pegylated G-CSF,oncology supportive
pegfilgrastim,2024-11-01,2487,0,2487,1,pegylated G-CSF,oncology supportive
pegfilgrastim,2024-12-01,2641,0,2641,1,pegylated G-CSF,oncology supportive
pegfilgrastim,2025-01-01,2516,0,2516,1,pegylated G-CSF,oncology supportive
pegfilgrastim,2025-02-01,2212,0,2212,1,pegylated G-CSF,oncology supportive
pegfilgrastim,2025-03-01,2370,0,2370,1,pegylated G-CSF,oncology supportive
pegfilgrastim,2025-04-01,2514,0,2514,1,pegylated G-CSF,oncology supportive
pegfilgrastim,2025-05-01,2696,0,2696,1,pegylated G-CSF,oncology supportive
pegfilgrastim,2025-06-01,2470,0,2470,1,pegylated G-CSF,oncology supportive
pegfilgrastim,2025-07-01,2593,0,2593,1,pegylated G-CSF,oncology supportive
pegfilgrastim,2025-08-01,2255,0,2255,1,pegylated G-CSF,oncology supportive
pegfilgrastim,2025-09-01,2404,0,2404,1,pegylated G-CSF,oncology supportive
pegfilgrastim,2025-10-01,2463,0,2463,1,pegylated G-CSF,oncology supportive
pegfilgrastim,2025-11-01,2165,0,2165,1,pegylated G-CSF,oncology supportive
rituximab,2009-01-01,0,4792,4792,0,anti-CD20,oncology/rheumatology
rituximab,2009-02-01,0,4984,4984,0,anti-CD20,oncology/rheumatology
rituximab,2009-03-01,0,5382,5382,0,anti-CD20,oncology/rheumatology
rituximab,2009-04-01,0,5134,5134,0,anti-CD20,oncology/rheumatology
rituximab,2009-05-01,0,5004,5004,0,anti-CD20,oncology/rheumatology
rituximab,2009-06-01,0,5275,5275,0,anti-CD20,oncology/rheumatology
rituximab,2009-07-01,0,5175,5175,0,anti-CD20,oncology/rheumatology
rituximab,2009-08-01,0,4831,4831,0,anti-CD20,oncology/rheumatology
rituximab,2009-09-01,0,4819,4819,0,anti-CD20,oncology/rheumatology
rituximab,2009-10-01,0,5077,5077,0,anti-CD20,oncology/rheumatology
rituximab,2009-11-01,0,4762,4762,0,anti-CD20,oncology/rheumatology
rituximab,2009-12-01,0,4743,4743,0,anti-CD20,oncology/rheumatology
rituximab,2010-01-01,0,5787,5787,0,anti-CD20,oncology/rheumatology
rituximab,2010-02-01,0,4942,4942,0,anti-CD20,oncology/rheumatology
rituximab,2010-03-01,0,6030,6030,0,anti-CD20,oncology/rheumatology
rituximab,2010-04-01,0,4630,4630,0,anti-CD20,oncology/rheumatology
rituximab,2010-05-01,0,5035,5035,0,anti-CD20,oncology/rheumatology
rituximab,2010-06-01,0,5444,5444,0,anti-CD20,oncology/rheumatology
rituximab,2010-07-01,0,5543,5543,0,anti-CD20,oncology/rheumatology
rituximab,2010-08-01,0,5134,5134,0,anti-CD20,oncology/rheumatology
rituximab,2010-09-01,0,4958,4958,0,anti-CD20,oncology/rheumatology
rituximab,2010-10-01,0,5479,5479,0,anti-CD20,oncology/rheumatology
rituximab,2010-11-01,0,4856,4856,0,anti-CD20,oncology/rheumatology
rituximab,2010-12-01,0,4519,4519,0,anti-CD20,oncology/rheumatology
rituximab,2011-01-01,0,5566,5566,0,anti-CD20,oncology/rheumatology
rituximab,2011-02-01,0,5008,5008,0,anti-CD20,oncology/rheumatology
rituximab,2011-03-01,0,5849,5849,0,anti-CD20,oncology/rheumatology
rituximab,2011-04-01,0,5548,5548,0,anti-CD20,oncology/rheumatology
rituximab,2011-05-01,0,5520,5520,0,anti-CD20,oncology/rheumatology
rituximab,2011-06-01,0,5775,5775,0,anti-CD20,oncology/rheumatology
rituximab,2011-07-01,0,6275,6275,0,anti-CD20,oncology/rheumatology
rituximab,2011-08-01,0,5988,5988,0,anti-CD20,oncology/rheumatology
rituximab,2011-09-01,0,5788,5788,0,anti-CD20,oncology/rheumatology
rituximab,2011-10-01,0,5351,5351,0,anti-CD20,oncology/rheumatology
rituximab,2011-11-01,0,5288,5288,0,anti-CD20,oncology/rheumatology
rituximab,2011-12-01,0,4364,4364,0,anti-CD20,oncology/rheumatology
rituximab,2012-01-01,0,5521,5521,0,anti-CD20,oncology/rheumatology
rituximab,2012-02-01,0,3408,3408,0,anti-CD20,oncology/rheumatology
rituximab,2012-03-01,0,5076,5076,0,anti-CD20,oncology/rheumatology
rituximab,2012-04-01,0,4109,4109,0,anti-CD20,oncology/rheumatology
rituximab,2012-05-01,0,5700,5700,0,anti-CD20,oncology/rheumatology
rituximab,2012-06-01,0,4394,4394,0,anti-CD20,oncology/rheumatology
rituximab,2012-07-01,0,3817,3817,0,anti-CD20,oncology/rheumatology
rituximab,2012-08-01,0,3056,3056,0,anti-CD20,oncology/rheumatology
rituximab,2012-09-01,0,4664,4664,0,anti-CD20,oncology/rheumatology
rituximab,2012-10-01,0,3603,3603,0,anti-CD20,oncology/rheumatology
rituximab,2012-11-01,0,4112,4112,0,anti-CD20,oncology/rheumatology
rituximab,2012-12-01,0,2393,2393,0,anti-CD20,oncology/rheumatology
rituximab,2013-01-01,0,4090,4090,0,anti-CD20,oncology/rheumatology
rituximab,2013-02-01,0,3160,3160,0,anti-CD20,oncology/rheumatology
rituximab,2013-03-01,0,3738,3738,0,anti-CD20,oncology/rheumatology
rituximab,2013-04-01,0,3004,3004,0,anti-CD20,oncology/rheumatology
rituximab,2013-05-01,0,4038,4038,0,anti-CD20,oncology/rheumatology
rituximab,2013-06-01,0,3896,3896,0,anti-CD20,oncology/rheumatology
rituximab,2013-07-01,0,3200,3200,0,anti-CD20,oncology/rheumatology
rituximab,2013-08-01,0,3679,3679,0,anti-CD20,oncology/rheumatology
rituximab,2013-09-01,0,4000,4000,0,anti-CD20,oncology/rheumatology
rituximab,2013-10-01,0,3263,3263,0,anti-CD20,oncology/rheumatology
rituximab,2013-11-01,0,3279,3279,0,anti-CD20,oncology/rheumatology
rituximab,2013-12-01,0,3613,3613,0,anti-CD20,oncology/rheumatology
rituximab,2014-01-01,0,3635,3635,0,anti-CD20,oncology/rheumatology
rituximab,2014-02-01,0,3164,3164,0,anti-CD20,oncology/rheumatology
rituximab,2014-03-01,0,3804,3804,0,anti-CD20,oncology/rheumatology
rituximab,2014-04-01,0,4145,4145,0,anti-CD20,oncology/rheumatology
rituximab,2014-05-01,0,5265,5265,0,anti-CD20,oncology/rheumatology
rituximab,2014-06-01,0,4187,4187,0,anti-CD20,oncology/rheumatology
rituximab,2014-07-01,0,3121,3121,0,anti-CD20,oncology/rheumatology
rituximab,2014-08-01,0,3695,3695,0,anti-CD20,oncology/rheumatology
rituximab,2014-09-01,0,3458,3458,0,anti-CD20,oncology/rheumatology
rituximab,2014-10-01,0,3566,3566,0,anti-CD20,oncology/rheumatology
rituximab,2014-11-01,0,3266,3266,0,anti-CD20,oncology/rheumatology
rituximab,2014-12-01,0,3358,3358,0,anti-CD20,oncology/rheumatology
rituximab,2015-01-01,0,3749,3749,0,anti-CD20,oncology/rheumatology
rituximab,2015-02-01,0,4284,4284,0,anti-CD20,oncology/rheumatology
rituximab,2015-03-01,0,4347,4347,0,anti-CD20,oncology/rheumatology
rituximab,2015-04-01,0,3154,3154,0,anti-CD20,oncology/rheumatology
rituximab,2015-05-01,0,5995,5995,0,anti-CD20,oncology/rheumatology
rituximab,2015-06-01,0,3897,3897,0,anti-CD20,oncology/rheumatology
rituximab,2015-07-01,0,4202,4202,0,anti-CD20,oncology/rheumatology
rituximab,2015-08-01,0,3615,3615,0,anti-CD20,oncology/rheumatology
rituximab,2015-09-01,0,3500,3500,0,anti-CD20,oncology/rheumatology
rituximab,2015-10-01,0,3491,3491,0,anti-CD20,oncology/rheumatology
rituximab,2015-11-01,0,3268,3268,0,anti-CD20,oncology/rheumatology
rituximab,2015-12-01,0,3721,3721,0,anti-CD20,oncology/rheumatology
rituximab,2016-01-01,0,3662,3662,0,anti-CD20,oncology/rheumatology
rituximab,2016-02-01,0,3581,3581,0,anti-CD20,oncology/rheumatology
rituximab,2016-03-01,0,4413,4413,0,anti-CD20,oncology/rheumatology
rituximab,2016-04-01,0,3477,3477,0,anti-CD20,oncology/rheumatology
rituximab,2016-05-01,0,3824,3824,0,anti-CD20,oncology/rheumatology
rituximab,2016-06-01,0,3664,3664,0,anti-CD20,oncology/rheumatology
rituximab,2016-07-01,0,4427,4427,0,anti-CD20,oncology/rheumatology
rituximab,2016-08-01,0,3588,3588,0,anti-CD20,oncology/rheumatology
rituximab,2016-09-01,0,3677,3677,0,anti-CD20,oncology/rheumatology
rituximab,2016-10-01,0,3422,3422,0,anti-CD20,oncology/rheumatology
rituximab,2016-11-01,0,3328,3328,0,anti-CD20,oncology/rheumatology
rituximab,2016-12-01,0,3686,3686,0,anti-CD20,oncology/rheumatology
rituximab,2017-01-01,0,3180,3180,0,anti-CD20,oncology/rheumatology
rituximab,2017-02-01,0,3544,3544,0,anti-CD20,oncology/rheumatology
rituximab,2017-03-01,0,4652,4652,0,anti-CD20,oncology/rheumatology
rituximab,2017-04-01,0,3303,3303,0,anti-CD20,oncology/rheumatology
rituximab,2017-05-01,0,3529,3529,0,anti-CD20,oncology/rheumatology
rituximab,2017-06-01,0,4234,4234,0,anti-CD20,oncology/rheumatology
rituximab,2017-07-01,0,3286,3286,0,anti-CD20,oncology/rheumatology
rituximab,2017-08-01,0,3959,3959,0,anti-CD20,oncology/rheumatology
rituximab,2017-09-01,0,3613,3613,0,anti-CD20,oncology/rheumatology
rituximab,2017-10-01,0,3195,3195,0,anti-CD20,oncology/rheumatology
rituximab,2017-11-01,0,3696,3696,0,anti-CD20,oncology/rheumatology
rituximab,2017-12-01,0,3423,3423,0,anti-CD20,oncology/rheumatology
rituximab,2018-01-01,0,3098,3098,0,anti-CD20,oncology/rheumatology
rituximab,2018-02-01,0,3840,3840,0,anti-CD20,oncology/rheumatology
rituximab,2018-03-01,0,3549,3549,0,anti-CD20,oncology/rheumatology
rituximab,2018-04-01,0,3124,3124,0,anti-CD20,oncology/rheumatology
rituximab,2018-05-01,0,4655,4655,0,anti-CD20,oncology/rheumatology
rituximab,2018-06-01,0,3449,3449,0,anti-CD20,oncology/rheumatology
rituximab,2018-07-01,0,2963,2963,0,anti-CD20,oncology/rheumatology
rituximab,2018-08-01,0,3501,3501,0,anti-CD20,oncology/rheumatology
rituximab,2018-09-01,0,3347,3347,0,anti-CD20,oncology/rheumatology
rituximab,2018-10-01,0,3255,3255,0,anti-CD20,oncology/rheumatology
rituximab,2018-11-01,0,3541,3541,0,anti-CD20,oncology/rheumatology
rituximab,2018-12-01,0,3303,3303,0,anti-CD20,oncology/rheumatology
rituximab,2019-01-01,0,3132,3132,0,anti-CD20,oncology/rheumatology
rituximab,2019-02-01,0,3116,3116,0,anti-CD20,oncology/rheumatology
rituximab,2019-03-01,0,3502,3502,0,anti-CD20,oncology/rheumatology
rituximab,2019-04-01,0,2764,2764,0,anti-CD20,oncology/rheumatology
rituximab,2019-05-01,0,3932,3932,0,anti-CD20,oncology/rheumatology
rituximab,2019-06-01,0,3704,3704,0,anti-CD20,oncology/rheumatology
rituximab,2019-07-01,0,3280,3280,0,anti-CD20,oncology/rheumatology
rituximab,2019-08-01,0,3582,3582,0,anti-CD20,oncology/rheumatology
rituximab,2019-09-01,0,3089,3089,0,anti-CD20,oncology/rheumatology
rituximab,2019-10-01,0,3151,3151,0,anti-CD20,oncology/rheumatology
rituximab,2019-11-01,5,3286,3291,0.0015192950470981465,anti-CD20,oncology/rheumatology
rituximab,2019-12-01,18,3440,3458,0.005205320994794679,anti-CD20,oncology/rheumatology
rituximab,2020-01-01,6,3956,3962,0.001514386673397274,anti-CD20,oncology/rheumatology
rituximab,2020-02-01,6,3344,3350,0.001791044776119403,anti-CD20,oncology/rheumatology
rituximab,2020-03-01,8,2983,2991,0.0026746907388833165,anti-CD20,oncology/rheumatology
rituximab,2020-04-01,15,3342,3357,0.004468275245755138,anti-CD20,oncology/rheumatology
rituximab,2020-05-01,32,3191,3223,0.009928637914986037,anti-CD20,oncology/rheumatology
rituximab,2020-06-01,46,2985,3031,0.015176509402837348,anti-CD20,oncology/rheumatology
rituximab,2020-07-01,89,3294,3383,0.026308010641442506,anti-CD20,oncology/rheumatology
rituximab,2020-08-01,81,3354,3435,0.023580786026200874,anti-CD20,oncology/rheumatology
rituximab,2020-09-01,108,2993,3101,0.034827475008061916,anti-CD20,oncology/rheumatology
rituximab,2020-10-01,102,3211,3313,0.030787805614246905,anti-CD20,oncology/rheumatology
rituximab,2020-11-01,81,2822,2903,0.027902170168790905,anti-CD20,oncology/rheumatology
rituximab,2020-12-01,127,3703,3830,0.03315926892950392,anti-CD20,oncology/rheumatology
rituximab,2021-01-01,73,2888,2961,0.02465383316447146,anti-CD20,oncology/rheumatology
rituximab,2021-02-01,138,3406,3544,0.03893905191873589,anti-CD20,oncology/rheumatology
rituximab,2021-03-01,129,3953,4082,0.031602155805977465,anti-CD20,oncology/rheumatology
rituximab,2021-04-01,139,3522,3661,0.03796776836929801,anti-CD20,oncology/rheumatology
rituximab,2021-05-01,137,3214,3351,0.0408833184124142,anti-CD20,oncology/rheumatology
rituximab,2021-06-01,121,3041,3162,0.038266919671094246,anti-CD20,oncology/rheumatology
rituximab,2021-07-01,181,3307,3488,0.051892201834862386,anti-CD20,oncology/rheumatology
rituximab,2021-08-01,169,3253,3422,0.049386323787258914,anti-CD20,oncology/rheumatology
rituximab,2021-09-01,188,3381,3569,0.05267581955729896,anti-CD20,oncology/rheumatology
rituximab,2021-10-01,184,2926,3110,0.059163987138263666,anti-CD20,oncology/rheumatology
rituximab,2021-11-01,252,3012,3264,0.07720588235294118,anti-CD20,oncology/rheumatology
rituximab,2021-12-01,206,2988,3194,0.06449592986850344,anti-CD20,oncology/rheumatology
rituximab,2022-01-01,187,2489,2676,0.06988041853512705,anti-CD20,oncology/rheumatology
rituximab,2022-02-01,178,2500,2678,0.06646751306945482,anti-CD20,oncology/rheumatology
rituximab,2022-03-01,225,2975,3200,0.0703125,anti-CD20,oncology/rheumatology
rituximab,2022-04-01,184,2461,2645,0.06956521739130435,anti-CD20,oncology/rheumatology
rituximab,2022-05-01,264,2911,3175,0.0831496062992126,anti-CD20,oncology/rheumatology
rituximab,2022-06-01,254,2815,3069,0.08276311502117954,anti-CD20,oncology/rheumatology
rituximab,2022-07-01,236,2618,2854,0.08269096005606166,anti-CD20,oncology/rheumatology
rituximab,2022-08-01,224,2786,3010,0.07441860465116279,anti-CD20,oncology/rheumatology
rituximab,2022-09-01,1528,1686,3214,0.47542003733665217,anti-CD20,oncology/rheumatology
rituximab,2022-10-01,2425,1172,3597,0.6741729218793439,anti-CD20,oncology/rheumatology
rituximab,2022-11-01,3288,743,4031,0.8156784916894071,anti-CD20,oncology/rheumatology
rituximab,2022-12-01,3465,422,3887,0.8914329817339851,anti-CD20,oncology/rheumatology
rituximab,2023-01-01,3480,263,3743,0.9297355062783863,anti-CD20,oncology/rheumatology
rituximab,2023-02-01,3451,151,3602,0.9580788450860633,anti-CD20,oncology/rheumatology
rituximab,2023-03-01,4238,0,4238,1,anti-CD20,oncology/rheumatology
rituximab,2023-04-01,3502,0,3502,1,anti-CD20,oncology/rheumatology
rituximab,2023-05-01,4250,0,4250,1,anti-CD20,oncology/rheumatology
rituximab,2023-06-01,4163,0,4163,1,anti-CD20,oncology/rheumatology
rituximab,2023-07-01,3747,0,3747,1,anti-CD20,oncology/rheumatology
rituximab,2023-08-01,4290,0,4290,1,anti-CD20,oncology/rheumatology
rituximab,2023-09-01,4023,0,4023,1,anti-CD20,oncology/rheumatology
rituximab,2023-10-01,4386,0,4386,1,anti-CD20,oncology/rheumatology
rituximab,2023-11-01,4606,0,4606,1,anti-CD20,oncology/rheumatology
rituximab,2023-12-01,4061,0,4061,1,anti-CD20,oncology/rheumatology
rituximab,2024-01-01,4248,0,4248,1,anti-CD20,oncology/rheumatology
rituximab,2024-02-01,4158,0,4158,1,anti-CD20,oncology/rheumatology
rituximab,2024-03-01,4130,0,4130,1,anti-CD20,oncology/rheumatology
rituximab,2024-04-01,4283,0,4283,1,anti-CD20,oncology/rheumatology
rituximab,2024-05-01,4948,0,4948,1,anti-CD20,oncology/rheumatology
rituximab,2024-06-01,4152,0,4152,1,anti-CD20,oncology/rheumatology
rituximab,2024-07-01,4708,0,4708,1,anti-CD20,oncology/rheumatology
rituximab,2024-08-01,4479,0,4479,1,anti-CD20,oncology/rheumatology
rituximab,2024-09-01,4223,0,4223,1,anti-CD20,oncology/rheumatology
rituximab,2024-10-01,4940,0,4940,1,anti-CD20,oncology/rheumatology
rituximab,2024-11-01,4543,0,4543,1,anti-CD20,oncology/rheumatology
rituximab,2024-12-01,4491,0,4491,1,anti-CD20,oncology/rheumatology
rituximab,2025-01-01,4647,0,4647,1,anti-CD20,oncology/rheumatology
rituximab,2025-02-01,4435,0,4435,1,anti-CD20,oncology/rheumatology
rituximab,2025-03-01,4637,0,4637,1,anti-CD20,oncology/rheumatology
rituximab,2025-04-01,4466,0,4466,1,anti-CD20,oncology/rheumatology
rituximab,2025-05-01,5083,0,5083,1,anti-CD20,oncology/rheumatology
rituximab,2025-06-01,4692,0,4692,1,anti-CD20,oncology/rheumatology
rituximab,2025-07-01,5147,0,5147,1,anti-CD20,oncology/rheumatology
rituximab,2025-08-01,4670,0,4670,1,anti-CD20,oncology/rheumatology
rituximab,2025-09-01,4901,0,4901,1,anti-CD20,oncology/rheumatology
rituximab,2025-10-01,5120,0,5120,1,anti-CD20,oncology/rheumatology
rituximab,2025-11-01,4792,0,4792,1,anti-CD20,oncology/rheumatology
trastuzumab,2009-01-01,0,1674,1674,0,anti-HER2,oncology
trastuzumab,2009-02-01,0,1636,1636,0,anti-HER2,oncology
trastuzumab,2009-03-01,0,1786,1786,0,anti-HER2,oncology
trastuzumab,2009-04-01,0,1851,1851,0,anti-HER2,oncology
trastuzumab,2009-05-01,0,1706,1706,0,anti-HER2,oncology
trastuzumab,2009-06-01,0,1610,1610,0,anti-HER2,oncology
trastuzumab,2009-07-01,0,1739,1739,0,anti-HER2,oncology
trastuzumab,2009-08-01,0,1782,1782,0,anti-HER2,oncology
trastuzumab,2009-09-01,0,1673,1673,0,anti-HER2,oncology
trastuzumab,2009-10-01,0,1912,1912,0,anti-HER2,oncology
trastuzumab,2009-11-01,0,1706,1706,0,anti-HER2,oncology
trastuzumab,2009-12-01,0,1713,1713,0,anti-HER2,oncology
trastuzumab,2010-01-01,0,2073,2073,0,anti-HER2,oncology
trastuzumab,2010-02-01,0,1747,1747,0,anti-HER2,oncology
trastuzumab,2010-03-01,0,2034,2034,0,anti-HER2,oncology
trastuzumab,2010-04-01,0,1568,1568,0,anti-HER2,oncology
trastuzumab,2010-05-01,0,1815,1815,0,anti-HER2,oncology
trastuzumab,2010-06-01,0,1835,1835,0,anti-HER2,oncology
trastuzumab,2010-07-01,0,1983,1983,0,anti-HER2,oncology
trastuzumab,2010-08-01,0,1746,1746,0,anti-HER2,oncology
trastuzumab,2010-09-01,0,1721,1721,0,anti-HER2,oncology
trastuzumab,2010-10-01,0,1969,1969,0,anti-HER2,oncology
trastuzumab,2010-11-01,0,1791,1791,0,anti-HER2,oncology
trastuzumab,2010-12-01,0,1463,1463,0,anti-HER2,oncology
trastuzumab,2011-01-01,0,1911,1911,0,anti-HER2,oncology
trastuzumab,2011-02-01,0,1843,1843,0,anti-HER2,oncology
trastuzumab,2011-03-01,0,2091,2091,0,anti-HER2,oncology
trastuzumab,2011-04-01,0,2053,2053,0,anti-HER2,oncology
trastuzumab,2011-05-01,0,2001,2001,0,anti-HER2,oncology
trastuzumab,2011-06-01,0,2153,2153,0,anti-HER2,oncology
trastuzumab,2011-07-01,0,2662,2662,0,anti-HER2,oncology
trastuzumab,2011-08-01,0,2266,2266,0,anti-HER2,oncology
trastuzumab,2011-09-01,0,2376,2376,0,anti-HER2,oncology
trastuzumab,2011-10-01,0,2109,2109,0,anti-HER2,oncology
trastuzumab,2011-11-01,0,2294,2294,0,anti-HER2,oncology
trastuzumab,2011-12-01,0,1879,1879,0,anti-HER2,oncology
trastuzumab,2012-01-01,0,2409,2409,0,anti-HER2,oncology
trastuzumab,2012-02-01,0,1597,1597,0,anti-HER2,oncology
trastuzumab,2012-03-01,0,2341,2341,0,anti-HER2,oncology
trastuzumab,2012-04-01,0,2210,2210,0,anti-HER2,oncology
trastuzumab,2012-05-01,0,3023,3023,0,anti-HER2,oncology
trastuzumab,2012-06-01,0,2719,2719,0,anti-HER2,oncology
trastuzumab,2012-07-01,0,2320,2320,0,anti-HER2,oncology
trastuzumab,2012-08-01,0,1846,1846,0,anti-HER2,oncology
trastuzumab,2012-09-01,0,3008,3008,0,anti-HER2,oncology
trastuzumab,2012-10-01,0,2066,2066,0,anti-HER2,oncology
trastuzumab,2012-11-01,0,2478,2478,0,anti-HER2,oncology
trastuzumab,2012-12-01,0,1401,1401,0,anti-HER2,oncology
trastuzumab,2013-01-01,0,2641,2641,0,anti-HER2,oncology
trastuzumab,2013-02-01,0,1953,1953,0,anti-HER2,oncology
trastuzumab,2013-03-01,0,2581,2581,0,anti-HER2,oncology
trastuzumab,2013-04-01,0,2189,2189,0,anti-HER2,oncology
trastuzumab,2013-05-01,0,2356,2356,0,anti-HER2,oncology
trastuzumab,2013-06-01,0,2491,2491,0,anti-HER2,oncology
trastuzumab,2013-07-01,0,2137,2137,0,anti-HER2,oncology
trastuzumab,2013-08-01,0,2493,2493,0,anti-HER2,oncology
trastuzumab,2013-09-01,0,2791,2791,0,anti-HER2,oncology
trastuzumab,2013-10-01,0,2138,2138,0,anti-HER2,oncology
trastuzumab,2013-11-01,0,2209,2209,0,anti-HER2,oncology
trastuzumab,2013-12-01,0,2488,2488,0,anti-HER2,oncology
trastuzumab,2014-01-01,0,2566,2566,0,anti-HER2,oncology
trastuzumab,2014-02-01,0,2159,2159,0,anti-HER2,oncology
trastuzumab,2014-03-01,0,2970,2970,0,anti-HER2,oncology
trastuzumab,2014-04-01,0,2567,2567,0,anti-HER2,oncology
trastuzumab,2014-05-01,0,3813,3813,0,anti-HER2,oncology
trastuzumab,2014-06-01,0,2908,2908,0,anti-HER2,oncology
trastuzumab,2014-07-01,0,2258,2258,0,anti-HER2,oncology
trastuzumab,2014-08-01,0,2557,2557,0,anti-HER2,oncology
trastuzumab,2014-09-01,0,2386,2386,0,anti-HER2,oncology
trastuzumab,2014-10-01,0,2457,2457,0,anti-HER2,oncology
trastuzumab,2014-11-01,0,2465,2465,0,anti-HER2,oncology
trastuzumab,2014-12-01,0,2212,2212,0,anti-HER2,oncology
trastuzumab,2015-01-01,0,2652,2652,0,anti-HER2,oncology
trastuzumab,2015-02-01,0,3094,3094,0,anti-HER2,oncology
trastuzumab,2015-03-01,0,3067,3067,0,anti-HER2,oncology
trastuzumab,2015-04-01,0,2241,2241,0,anti-HER2,oncology
trastuzumab,2015-05-01,0,4239,4239,0,anti-HER2,oncology
trastuzumab,2015-06-01,0,2794,2794,0,anti-HER2,oncology
trastuzumab,2015-07-01,0,3106,3106,0,anti-HER2,oncology
trastuzumab,2015-08-01,0,3386,3386,0,anti-HER2,oncology
trastuzumab,2015-09-01,0,3817,3817,0,anti-HER2,oncology
trastuzumab,2015-10-01,0,4044,4044,0,anti-HER2,oncology
trastuzumab,2015-11-01,0,3804,3804,0,anti-HER2,oncology
trastuzumab,2015-12-01,0,4417,4417,0,anti-HER2,oncology
trastuzumab,2016-01-01,0,3938,3938,0,anti-HER2,oncology
trastuzumab,2016-02-01,0,4347,4347,0,anti-HER2,oncology
trastuzumab,2016-03-01,0,4933,4933,0,anti-HER2,oncology
trastuzumab,2016-04-01,0,4004,4004,0,anti-HER2,oncology
trastuzumab,2016-05-01,0,4487,4487,0,anti-HER2,oncology
trastuzumab,2016-06-01,0,3877,3877,0,anti-HER2,oncology
trastuzumab,2016-07-01,0,5179,5179,0,anti-HER2,oncology
trastuzumab,2016-08-01,0,4268,4268,0,anti-HER2,oncology
trastuzumab,2016-09-01,0,4097,4097,0,anti-HER2,oncology
trastuzumab,2016-10-01,0,3871,3871,0,anti-HER2,oncology
trastuzumab,2016-11-01,0,3898,3898,0,anti-HER2,oncology
trastuzumab,2016-12-01,0,4775,4775,0,anti-HER2,oncology
trastuzumab,2017-01-01,0,4022,4022,0,anti-HER2,oncology
trastuzumab,2017-02-01,0,4710,4710,0,anti-HER2,oncology
trastuzumab,2017-03-01,0,5029,5029,0,anti-HER2,oncology
trastuzumab,2017-04-01,0,3785,3785,0,anti-HER2,oncology
trastuzumab,2017-05-01,0,4327,4327,0,anti-HER2,oncology
trastuzumab,2017-06-01,0,5204,5204,0,anti-HER2,oncology
trastuzumab,2017-07-01,0,4144,4144,0,anti-HER2,oncology
trastuzumab,2017-08-01,0,5030,5030,0,anti-HER2,oncology
trastuzumab,2017-09-01,0,4734,4734,0,anti-HER2,oncology
trastuzumab,2017-10-01,0,3967,3967,0,anti-HER2,oncology
trastuzumab,2017-11-01,0,4780,4780,0,anti-HER2,oncology
trastuzumab,2017-12-01,0,4415,4415,0,anti-HER2,oncology
trastuzumab,2018-01-01,0,3968,3968,0,anti-HER2,oncology
trastuzumab,2018-02-01,0,5210,5210,0,anti-HER2,oncology
trastuzumab,2018-03-01,0,4648,4648,0,anti-HER2,oncology
trastuzumab,2018-04-01,0,4275,4275,0,anti-HER2,oncology
trastuzumab,2018-05-01,0,6517,6517,0,anti-HER2,oncology
trastuzumab,2018-06-01,0,4628,4628,0,anti-HER2,oncology
trastuzumab,2018-07-01,0,3959,3959,0,anti-HER2,oncology
trastuzumab,2018-08-01,0,4563,4563,0,anti-HER2,oncology
trastuzumab,2018-09-01,0,4636,4636,0,anti-HER2,oncology
trastuzumab,2018-10-01,0,4353,4353,0,anti-HER2,oncology
trastuzumab,2018-11-01,0,4511,4511,0,anti-HER2,oncology
trastuzumab,2018-12-01,0,5175,5175,0,anti-HER2,oncology
trastuzumab,2019-01-01,0,4612,4612,0,anti-HER2,oncology
trastuzumab,2019-02-01,0,4307,4307,0,anti-HER2,oncology
trastuzumab,2019-03-01,0,5217,5217,0,anti-HER2,oncology
trastuzumab,2019-04-01,0,3976,3976,0,anti-HER2,oncology
trastuzumab,2019-05-01,0,6017,6017,0,anti-HER2,oncology
trastuzumab,2019-06-01,0,5215,5215,0,anti-HER2,oncology
trastuzumab,2019-07-01,0,5127,5127,0,anti-HER2,oncology
trastuzumab,2019-08-01,4259,700,4959,0.8588425085702762,anti-HER2,oncology
trastuzumab,2019-09-01,3760,749,4509,0.8338877799955644,anti-HER2,oncology
trastuzumab,2019-10-01,3930,678,4608,0.8528645833333334,anti-HER2,oncology
trastuzumab,2019-11-01,4490,725,5215,0.8609779482262704,anti-HER2,oncology
trastuzumab,2019-12-01,4241,767,5008,0.8468450479233227,anti-HER2,oncology
trastuzumab,2020-01-01,5459,819,6278,0.8695444409047467,anti-HER2,oncology
trastuzumab,2020-02-01,4295,687,4982,0.8621035728623043,anti-HER2,oncology
trastuzumab,2020-03-01,3856,661,4517,0.8536639362408678,anti-HER2,oncology
trastuzumab,2020-04-01,4855,714,5569,0.8717902675525229,anti-HER2,oncology
trastuzumab,2020-05-01,4389,776,5165,0.8497579864472411,anti-HER2,oncology
trastuzumab,2020-06-01,4033,740,4773,0.8449612403100775,anti-HER2,oncology
trastuzumab,2020-07-01,4578,803,5381,0.8507712321129901,anti-HER2,oncology
trastuzumab,2020-08-01,5052,778,5830,0.8665523156089194,anti-HER2,oncology
trastuzumab,2020-09-01,3994,859,4853,0.8229960848959407,anti-HER2,oncology
trastuzumab,2020-10-01,4418,725,5143,0.8590316935640676,anti-HER2,oncology
trastuzumab,2020-11-01,3887,605,4492,0.8653161175422974,anti-HER2,oncology
trastuzumab,2020-12-01,4556,823,5379,0.8469975831939022,anti-HER2,oncology
trastuzumab,2021-01-01,3921,640,4561,0.859679894759921,anti-HER2,oncology
trastuzumab,2021-02-01,4627,812,5439,0.8507078507078507,anti-HER2,oncology
trastuzumab,2021-03-01,5459,817,6276,0.8698215423836839,anti-HER2,oncology
trastuzumab,2021-04-01,4460,1011,5471,0.8152074575031987,anti-HER2,oncology
trastuzumab,2021-05-01,4544,719,5263,0.8633859015770473,anti-HER2,oncology
trastuzumab,2021-06-01,4002,831,4833,0.8280571073867163,anti-HER2,oncology
trastuzumab,2021-07-01,4479,777,5256,0.8521689497716894,anti-HER2,oncology
trastuzumab,2021-08-01,4515,817,5332,0.8467741935483871,anti-HER2,oncology
trastuzumab,2021-09-01,4664,820,5484,0.8504741064916119,anti-HER2,oncology
trastuzumab,2021-10-01,4148,809,4957,0.8367964494654024,anti-HER2,oncology
trastuzumab,2021-11-01,4601,795,5396,0.8526686434395849,anti-HER2,oncology
trastuzumab,2021-12-01,4557,868,5425,0.84,anti-HER2,oncology
trastuzumab,2022-01-01,4158,746,4904,0.8478792822185971,anti-HER2,oncology
trastuzumab,2022-02-01,4063,766,4829,0.8413750258852765,anti-HER2,oncology
trastuzumab,2022-03-01,4778,855,5633,0.8482158707615836,anti-HER2,oncology
trastuzumab,2022-04-01,4069,748,4817,0.8447166286070168,anti-HER2,oncology
trastuzumab,2022-05-01,4468,767,5235,0.8534861509073544,anti-HER2,oncology
trastuzumab,2022-06-01,4423,785,5208,0.8492703533026114,anti-HER2,oncology
trastuzumab,2022-07-01,4051,735,4786,0.8464270789803594,anti-HER2,oncology
trastuzumab,2022-08-01,4528,812,5340,0.847940074906367,anti-HER2,oncology
trastuzumab,2022-09-01,4257,743,5000,0.8514,anti-HER2,oncology
trastuzumab,2022-10-01,4065,729,4794,0.8479349186483104,anti-HER2,oncology
trastuzumab,2022-11-01,4310,764,5074,0.8494284588096177,anti-HER2,oncology
trastuzumab,2022-12-01,4300,788,5088,0.845125786163522,anti-HER2,oncology
trastuzumab,2023-01-01,4167,782,4949,0.8419882804606992,anti-HER2,oncology
trastuzumab,2023-02-01,3959,735,4694,0.8434171282488283,anti-HER2,oncology
trastuzumab,2023-03-01,4534,912,5446,0.8325376423062798,anti-HER2,oncology
trastuzumab,2023-04-01,3783,791,4574,0.8270660253607346,anti-HER2,oncology
trastuzumab,2023-05-01,4778,985,5763,0.8290820753079993,anti-HER2,oncology
trastuzumab,2023-06-01,4511,924,5435,0.8299908003679852,anti-HER2,oncology
trastuzumab,2023-07-01,4221,874,5095,0.828459273797841,anti-HER2,oncology
trastuzumab,2023-08-01,4845,971,5816,0.8330467675378267,anti-HER2,oncology
trastuzumab,2023-09-01,4462,898,5360,0.8324626865671642,anti-HER2,oncology
trastuzumab,2023-10-01,4609,908,5517,0.8354177995287294,anti-HER2,oncology
trastuzumab,2023-11-01,4666,978,5644,0.8267186392629341,anti-HER2,oncology
trastuzumab,2023-12-01,4315,876,5191,0.8312463879791948,anti-HER2,oncology
trastuzumab,2024-01-01,4808,1003,5811,0.8273963173292033,anti-HER2,oncology
trastuzumab,2024-02-01,4503,908,5411,0.8321936795416743,anti-HER2,oncology
trastuzumab,2024-03-01,4547,928,5475,0.8305022831050228,anti-HER2,oncology
trastuzumab,2024-04-01,4641,948,5589,0.8303811057434246,anti-HER2,oncology
trastuzumab,2024-05-01,4900,1020,5920,0.8277027027027027,anti-HER2,oncology
trastuzumab,2024-06-01,4314,904,5218,0.826753545419701,anti-HER2,oncology
trastuzumab,2024-07-01,4829,1034,5863,0.8236397748592871,anti-HER2,oncology
trastuzumab,2024-08-01,4648,1015,5663,0.8207663782447466,anti-HER2,oncology
trastuzumab,2024-09-01,4447,956,5403,0.8230612622617065,anti-HER2,oncology
trastuzumab,2024-10-01,5013,1045,6058,0.8275008253549027,anti-HER2,oncology
trastuzumab,2024-11-01,4450,940,5390,0.8256029684601113,anti-HER2,oncology
trastuzumab,2024-12-01,4719,988,5707,0.826879271070615,anti-HER2,oncology
trastuzumab,2025-01-01,4845,1023,5868,0.8256646216768916,anti-HER2,oncology
trastuzumab,2025-02-01,4338,949,5287,0.8205031208624929,anti-HER2,oncology
trastuzumab,2025-03-01,4555,960,5515,0.8259292837715322,anti-HER2,oncology
trastuzumab,2025-04-01,4774,1000,5774,0.826809837201247,anti-HER2,oncology
trastuzumab,2025-05-01,4858,1079,5937,0.8182583796530234,anti-HER2,oncology
trastuzumab,2025-06-01,4635,998,5633,0.8228297532398366,anti-HER2,oncology
trastuzumab,2025-07-01,5013,1122,6135,0.8171149144254278,anti-HER2,oncology
trastuzumab,2025-08-01,4547,981,5528,0.8225397973950795,anti-HER2,oncology
trastuzumab,2025-09-01,4947,1031,5978,0.8275342924054868,anti-HER2,oncology
trastuzumab,2025-10-01,5135,1079,6214,0.8263598326359832,anti-HER2,oncology
trastuzumab,2025-11-01,4272,950,5222,0.8180773649942551,anti-HER2,oncology
