molecule,period,state,biosimilar_rx,reference_rx,total_rx,biosimilar_share
adalimumab,2009-01-01,ACT,0,111,111,0
adalimumab,2009-02-01,ACT,0,80,80,0
adalimumab,2009-03-01,ACT,0,121,121,0
adalimumab,2009-04-01,ACT,0,143,143,0
adalimumab,2009-05-01,ACT,0,120,120,0
adalimumab,2009-06-01,ACT,0,101,101,0
adalimumab,2009-07-01,ACT,0,145,145,0
adalimumab,2009-08-01,ACT,0,128,128,0
adalimumab,2009-09-01,ACT,0,113,113,0
adalimumab,2009-10-01,ACT,0,138,138,0
adalimumab,2009-11-01,ACT,0,113,113,0
adalimumab,2009-12-01,ACT,0,169,169,0
adalimumab,2010-01-01,ACT,0,183,183,0
adalimumab,2010-02-01,ACT,0,123,123,0
adalimumab,2010-03-01,ACT,0,173,173,0
adalimumab,2010-04-01,ACT,0,97,97,0
adalimumab,2010-05-01,ACT,0,142,142,0
adalimumab,2010-06-01,ACT,0,167,167,0
adalimumab,2010-07-01,ACT,0,147,147,0
adalimumab,2010-08-01,ACT,0,137,137,0
adalimumab,2010-09-01,ACT,0,151,151,0
adalimumab,2010-10-01,ACT,0,167,167,0
adalimumab,2010-11-01,ACT,0,168,168,0
adalimumab,2010-12-01,ACT,0,122,122,0
adalimumab,2011-01-01,ACT,0,149,149,0
adalimumab,2011-02-01,ACT,0,135,135,0
adalimumab,2011-03-01,ACT,0,191,191,0
adalimumab,2011-04-01,ACT,0,153,153,0
adalimumab,2011-05-01,ACT,0,204,204,0
adalimumab,2011-06-01,ACT,0,147,147,0
adalimumab,2011-07-01,ACT,0,164,164,0
adalimumab,2011-08-01,ACT,0,176,176,0
adalimumab,2011-09-01,ACT,0,167,167,0
adalimumab,2011-10-01,ACT,0,146,146,0
adalimumab,2011-11-01,ACT,0,122,122,0
adalimumab,2011-12-01,ACT,0,144,144,0
adalimumab,2012-01-01,ACT,0,166,166,0
adalimumab,2012-02-01,ACT,0,83,83,0
adalimumab,2012-03-01,ACT,0,221,221,0
adalimumab,2012-04-01,ACT,0,144,144,0
adalimumab,2012-05-01,ACT,0,192,192,0
adalimumab,2012-06-01,ACT,0,345,345,0
adalimumab,2012-07-01,ACT,0,163,163,0
adalimumab,2012-08-01,ACT,0,183,183,0
adalimumab,2012-09-01,ACT,0,295,295,0
adalimumab,2012-10-01,ACT,0,209,209,0
adalimumab,2012-11-01,ACT,0,220,220,0
adalimumab,2012-12-01,ACT,0,106,106,0
adalimumab,2013-01-01,ACT,0,236,236,0
adalimumab,2013-02-01,ACT,0,172,172,0
adalimumab,2013-03-01,ACT,0,174,174,0
adalimumab,2013-04-01,ACT,0,156,156,0
adalimumab,2013-05-01,ACT,0,228,228,0
adalimumab,2013-06-01,ACT,0,239,239,0
adalimumab,2013-07-01,ACT,0,197,197,0
adalimumab,2013-08-01,ACT,0,170,170,0
adalimumab,2013-09-01,ACT,0,157,157,0
adalimumab,2013-10-01,ACT,0,156,156,0
adalimumab,2013-11-01,ACT,0,122,122,0
adalimumab,2013-12-01,ACT,0,141,141,0
adalimumab,2014-01-01,ACT,0,142,142,0
adalimumab,2014-02-01,ACT,0,70,70,0
adalimumab,2014-03-01,ACT,0,435,435,0
adalimumab,2014-04-01,ACT,0,672,672,0
adalimumab,2014-05-01,ACT,0,307,307,0
adalimumab,2014-06-01,ACT,0,294,294,0
adalimumab,2014-07-01,ACT,0,268,268,0
adalimumab,2014-08-01,ACT,0,303,303,0
adalimumab,2014-09-01,ACT,0,231,231,0
adalimumab,2014-10-01,ACT,0,205,205,0
adalimumab,2014-11-01,ACT,0,299,299,0
adalimumab,2014-12-01,ACT,0,215,215,0
adalimumab,2015-01-01,ACT,0,248,248,0
adalimumab,2015-02-01,ACT,0,472,472,0
adalimumab,2015-03-01,ACT,0,283,283,0
adalimumab,2015-04-01,ACT,0,318,318,0
adalimumab,2015-05-01,ACT,0,386,386,0
adalimumab,2015-06-01,ACT,0,325,325,0
adalimumab,2015-07-01,ACT,0,367,367,0
adalimumab,2015-08-01,ACT,0,300,300,0
adalimumab,2015-09-01,ACT,0,334,334,0
adalimumab,2015-10-01,ACT,0,334,334,0
adalimumab,2015-11-01,ACT,0,319,319,0
adalimumab,2015-12-01,ACT,0,370,370,0
adalimumab,2016-01-01,ACT,0,269,269,0
adalimumab,2016-02-01,ACT,0,321,321,0
adalimumab,2016-03-01,ACT,0,437,437,0
adalimumab,2016-04-01,ACT,0,300,300,0
adalimumab,2016-05-01,ACT,0,359,359,0
adalimumab,2016-06-01,ACT,0,332,332,0
adalimumab,2016-07-01,ACT,0,328,328,0
adalimumab,2016-08-01,ACT,0,377,377,0
adalimumab,2016-09-01,ACT,0,323,323,0
adalimumab,2016-10-01,ACT,0,378,378,0
adalimumab,2016-11-01,ACT,0,376,376,0
adalimumab,2016-12-01,ACT,0,447,447,0
adalimumab,2017-01-01,ACT,0,323,323,0
adalimumab,2017-02-01,ACT,0,326,326,0
adalimumab,2017-03-01,ACT,0,411,411,0
adalimumab,2017-04-01,ACT,0,399,399,0
adalimumab,2017-05-01,ACT,0,394,394,0
adalimumab,2017-06-01,ACT,0,370,370,0
adalimumab,2017-07-01,ACT,0,381,381,0
adalimumab,2017-08-01,ACT,0,409,409,0
adalimumab,2017-09-01,ACT,0,355,355,0
adalimumab,2017-10-01,ACT,0,417,417,0
adalimumab,2017-11-01,ACT,0,408,408,0
adalimumab,2017-12-01,ACT,0,431,431,0
adalimumab,2018-01-01,ACT,0,377,377,0
adalimumab,2018-02-01,ACT,0,368,368,0
adalimumab,2018-03-01,ACT,0,435,435,0
adalimumab,2018-04-01,ACT,0,369,369,0
adalimumab,2018-05-01,ACT,0,456,456,0
adalimumab,2018-06-01,ACT,0,353,353,0
adalimumab,2018-07-01,ACT,0,370,370,0
adalimumab,2018-08-01,ACT,0,484,484,0
adalimumab,2018-09-01,ACT,0,390,390,0
adalimumab,2018-10-01,ACT,0,444,444,0
adalimumab,2018-11-01,ACT,0,413,413,0
adalimumab,2018-12-01,ACT,0,425,425,0
adalimumab,2019-01-01,ACT,0,429,429,0
adalimumab,2019-02-01,ACT,0,388,388,0
adalimumab,2019-03-01,ACT,0,389,389,0
adalimumab,2019-04-01,ACT,0,409,409,0
adalimumab,2019-05-01,ACT,0,460,460,0
adalimumab,2019-06-01,ACT,0,397,397,0
adalimumab,2019-07-01,ACT,0,379,379,0
adalimumab,2019-08-01,ACT,0,422,422,0
adalimumab,2019-09-01,ACT,0,381,381,0
adalimumab,2019-10-01,ACT,0,471,471,0
adalimumab,2019-11-01,ACT,0,352,352,0
adalimumab,2019-12-01,ACT,0,386,386,0
adalimumab,2020-01-01,ACT,0,533,533,0
adalimumab,2020-02-01,ACT,0,324,324,0
adalimumab,2020-03-01,ACT,0,423,423,0
adalimumab,2020-04-01,ACT,0,428,428,0
adalimumab,2020-05-01,ACT,0,447,447,0
adalimumab,2020-06-01,ACT,0,327,327,0
adalimumab,2020-07-01,ACT,0,420,420,0
adalimumab,2020-08-01,ACT,0,433,433,0
adalimumab,2020-09-01,ACT,0,384,384,0
adalimumab,2020-10-01,ACT,0,457,457,0
adalimumab,2020-11-01,ACT,0,401,401,0
adalimumab,2020-12-01,ACT,0,429,429,0
adalimumab,2021-01-01,ACT,0,427,427,0
adalimumab,2021-02-01,ACT,0,477,477,0
adalimumab,2021-03-01,ACT,0,390,390,0
adalimumab,2021-04-01,ACT,498,46,544,0.9154411764705882
adalimumab,2021-05-01,ACT,304,89,393,0.7735368956743003
adalimumab,2021-06-01,ACT,228,186,414,0.5507246376811594
adalimumab,2021-07-01,ACT,174,328,502,0.3466135458167331
adalimumab,2021-08-01,ACT,107,358,465,0.23010752688172043
adalimumab,2021-09-01,ACT,114,380,494,0.23076923076923078
adalimumab,2021-10-01,ACT,95,403,498,0.19076305220883535
adalimumab,2021-11-01,ACT,80,356,436,0.1834862385321101
adalimumab,2021-12-01,ACT,91,415,506,0.17984189723320157
adalimumab,2022-01-01,ACT,80,460,540,0.14814814814814814
adalimumab,2022-02-01,ACT,61,356,417,0.14628297362110312
adalimumab,2022-03-01,ACT,93,480,573,0.16230366492146597
adalimumab,2022-04-01,ACT,93,378,471,0.19745222929936307
adalimumab,2022-05-01,ACT,90,399,489,0.18404907975460122
adalimumab,2022-06-01,ACT,86,460,546,0.1575091575091575
adalimumab,2009-01-01,NSW,0,1240,1240,0
adalimumab,2009-02-01,NSW,0,1310,1310,0
adalimumab,2009-03-01,NSW,0,1728,1728,0
adalimumab,2009-04-01,NSW,0,1878,1878,0
adalimumab,2009-05-01,NSW,0,1530,1530,0
adalimumab,2009-06-01,NSW,0,1516,1516,0
adalimumab,2009-07-01,NSW,0,1740,1740,0
adalimumab,2009-08-01,NSW,0,1798,1798,0
adalimumab,2009-09-01,NSW,0,1549,1549,0
adalimumab,2009-10-01,NSW,0,2031,2031,0
adalimumab,2009-11-01,NSW,0,1703,1703,0
adalimumab,2009-12-01,NSW,0,1963,1963,0
adalimumab,2010-01-01,NSW,0,2441,2441,0
adalimumab,2010-02-01,NSW,0,1896,1896,0
adalimumab,2010-03-01,NSW,0,2306,2306,0
adalimumab,2010-04-01,NSW,0,1618,1618,0
adalimumab,2010-05-01,NSW,0,2182,2182,0
adalimumab,2010-06-01,NSW,0,2092,2092,0
adalimumab,2010-07-01,NSW,0,2357,2357,0
adalimumab,2010-08-01,NSW,0,2215,2215,0
adalimumab,2010-09-01,NSW,0,2128,2128,0
adalimumab,2010-10-01,NSW,0,2128,2128,0
adalimumab,2010-11-01,NSW,0,2400,2400,0
adalimumab,2010-12-01,NSW,0,1741,1741,0
adalimumab,2011-01-01,NSW,0,2195,2195,0
adalimumab,2011-02-01,NSW,0,2358,2358,0
adalimumab,2011-03-01,NSW,0,2657,2657,0
adalimumab,2011-04-01,NSW,0,2406,2406,0
adalimumab,2011-05-01,NSW,0,2537,2537,0
adalimumab,2011-06-01,NSW,0,2317,2317,0
adalimumab,2011-07-01,NSW,0,2761,2761,0
adalimumab,2011-08-01,NSW,0,2343,2343,0
adalimumab,2011-09-01,NSW,0,2638,2638,0
adalimumab,2011-10-01,NSW,0,2166,2166,0
adalimumab,2011-11-01,NSW,0,1987,1987,0
adalimumab,2011-12-01,NSW,0,2117,2117,0
adalimumab,2012-01-01,NSW,0,2157,2157,0
adalimumab,2012-02-01,NSW,0,1622,1622,0
adalimumab,2012-03-01,NSW,0,3025,3025,0
adalimumab,2012-04-01,NSW,0,2385,2385,0
adalimumab,2012-05-01,NSW,0,3480,3480,0
adalimumab,2012-06-01,NSW,0,5040,5040,0
adalimumab,2012-07-01,NSW,0,2369,2369,0
adalimumab,2012-08-01,NSW,0,3151,3151,0
adalimumab,2012-09-01,NSW,0,4481,4481,0
adalimumab,2012-10-01,NSW,0,3115,3115,0
adalimumab,2012-11-01,NSW,0,3072,3072,0
adalimumab,2012-12-01,NSW,0,2024,2024,0
adalimumab,2013-01-01,NSW,0,3549,3549,0
adalimumab,2013-02-01,NSW,0,2864,2864,0
adalimumab,2013-03-01,NSW,0,2595,2595,0
adalimumab,2013-04-01,NSW,0,2786,2786,0
adalimumab,2013-05-01,NSW,0,3445,3445,0
adalimumab,2013-06-01,NSW,0,3227,3227,0
adalimumab,2013-07-01,NSW,0,2688,2688,0
adalimumab,2013-08-01,NSW,0,2768,2768,0
adalimumab,2013-09-01,NSW,0,2815,2815,0
adalimumab,2013-10-01,NSW,0,2711,2711,0
adalimumab,2013-11-01,NSW,0,2424,2424,0
adalimumab,2013-12-01,NSW,0,2281,2281,0
adalimumab,2014-01-01,NSW,0,2327,2327,0
adalimumab,2014-02-01,NSW,0,1299,1299,0
adalimumab,2014-03-01,NSW,0,6335,6335,0
adalimumab,2014-04-01,NSW,0,9375,9375,0
adalimumab,2014-05-01,NSW,0,5471,5471,0
adalimumab,2014-06-01,NSW,0,4219,4219,0
adalimumab,2014-07-01,NSW,0,3432,3432,0
adalimumab,2014-08-01,NSW,0,3989,3989,0
adalimumab,2014-09-01,NSW,0,3686,3686,0
adalimumab,2014-10-01,NSW,0,3352,3352,0
adalimumab,2014-11-01,NSW,0,4055,4055,0
adalimumab,2014-12-01,NSW,0,3244,3244,0
adalimumab,2015-01-01,NSW,0,3429,3429,0
adalimumab,2015-02-01,NSW,0,6194,6194,0
adalimumab,2015-03-01,NSW,0,4730,4730,0
adalimumab,2015-04-01,NSW,0,3626,3626,0
adalimumab,2015-05-01,NSW,0,7064,7064,0
adalimumab,2015-06-01,NSW,0,5134,5134,0
adalimumab,2015-07-01,NSW,0,5606,5606,0
adalimumab,2015-08-01,NSW,0,4582,4582,0
adalimumab,2015-09-01,NSW,0,4372,4372,0
adalimumab,2015-10-01,NSW,0,4375,4375,0
adalimumab,2015-11-01,NSW,0,4474,4474,0
adalimumab,2015-12-01,NSW,0,5130,5130,0
adalimumab,2016-01-01,NSW,0,3892,3892,0
adalimumab,2016-02-01,NSW,0,4770,4770,0
adalimumab,2016-03-01,NSW,0,5235,5235,0
adalimumab,2016-04-01,NSW,0,4546,4546,0
adalimumab,2016-05-01,NSW,0,4652,4652,0
adalimumab,2016-06-01,NSW,0,5149,5149,0
adalimumab,2016-07-01,NSW,0,5020,5020,0
adalimumab,2016-08-01,NSW,0,4785,4785,0
adalimumab,2016-09-01,NSW,0,4719,4719,0
adalimumab,2016-10-01,NSW,0,4647,4647,0
adalimumab,2016-11-01,NSW,0,5044,5044,0
adalimumab,2016-12-01,NSW,0,5450,5450,0
adalimumab,2017-01-01,NSW,0,4310,4310,0
adalimumab,2017-02-01,NSW,0,4612,4612,0
adalimumab,2017-03-01,NSW,0,5455,5455,0
adalimumab,2017-04-01,NSW,0,4964,4964,0
adalimumab,2017-05-01,NSW,0,5397,5397,0
adalimumab,2017-06-01,NSW,0,5340,5340,0
adalimumab,2017-07-01,NSW,0,5009,5009,0
adalimumab,2017-08-01,NSW,0,5409,5409,0
adalimumab,2017-09-01,NSW,0,5177,5177,0
adalimumab,2017-10-01,NSW,0,5302,5302,0
adalimumab,2017-11-01,NSW,0,5567,5567,0
adalimumab,2017-12-01,NSW,0,5902,5902,0
adalimumab,2018-01-01,NSW,0,5467,5467,0
adalimumab,2018-02-01,NSW,0,5259,5259,0
adalimumab,2018-03-01,NSW,0,5419,5419,0
adalimumab,2018-04-01,NSW,0,5535,5535,0
adalimumab,2018-05-01,NSW,0,6253,6253,0
adalimumab,2018-06-01,NSW,0,5938,5938,0
adalimumab,2018-07-01,NSW,0,5024,5024,0
adalimumab,2018-08-01,NSW,0,5993,5993,0
adalimumab,2018-09-01,NSW,0,5550,5550,0
adalimumab,2018-10-01,NSW,0,5674,5674,0
adalimumab,2018-11-01,NSW,0,5740,5740,0
adalimumab,2018-12-01,NSW,0,6400,6400,0
adalimumab,2019-01-01,NSW,0,5495,5495,0
adalimumab,2019-02-01,NSW,0,5892,5892,0
adalimumab,2019-03-01,NSW,0,6280,6280,0
adalimumab,2019-04-01,NSW,0,5807,5807,0
adalimumab,2019-05-01,NSW,0,6408,6408,0
adalimumab,2019-06-01,NSW,0,6041,6041,0
adalimumab,2019-07-01,NSW,0,6048,6048,0
adalimumab,2019-08-01,NSW,0,6341,6341,0
adalimumab,2019-09-01,NSW,0,5704,5704,0
adalimumab,2019-10-01,NSW,0,6302,6302,0
adalimumab,2019-11-01,NSW,0,6538,6538,0
adalimumab,2019-12-01,NSW,0,7386,7386,0
adalimumab,2020-01-01,NSW,0,6790,6790,0
adalimumab,2020-02-01,NSW,0,6006,6006,0
adalimumab,2020-03-01,NSW,0,6457,6457,0
adalimumab,2020-04-01,NSW,0,6627,6627,0
adalimumab,2020-05-01,NSW,0,6192,6192,0
adalimumab,2020-06-01,NSW,0,6213,6213,0
adalimumab,2020-07-01,NSW,0,6387,6387,0
adalimumab,2020-08-01,NSW,0,6746,6746,0
adalimumab,2020-09-01,NSW,0,6301,6301,0
adalimumab,2020-10-01,NSW,0,7087,7087,0
adalimumab,2020-11-01,NSW,0,5854,5854,0
adalimumab,2020-12-01,NSW,0,7737,7737,0
adalimumab,2021-01-01,NSW,0,6396,6396,0
adalimumab,2021-02-01,NSW,0,6265,6265,0
adalimumab,2021-03-01,NSW,0,6337,6337,0
adalimumab,2021-04-01,NSW,6037,475,6512,0.9270577395577395
adalimumab,2021-05-01,NSW,5347,1283,6630,0.8064856711915536
adalimumab,2021-06-01,NSW,4144,2956,7100,0.5836619718309859
adalimumab,2021-07-01,NSW,3054,4490,7544,0.40482502651113467
adalimumab,2021-08-01,NSW,1870,4821,6691,0.27947989837094606
adalimumab,2021-09-01,NSW,1676,5337,7013,0.23898474262084698
adalimumab,2021-10-01,NSW,1305,5924,7229,0.18052289389957119
adalimumab,2021-11-01,NSW,1214,5788,7002,0.17337903456155385
adalimumab,2021-12-01,NSW,1460,6923,8383,0.17416199451270428
adalimumab,2022-01-01,NSW,1143,5895,7038,0.16240409207161124
adalimumab,2022-02-01,NSW,1221,5824,7045,0.17331440738112136
adalimumab,2022-03-01,NSW,1265,6499,7764,0.1629314786192684
adalimumab,2022-04-01,NSW,1186,5979,7165,0.1655268667131891
adalimumab,2022-05-01,NSW,1633,6474,8107,0.20143086221783643
adalimumab,2022-06-01,NSW,1511,6794,8305,0.18193859121011438
adalimumab,2009-01-01,NT,0,16,16,0
adalimumab,2009-02-01,NT,0,18,18,0
adalimumab,2009-03-01,NT,0,8,8,0
adalimumab,2009-04-01,NT,0,24,24,0
adalimumab,2009-05-01,NT,0,21,21,0
adalimumab,2009-06-01,NT,0,13,13,0
adalimumab,2009-07-01,NT,0,23,23,0
adalimumab,2009-08-01,NT,0,19,19,0
adalimumab,2009-09-01,NT,0,20,20,0
adalimumab,2009-10-01,NT,0,23,23,0
adalimumab,2009-11-01,NT,0,17,17,0
adalimumab,2009-12-01,NT,0,31,31,0
adalimumab,2010-01-01,NT,0,28,28,0
adalimumab,2010-02-01,NT,0,28,28,0
adalimumab,2010-03-01,NT,0,19,19,0
adalimumab,2010-04-01,NT,0,11,11,0
adalimumab,2010-05-01,NT,0,25,25,0
adalimumab,2010-06-01,NT,0,26,26,0
adalimumab,2010-07-01,NT,0,36,36,0
adalimumab,2010-08-01,NT,0,27,27,0
adalimumab,2010-09-01,NT,0,30,30,0
adalimumab,2010-10-01,NT,0,25,25,0
adalimumab,2010-11-01,NT,0,30,30,0
adalimumab,2010-12-01,NT,0,18,18,0
adalimumab,2011-01-01,NT,0,17,17,0
adalimumab,2011-02-01,NT,0,14,14,0
adalimumab,2011-03-01,NT,0,27,27,0
adalimumab,2011-04-01,NT,0,19,19,0
adalimumab,2011-05-01,NT,0,23,23,0
adalimumab,2011-06-01,NT,0,19,19,0
adalimumab,2011-07-01,NT,0,25,25,0
adalimumab,2011-08-01,NT,0,38,38,0
adalimumab,2011-09-01,NT,0,23,23,0
adalimumab,2011-10-01,NT,0,22,22,0
adalimumab,2011-11-01,NT,0,30,30,0
adalimumab,2011-12-01,NT,0,17,17,0
adalimumab,2012-01-01,NT,0,13,13,0
adalimumab,2012-02-01,NT,0,15,15,0
adalimumab,2012-03-01,NT,0,24,24,0
adalimumab,2012-04-01,NT,0,9,9,0
adalimumab,2012-05-01,NT,0,25,25,0
adalimumab,2012-06-01,NT,0,43,43,0
adalimumab,2012-07-01,NT,0,25,25,0
adalimumab,2012-08-01,NT,0,46,46,0
adalimumab,2012-09-01,NT,0,35,35,0
adalimumab,2012-10-01,NT,0,31,31,0
adalimumab,2012-11-01,NT,0,24,24,0
adalimumab,2012-12-01,NT,0,12,12,0
adalimumab,2013-01-01,NT,0,35,35,0
adalimumab,2013-02-01,NT,0,19,19,0
adalimumab,2013-03-01,NT,0,24,24,0
adalimumab,2013-04-01,NT,0,23,23,0
adalimumab,2013-05-01,NT,0,26,26,0
adalimumab,2013-06-01,NT,0,13,13,0
adalimumab,2013-07-01,NT,0,49,49,0
adalimumab,2013-08-01,NT,0,47,47,0
adalimumab,2013-09-01,NT,0,63,63,0
adalimumab,2013-10-01,NT,0,41,41,0
adalimumab,2013-11-01,NT,0,24,24,0
adalimumab,2013-12-01,NT,0,31,31,0
adalimumab,2014-01-01,NT,0,42,42,0
adalimumab,2014-02-01,NT,0,36,36,0
adalimumab,2014-03-01,NT,0,49,49,0
adalimumab,2014-04-01,NT,0,38,38,0
adalimumab,2014-05-01,NT,0,60,60,0
adalimumab,2014-06-01,NT,0,50,50,0
adalimumab,2014-07-01,NT,0,53,53,0
adalimumab,2014-08-01,NT,0,47,47,0
adalimumab,2014-09-01,NT,0,60,60,0
adalimumab,2014-10-01,NT,0,43,43,0
adalimumab,2014-11-01,NT,0,65,65,0
adalimumab,2014-12-01,NT,0,28,28,0
adalimumab,2015-01-01,NT,0,75,75,0
adalimumab,2015-02-01,NT,0,39,39,0
adalimumab,2015-03-01,NT,0,60,60,0
adalimumab,2015-04-01,NT,0,39,39,0
adalimumab,2015-05-01,NT,0,89,89,0
adalimumab,2015-06-01,NT,0,71,71,0
adalimumab,2015-07-01,NT,0,76,76,0
adalimumab,2015-08-01,NT,0,79,79,0
adalimumab,2015-09-01,NT,0,53,53,0
adalimumab,2015-10-01,NT,0,48,48,0
adalimumab,2015-11-01,NT,0,59,59,0
adalimumab,2015-12-01,NT,0,61,61,0
adalimumab,2016-01-01,NT,0,51,51,0
adalimumab,2016-02-01,NT,0,56,56,0
adalimumab,2016-03-01,NT,0,42,42,0
adalimumab,2016-04-01,NT,0,69,69,0
adalimumab,2016-05-01,NT,0,60,60,0
adalimumab,2016-06-01,NT,0,64,64,0
adalimumab,2016-07-01,NT,0,49,49,0
adalimumab,2016-08-01,NT,0,69,69,0
adalimumab,2016-09-01,NT,0,76,76,0
adalimumab,2016-10-01,NT,0,49,49,0
adalimumab,2016-11-01,NT,0,66,66,0
adalimumab,2016-12-01,NT,0,76,76,0
adalimumab,2017-01-01,NT,0,42,42,0
adalimumab,2017-02-01,NT,0,74,74,0
adalimumab,2017-03-01,NT,0,49,49,0
adalimumab,2017-04-01,NT,0,82,82,0
adalimumab,2017-05-01,NT,0,55,55,0
adalimumab,2017-06-01,NT,0,65,65,0
adalimumab,2017-07-01,NT,0,94,94,0
adalimumab,2017-08-01,NT,0,63,63,0
adalimumab,2017-09-01,NT,0,93,93,0
adalimumab,2017-10-01,NT,0,63,63,0
adalimumab,2017-11-01,NT,0,65,65,0
adalimumab,2017-12-01,NT,0,93,93,0
adalimumab,2018-01-01,NT,0,49,49,0
adalimumab,2018-02-01,NT,0,60,60,0
adalimumab,2018-03-01,NT,0,90,90,0
adalimumab,2018-04-01,NT,0,49,49,0
adalimumab,2018-05-01,NT,0,89,89,0
adalimumab,2018-06-01,NT,0,69,69,0
adalimumab,2018-07-01,NT,0,86,86,0
adalimumab,2018-08-01,NT,0,119,119,0
adalimumab,2018-09-01,NT,0,94,94,0
adalimumab,2018-10-01,NT,0,70,70,0
adalimumab,2018-11-01,NT,0,81,81,0
adalimumab,2018-12-01,NT,0,82,82,0
adalimumab,2019-01-01,NT,0,76,76,0
adalimumab,2019-02-01,NT,0,70,70,0
adalimumab,2019-03-01,NT,0,86,86,0
adalimumab,2019-04-01,NT,0,71,71,0
adalimumab,2019-05-01,NT,0,77,77,0
adalimumab,2019-06-01,NT,0,125,125,0
adalimumab,2019-07-01,NT,0,60,60,0
adalimumab,2019-08-01,NT,0,121,121,0
adalimumab,2019-09-01,NT,0,89,89,0
adalimumab,2019-10-01,NT,0,72,72,0
adalimumab,2019-11-01,NT,0,93,93,0
adalimumab,2019-12-01,NT,0,97,97,0
adalimumab,2020-01-01,NT,0,87,87,0
adalimumab,2020-02-01,NT,0,96,96,0
adalimumab,2020-03-01,NT,0,79,79,0
adalimumab,2020-04-01,NT,0,105,105,0
adalimumab,2020-05-01,NT,0,80,80,0
adalimumab,2020-06-01,NT,0,75,75,0
adalimumab,2020-07-01,NT,0,87,87,0
adalimumab,2020-08-01,NT,0,102,102,0
adalimumab,2020-09-01,NT,0,104,104,0
adalimumab,2020-10-01,NT,0,125,125,0
adalimumab,2020-11-01,NT,0,93,93,0
adalimumab,2020-12-01,NT,0,141,141,0
adalimumab,2021-01-01,NT,0,108,108,0
adalimumab,2021-02-01,NT,0,112,112,0
adalimumab,2021-03-01,NT,0,71,71,0
adalimumab,2021-04-01,NT,109,6,115,0.9478260869565217
adalimumab,2021-05-01,NT,70,12,82,0.8536585365853658
adalimumab,2021-06-01,NT,89,27,116,0.7672413793103449
adalimumab,2021-07-01,NT,58,73,131,0.44274809160305345
adalimumab,2021-08-01,NT,32,72,104,0.3076923076923077
adalimumab,2021-09-01,NT,40,72,112,0.35714285714285715
adalimumab,2021-10-01,NT,37,80,117,0.3162393162393162
adalimumab,2021-11-01,NT,30,59,89,0.33707865168539325
adalimumab,2021-12-01,NT,27,71,98,0.2755102040816326
adalimumab,2022-01-01,NT,23,69,92,0.25
adalimumab,2022-02-01,NT,15,58,73,0.2054794520547945
adalimumab,2022-03-01,NT,16,81,97,0.16494845360824742
adalimumab,2022-04-01,NT,14,67,81,0.1728395061728395
adalimumab,2022-05-01,NT,18,81,99,0.18181818181818182
adalimumab,2022-06-01,NT,21,82,103,0.20388349514563106
adalimumab,2009-01-01,QLD,0,910,910,0
adalimumab,2009-02-01,QLD,0,822,822,0
adalimumab,2009-03-01,QLD,0,902,902,0
adalimumab,2009-04-01,QLD,0,913,913,0
adalimumab,2009-05-01,QLD,0,954,954,0
adalimumab,2009-06-01,QLD,0,752,752,0
adalimumab,2009-07-01,QLD,0,973,973,0
adalimumab,2009-08-01,QLD,0,917,917,0
adalimumab,2009-09-01,QLD,0,1030,1030,0
adalimumab,2009-10-01,QLD,0,1167,1167,0
adalimumab,2009-11-01,QLD,0,1086,1086,0
adalimumab,2009-12-01,QLD,0,980,980,0
adalimumab,2010-01-01,QLD,0,1264,1264,0
adalimumab,2010-02-01,QLD,0,1270,1270,0
adalimumab,2010-03-01,QLD,0,1145,1145,0
adalimumab,2010-04-01,QLD,0,1019,1019,0
adalimumab,2010-05-01,QLD,0,1193,1193,0
adalimumab,2010-06-01,QLD,0,1157,1157,0
adalimumab,2010-07-01,QLD,0,1311,1311,0
adalimumab,2010-08-01,QLD,0,891,891,0
adalimumab,2010-09-01,QLD,0,1321,1321,0
adalimumab,2010-10-01,QLD,0,1303,1303,0
adalimumab,2010-11-01,QLD,0,1282,1282,0
adalimumab,2010-12-01,QLD,0,1078,1078,0
adalimumab,2011-01-01,QLD,0,1204,1204,0
adalimumab,2011-02-01,QLD,0,1388,1388,0
adalimumab,2011-03-01,QLD,0,1387,1387,0
adalimumab,2011-04-01,QLD,0,1249,1249,0
adalimumab,2011-05-01,QLD,0,1226,1226,0
adalimumab,2011-06-01,QLD,0,1238,1238,0
adalimumab,2011-07-01,QLD,0,1431,1431,0
adalimumab,2011-08-01,QLD,0,1235,1235,0
adalimumab,2011-09-01,QLD,0,1474,1474,0
adalimumab,2011-10-01,QLD,0,1310,1310,0
adalimumab,2011-11-01,QLD,0,1175,1175,0
adalimumab,2011-12-01,QLD,0,1244,1244,0
adalimumab,2012-01-01,QLD,0,1661,1661,0
adalimumab,2012-02-01,QLD,0,1359,1359,0
adalimumab,2012-03-01,QLD,0,1417,1417,0
adalimumab,2012-04-01,QLD,0,1906,1906,0
adalimumab,2012-05-01,QLD,0,1058,1058,0
adalimumab,2012-06-01,QLD,0,2598,2598,0
adalimumab,2012-07-01,QLD,0,2113,2113,0
adalimumab,2012-08-01,QLD,0,595,595,0
adalimumab,2012-09-01,QLD,0,3099,3099,0
adalimumab,2012-10-01,QLD,0,1831,1831,0
adalimumab,2012-11-01,QLD,0,1685,1685,0
adalimumab,2012-12-01,QLD,0,1053,1053,0
adalimumab,2013-01-01,QLD,0,2321,2321,0
adalimumab,2013-02-01,QLD,0,1627,1627,0
adalimumab,2013-03-01,QLD,0,1730,1730,0
adalimumab,2013-04-01,QLD,0,1701,1701,0
adalimumab,2013-05-01,QLD,0,1801,1801,0
adalimumab,2013-06-01,QLD,0,2019,2019,0
adalimumab,2013-07-01,QLD,0,1948,1948,0
adalimumab,2013-08-01,QLD,0,1708,1708,0
adalimumab,2013-09-01,QLD,0,2321,2321,0
adalimumab,2013-10-01,QLD,0,1611,1611,0
adalimumab,2013-11-01,QLD,0,1946,1946,0
adalimumab,2013-12-01,QLD,0,2139,2139,0
adalimumab,2014-01-01,QLD,0,2011,2011,0
adalimumab,2014-02-01,QLD,0,1425,1425,0
adalimumab,2014-03-01,QLD,0,1932,1932,0
adalimumab,2014-04-01,QLD,0,2784,2784,0
adalimumab,2014-05-01,QLD,0,2691,2691,0
adalimumab,2014-06-01,QLD,0,1975,1975,0
adalimumab,2014-07-01,QLD,0,1973,1973,0
adalimumab,2014-08-01,QLD,0,2044,2044,0
adalimumab,2014-09-01,QLD,0,1986,1986,0
adalimumab,2014-10-01,QLD,0,1929,1929,0
adalimumab,2014-11-01,QLD,0,2084,2084,0
adalimumab,2014-12-01,QLD,0,1933,1933,0
adalimumab,2015-01-01,QLD,0,2610,2610,0
adalimumab,2015-02-01,QLD,0,2317,2317,0
adalimumab,2015-03-01,QLD,0,2096,2096,0
adalimumab,2015-04-01,QLD,0,1684,1684,0
adalimumab,2015-05-01,QLD,0,3845,3845,0
adalimumab,2015-06-01,QLD,0,2879,2879,0
adalimumab,2015-07-01,QLD,0,2676,2676,0
adalimumab,2015-08-01,QLD,0,2400,2400,0
adalimumab,2015-09-01,QLD,0,2482,2482,0
adalimumab,2015-10-01,QLD,0,2432,2432,0
adalimumab,2015-11-01,QLD,0,2221,2221,0
adalimumab,2015-12-01,QLD,0,2848,2848,0
adalimumab,2016-01-01,QLD,0,2383,2383,0
adalimumab,2016-02-01,QLD,0,2384,2384,0
adalimumab,2016-03-01,QLD,0,3321,3321,0
adalimumab,2016-04-01,QLD,0,2696,2696,0
adalimumab,2016-05-01,QLD,0,2580,2580,0
adalimumab,2016-06-01,QLD,0,2730,2730,0
adalimumab,2016-07-01,QLD,0,2665,2665,0
adalimumab,2016-08-01,QLD,0,2697,2697,0
adalimumab,2016-09-01,QLD,0,2614,2614,0
adalimumab,2016-10-01,QLD,0,2431,2431,0
adalimumab,2016-11-01,QLD,0,2776,2776,0
adalimumab,2016-12-01,QLD,0,3062,3062,0
adalimumab,2017-01-01,QLD,0,2439,2439,0
adalimumab,2017-02-01,QLD,0,2433,2433,0
adalimumab,2017-03-01,QLD,0,2866,2866,0
adalimumab,2017-04-01,QLD,0,2730,2730,0
adalimumab,2017-05-01,QLD,0,2800,2800,0
adalimumab,2017-06-01,QLD,0,2972,2972,0
adalimumab,2017-07-01,QLD,0,2672,2672,0
adalimumab,2017-08-01,QLD,0,3126,3126,0
adalimumab,2017-09-01,QLD,0,2911,2911,0
adalimumab,2017-10-01,QLD,0,2731,2731,0
adalimumab,2017-11-01,QLD,0,3027,3027,0
adalimumab,2017-12-01,QLD,0,3228,3228,0
adalimumab,2018-01-01,QLD,0,2801,2801,0
adalimumab,2018-02-01,QLD,0,2805,2805,0
adalimumab,2018-03-01,QLD,0,3013,3013,0
adalimumab,2018-04-01,QLD,0,2854,2854,0
adalimumab,2018-05-01,QLD,0,3262,3262,0
adalimumab,2018-06-01,QLD,0,2172,2172,0
adalimumab,2018-07-01,QLD,0,2862,2862,0
adalimumab,2018-08-01,QLD,0,4555,4555,0
adalimumab,2018-09-01,QLD,0,3007,3007,0
adalimumab,2018-10-01,QLD,0,2634,2634,0
adalimumab,2018-11-01,QLD,0,3366,3366,0
adalimumab,2018-12-01,QLD,0,3508,3508,0
adalimumab,2019-01-01,QLD,0,3080,3080,0
adalimumab,2019-02-01,QLD,0,3161,3161,0
adalimumab,2019-03-01,QLD,0,3769,3769,0
adalimumab,2019-04-01,QLD,0,3025,3025,0
adalimumab,2019-05-01,QLD,0,3482,3482,0
adalimumab,2019-06-01,QLD,0,3713,3713,0
adalimumab,2019-07-01,QLD,0,3054,3054,0
adalimumab,2019-08-01,QLD,0,3415,3415,0
adalimumab,2019-09-01,QLD,0,3296,3296,0
adalimumab,2019-10-01,QLD,0,3071,3071,0
adalimumab,2019-11-01,QLD,0,3794,3794,0
adalimumab,2019-12-01,QLD,0,2976,2976,0
adalimumab,2020-01-01,QLD,0,3801,3801,0
adalimumab,2020-02-01,QLD,0,3386,3386,0
adalimumab,2020-03-01,QLD,0,3386,3386,0
adalimumab,2020-04-01,QLD,0,3724,3724,0
adalimumab,2020-05-01,QLD,0,2640,2640,0
adalimumab,2020-06-01,QLD,0,3249,3249,0
adalimumab,2020-07-01,QLD,0,4326,4326,0
adalimumab,2020-08-01,QLD,0,3511,3511,0
adalimumab,2020-09-01,QLD,0,3846,3846,0
adalimumab,2020-10-01,QLD,0,3630,3630,0
adalimumab,2020-11-01,QLD,0,3632,3632,0
adalimumab,2020-12-01,QLD,0,3045,3045,0
adalimumab,2021-01-01,QLD,0,4366,4366,0
adalimumab,2021-02-01,QLD,0,3626,3626,0
adalimumab,2021-03-01,QLD,0,3293,3293,0
adalimumab,2021-04-01,QLD,3611,321,3932,0.9183621566632757
adalimumab,2021-05-01,QLD,2811,847,3658,0.7684527063969382
adalimumab,2021-06-01,QLD,2091,1588,3679,0.5683609676542539
adalimumab,2021-07-01,QLD,1404,2238,3642,0.385502471169687
adalimumab,2021-08-01,QLD,1242,3364,4606,0.26964828484585324
adalimumab,2021-09-01,QLD,920,3175,4095,0.22466422466422467
adalimumab,2021-10-01,QLD,741,3340,4081,0.18157314383729478
adalimumab,2021-11-01,QLD,656,3079,3735,0.17563587684069612
adalimumab,2021-12-01,QLD,684,3045,3729,0.1834271922767498
adalimumab,2022-01-01,QLD,1024,4479,5503,0.1860803198255497
adalimumab,2022-02-01,QLD,552,2693,3245,0.17010785824345145
adalimumab,2022-03-01,QLD,859,3974,4833,0.17773639561349058
adalimumab,2022-04-01,QLD,1542,3657,5199,0.29659549913444894
adalimumab,2022-05-01,QLD,870,3190,4060,0.21428571428571427
adalimumab,2022-06-01,QLD,840,3730,4570,0.1838074398249453
adalimumab,2009-01-01,SA,0,471,471,0
adalimumab,2009-02-01,SA,0,560,560,0
adalimumab,2009-03-01,SA,0,484,484,0
adalimumab,2009-04-01,SA,0,502,502,0
adalimumab,2009-05-01,SA,0,435,435,0
adalimumab,2009-06-01,SA,0,372,372,0
adalimumab,2009-07-01,SA,0,459,459,0
adalimumab,2009-08-01,SA,0,504,504,0
adalimumab,2009-09-01,SA,0,517,517,0
adalimumab,2009-10-01,SA,0,538,538,0
adalimumab,2009-11-01,SA,0,538,538,0
adalimumab,2009-12-01,SA,0,617,617,0
adalimumab,2010-01-01,SA,0,594,594,0
adalimumab,2010-02-01,SA,0,561,561,0
adalimumab,2010-03-01,SA,0,652,652,0
adalimumab,2010-04-01,SA,0,439,439,0
adalimumab,2010-05-01,SA,0,648,648,0
adalimumab,2010-06-01,SA,0,622,622,0
adalimumab,2010-07-01,SA,0,593,593,0
adalimumab,2010-08-01,SA,0,595,595,0
adalimumab,2010-09-01,SA,0,645,645,0
adalimumab,2010-10-01,SA,0,639,639,0
adalimumab,2010-11-01,SA,0,660,660,0
adalimumab,2010-12-01,SA,0,584,584,0
adalimumab,2011-01-01,SA,0,568,568,0
adalimumab,2011-02-01,SA,0,604,604,0
adalimumab,2011-03-01,SA,0,641,641,0
adalimumab,2011-04-01,SA,0,640,640,0
adalimumab,2011-05-01,SA,0,626,626,0
adalimumab,2011-06-01,SA,0,714,714,0
adalimumab,2011-07-01,SA,0,661,661,0
adalimumab,2011-08-01,SA,0,760,760,0
adalimumab,2011-09-01,SA,0,626,626,0
adalimumab,2011-10-01,SA,0,626,626,0
adalimumab,2011-11-01,SA,0,725,725,0
adalimumab,2011-12-01,SA,0,511,511,0
adalimumab,2012-01-01,SA,0,568,568,0
adalimumab,2012-02-01,SA,0,659,659,0
adalimumab,2012-03-01,SA,0,755,755,0
adalimumab,2012-04-01,SA,0,550,550,0
adalimumab,2012-05-01,SA,0,960,960,0
adalimumab,2012-06-01,SA,0,1260,1260,0
adalimumab,2012-07-01,SA,0,823,823,0
adalimumab,2012-08-01,SA,0,1022,1022,0
adalimumab,2012-09-01,SA,0,811,811,0
adalimumab,2012-10-01,SA,0,781,781,0
adalimumab,2012-11-01,SA,0,851,851,0
adalimumab,2012-12-01,SA,0,695,695,0
adalimumab,2013-01-01,SA,0,1167,1167,0
adalimumab,2013-02-01,SA,0,736,736,0
adalimumab,2013-03-01,SA,0,741,741,0
adalimumab,2013-04-01,SA,0,885,885,0
adalimumab,2013-05-01,SA,0,811,811,0
adalimumab,2013-06-01,SA,0,712,712,0
adalimumab,2013-07-01,SA,0,1013,1013,0
adalimumab,2013-08-01,SA,0,918,918,0
adalimumab,2013-09-01,SA,0,985,985,0
adalimumab,2013-10-01,SA,0,933,933,0
adalimumab,2013-11-01,SA,0,681,681,0
adalimumab,2013-12-01,SA,0,830,830,0
adalimumab,2014-01-01,SA,0,866,866,0
adalimumab,2014-02-01,SA,0,857,857,0
adalimumab,2014-03-01,SA,0,862,862,0
adalimumab,2014-04-01,SA,0,1019,1019,0
adalimumab,2014-05-01,SA,0,1178,1178,0
adalimumab,2014-06-01,SA,0,927,927,0
adalimumab,2014-07-01,SA,0,931,931,0
adalimumab,2014-08-01,SA,0,920,920,0
adalimumab,2014-09-01,SA,0,834,834,0
adalimumab,2014-10-01,SA,0,708,708,0
adalimumab,2014-11-01,SA,0,1106,1106,0
adalimumab,2014-12-01,SA,0,700,700,0
adalimumab,2015-01-01,SA,0,1336,1336,0
adalimumab,2015-02-01,SA,0,994,994,0
adalimumab,2015-03-01,SA,0,993,993,0
adalimumab,2015-04-01,SA,0,855,855,0
adalimumab,2015-05-01,SA,0,1574,1574,0
adalimumab,2015-06-01,SA,0,1078,1078,0
adalimumab,2015-07-01,SA,0,1127,1127,0
adalimumab,2015-08-01,SA,0,1051,1051,0
adalimumab,2015-09-01,SA,0,1100,1100,0
adalimumab,2015-10-01,SA,0,1045,1045,0
adalimumab,2015-11-01,SA,0,1026,1026,0
adalimumab,2015-12-01,SA,0,1204,1204,0
adalimumab,2016-01-01,SA,0,958,958,0
adalimumab,2016-02-01,SA,0,987,987,0
adalimumab,2016-03-01,SA,0,1334,1334,0
adalimumab,2016-04-01,SA,0,1173,1173,0
adalimumab,2016-05-01,SA,0,1144,1144,0
adalimumab,2016-06-01,SA,0,1054,1054,0
adalimumab,2016-07-01,SA,0,1181,1181,0
adalimumab,2016-08-01,SA,0,1121,1121,0
adalimumab,2016-09-01,SA,0,1155,1155,0
adalimumab,2016-10-01,SA,0,1083,1083,0
adalimumab,2016-11-01,SA,0,1131,1131,0
adalimumab,2016-12-01,SA,0,1314,1314,0
adalimumab,2017-01-01,SA,0,1009,1009,0
adalimumab,2017-02-01,SA,0,1069,1069,0
adalimumab,2017-03-01,SA,0,1193,1193,0
adalimumab,2017-04-01,SA,0,1161,1161,0
adalimumab,2017-05-01,SA,0,1211,1211,0
adalimumab,2017-06-01,SA,0,1273,1273,0
adalimumab,2017-07-01,SA,0,1192,1192,0
adalimumab,2017-08-01,SA,0,1218,1218,0
adalimumab,2017-09-01,SA,0,1271,1271,0
adalimumab,2017-10-01,SA,0,1210,1210,0
adalimumab,2017-11-01,SA,0,1224,1224,0
adalimumab,2017-12-01,SA,0,1425,1425,0
adalimumab,2018-01-01,SA,0,1242,1242,0
adalimumab,2018-02-01,SA,0,1141,1141,0
adalimumab,2018-03-01,SA,0,1280,1280,0
adalimumab,2018-04-01,SA,0,1232,1232,0
adalimumab,2018-05-01,SA,0,1431,1431,0
adalimumab,2018-06-01,SA,0,1015,1015,0
adalimumab,2018-07-01,SA,0,1262,1262,0
adalimumab,2018-08-01,SA,0,1655,1655,0
adalimumab,2018-09-01,SA,0,1263,1263,0
adalimumab,2018-10-01,SA,0,1342,1342,0
adalimumab,2018-11-01,SA,0,1499,1499,0
adalimumab,2018-12-01,SA,0,1429,1429,0
adalimumab,2019-01-01,SA,0,1306,1306,0
adalimumab,2019-02-01,SA,0,1278,1278,0
adalimumab,2019-03-01,SA,0,1507,1507,0
adalimumab,2019-04-01,SA,0,1267,1267,0
adalimumab,2019-05-01,SA,0,1445,1445,0
adalimumab,2019-06-01,SA,0,1618,1618,0
adalimumab,2019-07-01,SA,0,1427,1427,0
adalimumab,2019-08-01,SA,0,1324,1324,0
adalimumab,2019-09-01,SA,0,1522,1522,0
adalimumab,2019-10-01,SA,0,1475,1475,0
adalimumab,2019-11-01,SA,0,1506,1506,0
adalimumab,2019-12-01,SA,0,1329,1329,0
adalimumab,2020-01-01,SA,0,1916,1916,0
adalimumab,2020-02-01,SA,0,1476,1476,0
adalimumab,2020-03-01,SA,0,1562,1562,0
adalimumab,2020-04-01,SA,0,1552,1552,0
adalimumab,2020-05-01,SA,0,1389,1389,0
adalimumab,2020-06-01,SA,0,1355,1355,0
adalimumab,2020-07-01,SA,0,1659,1659,0
adalimumab,2020-08-01,SA,0,1614,1614,0
adalimumab,2020-09-01,SA,0,1550,1550,0
adalimumab,2020-10-01,SA,0,1580,1580,0
adalimumab,2020-11-01,SA,0,1544,1544,0
adalimumab,2020-12-01,SA,0,1567,1567,0
adalimumab,2021-01-01,SA,0,1834,1834,0
adalimumab,2021-02-01,SA,0,1690,1690,0
adalimumab,2021-03-01,SA,0,1467,1467,0
adalimumab,2021-04-01,SA,1392,121,1513,0.9200264375413086
adalimumab,2021-05-01,SA,1286,342,1628,0.7899262899262899
adalimumab,2021-06-01,SA,767,537,1304,0.5881901840490797
adalimumab,2021-07-01,SA,831,958,1789,0.4645053102291783
adalimumab,2021-08-01,SA,518,1119,1637,0.3164324984728161
adalimumab,2021-09-01,SA,568,1310,1878,0.30244941427050054
adalimumab,2021-10-01,SA,437,1316,1753,0.24928693667997717
adalimumab,2021-11-01,SA,363,1198,1561,0.23254324151185138
adalimumab,2021-12-01,SA,473,1375,1848,0.25595238095238093
adalimumab,2022-01-01,SA,515,1591,2106,0.24453941120607786
adalimumab,2022-02-01,SA,344,978,1322,0.26021180030257185
adalimumab,2022-03-01,SA,471,1400,1871,0.2517370390165687
adalimumab,2022-04-01,SA,455,1218,1673,0.2719665271966527
adalimumab,2022-05-01,SA,557,1314,1871,0.29770176376269375
adalimumab,2022-06-01,SA,465,1317,1782,0.2609427609427609
adalimumab,2009-01-01,TAS,0,210,210,0
adalimumab,2009-02-01,TAS,0,218,218,0
adalimumab,2009-03-01,TAS,0,205,205,0
adalimumab,2009-04-01,TAS,0,203,203,0
adalimumab,2009-05-01,TAS,0,214,214,0
adalimumab,2009-06-01,TAS,0,197,197,0
adalimumab,2009-07-01,TAS,0,221,221,0
adalimumab,2009-08-01,TAS,0,265,265,0
adalimumab,2009-09-01,TAS,0,228,228,0
adalimumab,2009-10-01,TAS,0,207,207,0
adalimumab,2009-11-01,TAS,0,217,217,0
adalimumab,2009-12-01,TAS,0,266,266,0
adalimumab,2010-01-01,TAS,0,268,268,0
adalimumab,2010-02-01,TAS,0,280,280,0
adalimumab,2010-03-01,TAS,0,309,309,0
adalimumab,2010-04-01,TAS,0,277,277,0
adalimumab,2010-05-01,TAS,0,239,239,0
adalimumab,2010-06-01,TAS,0,239,239,0
adalimumab,2010-07-01,TAS,0,342,342,0
adalimumab,2010-08-01,TAS,0,210,210,0
adalimumab,2010-09-01,TAS,0,305,305,0
adalimumab,2010-10-01,TAS,0,322,322,0
adalimumab,2010-11-01,TAS,0,290,290,0
adalimumab,2010-12-01,TAS,0,287,287,0
adalimumab,2011-01-01,TAS,0,215,215,0
adalimumab,2011-02-01,TAS,0,393,393,0
adalimumab,2011-03-01,TAS,0,291,291,0
adalimumab,2011-04-01,TAS,0,311,311,0
adalimumab,2011-05-01,TAS,0,342,342,0
adalimumab,2011-06-01,TAS,0,271,271,0
adalimumab,2011-07-01,TAS,0,337,337,0
adalimumab,2011-08-01,TAS,0,384,384,0
adalimumab,2011-09-01,TAS,0,276,276,0
adalimumab,2011-10-01,TAS,0,360,360,0
adalimumab,2011-11-01,TAS,0,306,306,0
adalimumab,2011-12-01,TAS,0,277,277,0
adalimumab,2012-01-01,TAS,0,322,322,0
adalimumab,2012-02-01,TAS,0,281,281,0
adalimumab,2012-03-01,TAS,0,424,424,0
adalimumab,2012-04-01,TAS,0,413,413,0
adalimumab,2012-05-01,TAS,0,503,503,0
adalimumab,2012-06-01,TAS,0,393,393,0
adalimumab,2012-07-01,TAS,0,369,369,0
adalimumab,2012-08-01,TAS,0,351,351,0
adalimumab,2012-09-01,TAS,0,360,360,0
adalimumab,2012-10-01,TAS,0,395,395,0
adalimumab,2012-11-01,TAS,0,451,451,0
adalimumab,2012-12-01,TAS,0,283,283,0
adalimumab,2013-01-01,TAS,0,436,436,0
adalimumab,2013-02-01,TAS,0,358,358,0
adalimumab,2013-03-01,TAS,0,396,396,0
adalimumab,2013-04-01,TAS,0,350,350,0
adalimumab,2013-05-01,TAS,0,433,433,0
adalimumab,2013-06-01,TAS,0,438,438,0
adalimumab,2013-07-01,TAS,0,460,460,0
adalimumab,2013-08-01,TAS,0,368,368,0
adalimumab,2013-09-01,TAS,0,415,415,0
adalimumab,2013-10-01,TAS,0,399,399,0
adalimumab,2013-11-01,TAS,0,500,500,0
adalimumab,2013-12-01,TAS,0,331,331,0
adalimumab,2014-01-01,TAS,0,616,616,0
adalimumab,2014-02-01,TAS,0,301,301,0
adalimumab,2014-03-01,TAS,0,533,533,0
adalimumab,2014-04-01,TAS,0,375,375,0
adalimumab,2014-05-01,TAS,0,506,506,0
adalimumab,2014-06-01,TAS,0,650,650,0
adalimumab,2014-07-01,TAS,0,331,331,0
adalimumab,2014-08-01,TAS,0,575,575,0
adalimumab,2014-09-01,TAS,0,477,477,0
adalimumab,2014-10-01,TAS,0,422,422,0
adalimumab,2014-11-01,TAS,0,601,601,0
adalimumab,2014-12-01,TAS,0,290,290,0
adalimumab,2015-01-01,TAS,0,582,582,0
adalimumab,2015-02-01,TAS,0,593,593,0
adalimumab,2015-03-01,TAS,0,490,490,0
adalimumab,2015-04-01,TAS,0,500,500,0
adalimumab,2015-05-01,TAS,0,881,881,0
adalimumab,2015-06-01,TAS,0,675,675,0
adalimumab,2015-07-01,TAS,0,620,620,0
adalimumab,2015-08-01,TAS,0,531,531,0
adalimumab,2015-09-01,TAS,0,556,556,0
adalimumab,2015-10-01,TAS,0,539,539,0
adalimumab,2015-11-01,TAS,0,561,561,0
adalimumab,2015-12-01,TAS,0,629,629,0
adalimumab,2016-01-01,TAS,0,553,553,0
adalimumab,2016-02-01,TAS,0,522,522,0
adalimumab,2016-03-01,TAS,0,628,628,0
adalimumab,2016-04-01,TAS,0,536,536,0
adalimumab,2016-05-01,TAS,0,608,608,0
adalimumab,2016-06-01,TAS,0,590,590,0
adalimumab,2016-07-01,TAS,0,540,540,0
adalimumab,2016-08-01,TAS,0,571,571,0
adalimumab,2016-09-01,TAS,0,590,590,0
adalimumab,2016-10-01,TAS,0,555,555,0
adalimumab,2016-11-01,TAS,0,573,573,0
adalimumab,2016-12-01,TAS,0,647,647,0
adalimumab,2017-01-01,TAS,0,510,510,0
adalimumab,2017-02-01,TAS,0,548,548,0
adalimumab,2017-03-01,TAS,0,652,652,0
adalimumab,2017-04-01,TAS,0,542,542,0
adalimumab,2017-05-01,TAS,0,636,636,0
adalimumab,2017-06-01,TAS,0,622,622,0
adalimumab,2017-07-01,TAS,0,536,536,0
adalimumab,2017-08-01,TAS,0,630,630,0
adalimumab,2017-09-01,TAS,0,530,530,0
adalimumab,2017-10-01,TAS,0,604,604,0
adalimumab,2017-11-01,TAS,0,636,636,0
adalimumab,2017-12-01,TAS,0,610,610,0
adalimumab,2018-01-01,TAS,0,582,582,0
adalimumab,2018-02-01,TAS,0,591,591,0
adalimumab,2018-03-01,TAS,0,586,586,0
adalimumab,2018-04-01,TAS,0,584,584,0
adalimumab,2018-05-01,TAS,0,751,751,0
adalimumab,2018-06-01,TAS,0,408,408,0
adalimumab,2018-07-01,TAS,0,580,580,0
adalimumab,2018-08-01,TAS,0,827,827,0
adalimumab,2018-09-01,TAS,0,617,617,0
adalimumab,2018-10-01,TAS,0,654,654,0
adalimumab,2018-11-01,TAS,0,641,641,0
adalimumab,2018-12-01,TAS,0,612,612,0
adalimumab,2019-01-01,TAS,0,767,767,0
adalimumab,2019-02-01,TAS,0,665,665,0
adalimumab,2019-03-01,TAS,0,665,665,0
adalimumab,2019-04-01,TAS,0,616,616,0
adalimumab,2019-05-01,TAS,0,707,707,0
adalimumab,2019-06-01,TAS,0,591,591,0
adalimumab,2019-07-01,TAS,0,676,676,0
adalimumab,2019-08-01,TAS,0,560,560,0
adalimumab,2019-09-01,TAS,0,735,735,0
adalimumab,2019-10-01,TAS,0,784,784,0
adalimumab,2019-11-01,TAS,0,514,514,0
adalimumab,2019-12-01,TAS,0,582,582,0
adalimumab,2020-01-01,TAS,0,845,845,0
adalimumab,2020-02-01,TAS,0,482,482,0
adalimumab,2020-03-01,TAS,0,755,755,0
adalimumab,2020-04-01,TAS,0,704,704,0
adalimumab,2020-05-01,TAS,0,592,592,0
adalimumab,2020-06-01,TAS,0,590,590,0
adalimumab,2020-07-01,TAS,0,658,658,0
adalimumab,2020-08-01,TAS,0,776,776,0
adalimumab,2020-09-01,TAS,0,601,601,0
adalimumab,2020-10-01,TAS,0,801,801,0
adalimumab,2020-11-01,TAS,0,792,792,0
adalimumab,2020-12-01,TAS,0,704,704,0
adalimumab,2021-01-01,TAS,0,706,706,0
adalimumab,2021-02-01,TAS,0,787,787,0
adalimumab,2021-03-01,TAS,0,596,596,0
adalimumab,2021-04-01,TAS,860,94,954,0.9014675052410901
adalimumab,2021-05-01,TAS,507,154,661,0.7670196671709532
adalimumab,2021-06-01,TAS,336,284,620,0.5419354838709678
adalimumab,2021-07-01,TAS,361,526,887,0.4069898534385569
adalimumab,2021-08-01,TAS,146,603,749,0.19492656875834447
adalimumab,2021-09-01,TAS,108,720,828,0.13043478260869565
adalimumab,2021-10-01,TAS,90,682,772,0.11658031088082901
adalimumab,2021-11-01,TAS,59,625,684,0.08625730994152046
adalimumab,2021-12-01,TAS,64,755,819,0.07814407814407814
adalimumab,2022-01-01,TAS,79,764,843,0.0937129300118624
adalimumab,2022-02-01,TAS,96,637,733,0.13096862210095497
adalimumab,2022-03-01,TAS,81,783,864,0.09375
adalimumab,2022-04-01,TAS,108,623,731,0.14774281805745554
adalimumab,2022-05-01,TAS,110,743,853,0.12895662368112543
adalimumab,2022-06-01,TAS,93,779,872,0.10665137614678899
adalimumab,2009-01-01,VIC,0,1276,1276,0
adalimumab,2009-02-01,VIC,0,1420,1420,0
adalimumab,2009-03-01,VIC,0,1675,1675,0
adalimumab,2009-04-01,VIC,0,1718,1718,0
adalimumab,2009-05-01,VIC,0,1620,1620,0
adalimumab,2009-06-01,VIC,0,1429,1429,0
adalimumab,2009-07-01,VIC,0,1574,1574,0
adalimumab,2009-08-01,VIC,0,1493,1493,0
adalimumab,2009-09-01,VIC,0,1551,1551,0
adalimumab,2009-10-01,VIC,0,1477,1477,0
adalimumab,2009-11-01,VIC,0,2514,2514,0
adalimumab,2009-12-01,VIC,0,1629,1629,0
adalimumab,2010-01-01,VIC,0,2516,2516,0
adalimumab,2010-02-01,VIC,0,1745,1745,0
adalimumab,2010-03-01,VIC,0,2195,2195,0
adalimumab,2010-04-01,VIC,0,1616,1616,0
adalimumab,2010-05-01,VIC,0,2181,2181,0
adalimumab,2010-06-01,VIC,0,2071,2071,0
adalimumab,2010-07-01,VIC,0,2164,2164,0
adalimumab,2010-08-01,VIC,0,1945,1945,0
adalimumab,2010-09-01,VIC,0,2033,2033,0
adalimumab,2010-10-01,VIC,0,2075,2075,0
adalimumab,2010-11-01,VIC,0,2343,2343,0
adalimumab,2010-12-01,VIC,0,1714,1714,0
adalimumab,2011-01-01,VIC,0,2276,2276,0
adalimumab,2011-02-01,VIC,0,2055,2055,0
adalimumab,2011-03-01,VIC,0,2592,2592,0
adalimumab,2011-04-01,VIC,0,2369,2369,0
adalimumab,2011-05-01,VIC,0,2399,2399,0
adalimumab,2011-06-01,VIC,0,2159,2159,0
adalimumab,2011-07-01,VIC,0,2860,2860,0
adalimumab,2011-08-01,VIC,0,2482,2482,0
adalimumab,2011-09-01,VIC,0,2391,2391,0
adalimumab,2011-10-01,VIC,0,2327,2327,0
adalimumab,2011-11-01,VIC,0,2136,2136,0
adalimumab,2011-12-01,VIC,0,1621,1621,0
adalimumab,2012-01-01,VIC,0,2475,2475,0
adalimumab,2012-02-01,VIC,0,1714,1714,0
adalimumab,2012-03-01,VIC,0,2492,2492,0
adalimumab,2012-04-01,VIC,0,3001,3001,0
adalimumab,2012-05-01,VIC,0,3759,3759,0
adalimumab,2012-06-01,VIC,0,4637,4637,0
adalimumab,2012-07-01,VIC,0,3141,3141,0
adalimumab,2012-08-01,VIC,0,2905,2905,0
adalimumab,2012-09-01,VIC,0,3921,3921,0
adalimumab,2012-10-01,VIC,0,3571,3571,0
adalimumab,2012-11-01,VIC,0,2907,2907,0
adalimumab,2012-12-01,VIC,0,2207,2207,0
adalimumab,2013-01-01,VIC,0,3549,3549,0
adalimumab,2013-02-01,VIC,0,3822,3822,0
adalimumab,2013-03-01,VIC,0,1661,1661,0
adalimumab,2013-04-01,VIC,0,2817,2817,0
adalimumab,2013-05-01,VIC,0,3027,3027,0
adalimumab,2013-06-01,VIC,0,4059,4059,0
adalimumab,2013-07-01,VIC,0,2795,2795,0
adalimumab,2013-08-01,VIC,0,3481,3481,0
adalimumab,2013-09-01,VIC,0,2346,2346,0
adalimumab,2013-10-01,VIC,0,2002,2002,0
adalimumab,2013-11-01,VIC,0,1809,1809,0
adalimumab,2013-12-01,VIC,0,2434,2434,0
adalimumab,2014-01-01,VIC,0,2762,2762,0
adalimumab,2014-02-01,VIC,0,2164,2164,0
adalimumab,2014-03-01,VIC,0,8453,8453,0
adalimumab,2014-04-01,VIC,0,7182,7182,0
adalimumab,2014-05-01,VIC,0,5039,5039,0
adalimumab,2014-06-01,VIC,0,5098,5098,0
adalimumab,2014-07-01,VIC,0,3540,3540,0
adalimumab,2014-08-01,VIC,0,3883,3883,0
adalimumab,2014-09-01,VIC,0,3200,3200,0
adalimumab,2014-10-01,VIC,0,3691,3691,0
adalimumab,2014-11-01,VIC,0,3585,3585,0
adalimumab,2014-12-01,VIC,0,3849,3849,0
adalimumab,2015-01-01,VIC,0,2533,2533,0
adalimumab,2015-02-01,VIC,0,6514,6514,0
adalimumab,2015-03-01,VIC,0,4888,4888,0
adalimumab,2015-04-01,VIC,0,3486,3486,0
adalimumab,2015-05-01,VIC,0,7331,7331,0
adalimumab,2015-06-01,VIC,0,5603,5603,0
adalimumab,2015-07-01,VIC,0,5270,5270,0
adalimumab,2015-08-01,VIC,0,4175,4175,0
adalimumab,2015-09-01,VIC,0,4349,4349,0
adalimumab,2015-10-01,VIC,0,4454,4454,0
adalimumab,2015-11-01,VIC,0,4279,4279,0
adalimumab,2015-12-01,VIC,0,5221,5221,0
adalimumab,2016-01-01,VIC,0,3892,3892,0
adalimumab,2016-02-01,VIC,0,4263,4263,0
adalimumab,2016-03-01,VIC,0,5035,5035,0
adalimumab,2016-04-01,VIC,0,4482,4482,0
adalimumab,2016-05-01,VIC,0,4693,4693,0
adalimumab,2016-06-01,VIC,0,5002,5002,0
adalimumab,2016-07-01,VIC,0,4682,4682,0
adalimumab,2016-08-01,VIC,0,4737,4737,0
adalimumab,2016-09-01,VIC,0,4767,4767,0
adalimumab,2016-10-01,VIC,0,4688,4688,0
adalimumab,2016-11-01,VIC,0,4968,4968,0
adalimumab,2016-12-01,VIC,0,5613,5613,0
adalimumab,2017-01-01,VIC,0,4306,4306,0
adalimumab,2017-02-01,VIC,0,4514,4514,0
adalimumab,2017-03-01,VIC,0,5520,5520,0
adalimumab,2017-04-01,VIC,0,4770,4770,0
adalimumab,2017-05-01,VIC,0,5312,5312,0
adalimumab,2017-06-01,VIC,0,5279,5279,0
adalimumab,2017-07-01,VIC,0,5001,5001,0
adalimumab,2017-08-01,VIC,0,5374,5374,0
adalimumab,2017-09-01,VIC,0,5071,5071,0
adalimumab,2017-10-01,VIC,0,5408,5408,0
adalimumab,2017-11-01,VIC,0,5548,5548,0
adalimumab,2017-12-01,VIC,0,6032,6032,0
adalimumab,2018-01-01,VIC,0,5009,5009,0
adalimumab,2018-02-01,VIC,0,5399,5399,0
adalimumab,2018-03-01,VIC,0,5523,5523,0
adalimumab,2018-04-01,VIC,0,5342,5342,0
adalimumab,2018-05-01,VIC,0,5983,5983,0
adalimumab,2018-06-01,VIC,0,5598,5598,0
adalimumab,2018-07-01,VIC,0,4013,4013,0
adalimumab,2018-08-01,VIC,0,7779,7779,0
adalimumab,2018-09-01,VIC,0,5343,5343,0
adalimumab,2018-10-01,VIC,0,5178,5178,0
adalimumab,2018-11-01,VIC,0,5796,5796,0
adalimumab,2018-12-01,VIC,0,6459,6459,0
adalimumab,2019-01-01,VIC,0,5454,5454,0
adalimumab,2019-02-01,VIC,0,5681,5681,0
adalimumab,2019-03-01,VIC,0,6316,6316,0
adalimumab,2019-04-01,VIC,0,5167,5167,0
adalimumab,2019-05-01,VIC,0,6154,6154,0
adalimumab,2019-06-01,VIC,0,6383,6383,0
adalimumab,2019-07-01,VIC,0,5920,5920,0
adalimumab,2019-08-01,VIC,0,6506,6506,0
adalimumab,2019-09-01,VIC,0,5440,5440,0
adalimumab,2019-10-01,VIC,0,6234,6234,0
adalimumab,2019-11-01,VIC,0,6706,6706,0
adalimumab,2019-12-01,VIC,0,6335,6335,0
adalimumab,2020-01-01,VIC,0,5737,5737,0
adalimumab,2020-02-01,VIC,0,6407,6407,0
adalimumab,2020-03-01,VIC,0,6431,6431,0
adalimumab,2020-04-01,VIC,0,6459,6459,0
adalimumab,2020-05-01,VIC,0,5920,5920,0
adalimumab,2020-06-01,VIC,0,5567,5567,0
adalimumab,2020-07-01,VIC,0,6992,6992,0
adalimumab,2020-08-01,VIC,0,6882,6882,0
adalimumab,2020-09-01,VIC,0,6418,6418,0
adalimumab,2020-10-01,VIC,0,6912,6912,0
adalimumab,2020-11-01,VIC,0,5542,5542,0
adalimumab,2020-12-01,VIC,0,7243,7243,0
adalimumab,2021-01-01,VIC,0,6431,6431,0
adalimumab,2021-02-01,VIC,0,6335,6335,0
adalimumab,2021-03-01,VIC,0,5957,5957,0
adalimumab,2021-04-01,VIC,6117,364,6481,0.9438358278043512
adalimumab,2021-05-01,VIC,5382,1121,6503,0.8276180224511763
adalimumab,2021-06-01,VIC,4044,2726,6770,0.597341211225997
adalimumab,2021-07-01,VIC,2987,4678,7665,0.38969341161121984
adalimumab,2021-08-01,VIC,1818,4591,6409,0.2836635980652208
adalimumab,2021-09-01,VIC,1517,5191,6708,0.2261478831246273
adalimumab,2021-10-01,VIC,1137,5959,7096,0.16023111612175875
adalimumab,2021-11-01,VIC,1149,5532,6681,0.17198024247867086
adalimumab,2021-12-01,VIC,1248,6383,7631,0.1635434412265758
adalimumab,2022-01-01,VIC,1098,5950,7048,0.155788876276958
adalimumab,2022-02-01,VIC,1095,5697,6792,0.1612190812720848
adalimumab,2022-03-01,VIC,1191,6314,7505,0.1586942038640906
adalimumab,2022-04-01,VIC,1648,6308,7956,0.2071392659627954
adalimumab,2022-05-01,VIC,1279,5549,6828,0.18731693028705332
adalimumab,2022-06-01,VIC,1384,6343,7727,0.17911220396013977
adalimumab,2009-01-01,WA,0,872,872,0
adalimumab,2009-02-01,WA,0,674,674,0
adalimumab,2009-03-01,WA,0,679,679,0
adalimumab,2009-04-01,WA,0,665,665,0
adalimumab,2009-05-01,WA,0,858,858,0
adalimumab,2009-06-01,WA,0,926,926,0
adalimumab,2009-07-01,WA,0,904,904,0
adalimumab,2009-08-01,WA,0,791,791,0
adalimumab,2009-09-01,WA,0,785,785,0
adalimumab,2009-10-01,WA,0,1014,1014,0
adalimumab,2009-11-01,WA,0,818,818,0
adalimumab,2009-12-01,WA,0,804,804,0
adalimumab,2010-01-01,WA,0,1308,1308,0
adalimumab,2010-02-01,WA,0,954,954,0
adalimumab,2010-03-01,WA,0,872,872,0
adalimumab,2010-04-01,WA,0,1022,1022,0
adalimumab,2010-05-01,WA,0,1026,1026,0
adalimumab,2010-06-01,WA,0,877,877,0
adalimumab,2010-07-01,WA,0,1105,1105,0
adalimumab,2010-08-01,WA,0,691,691,0
adalimumab,2010-09-01,WA,0,1195,1195,0
adalimumab,2010-10-01,WA,0,1119,1119,0
adalimumab,2010-11-01,WA,0,964,964,0
adalimumab,2010-12-01,WA,0,768,768,0
adalimumab,2011-01-01,WA,0,1115,1115,0
adalimumab,2011-02-01,WA,0,791,791,0
adalimumab,2011-03-01,WA,0,1253,1253,0
adalimumab,2011-04-01,WA,0,1209,1209,0
adalimumab,2011-05-01,WA,0,957,957,0
adalimumab,2011-06-01,WA,0,1025,1025,0
adalimumab,2011-07-01,WA,0,1287,1287,0
adalimumab,2011-08-01,WA,0,1463,1463,0
adalimumab,2011-09-01,WA,0,830,830,0
adalimumab,2011-10-01,WA,0,1032,1032,0
adalimumab,2011-11-01,WA,0,1433,1433,0
adalimumab,2011-12-01,WA,0,822,822,0
adalimumab,2012-01-01,WA,0,985,985,0
adalimumab,2012-02-01,WA,0,850,850,0
adalimumab,2012-03-01,WA,0,1235,1235,0
adalimumab,2012-04-01,WA,0,1313,1313,0
adalimumab,2012-05-01,WA,0,2060,2060,0
adalimumab,2012-06-01,WA,0,2502,2502,0
adalimumab,2012-07-01,WA,0,1136,1136,0
adalimumab,2012-08-01,WA,0,1847,1847,0
adalimumab,2012-09-01,WA,0,1482,1482,0
adalimumab,2012-10-01,WA,0,1703,1703,0
adalimumab,2012-11-01,WA,0,1617,1617,0
adalimumab,2012-12-01,WA,0,1146,1146,0
adalimumab,2013-01-01,WA,0,1550,1550,0
adalimumab,2013-02-01,WA,0,1409,1409,0
adalimumab,2013-03-01,WA,0,903,903,0
adalimumab,2013-04-01,WA,0,1554,1554,0
adalimumab,2013-05-01,WA,0,1903,1903,0
adalimumab,2013-06-01,WA,0,1394,1394,0
adalimumab,2013-07-01,WA,0,1210,1210,0
adalimumab,2013-08-01,WA,0,760,760,0
adalimumab,2013-09-01,WA,0,1211,1211,0
adalimumab,2013-10-01,WA,0,1029,1029,0
adalimumab,2013-11-01,WA,0,1407,1407,0
adalimumab,2013-12-01,WA,0,875,875,0
adalimumab,2014-01-01,WA,0,1296,1296,0
adalimumab,2014-02-01,WA,0,1168,1168,0
adalimumab,2014-03-01,WA,0,3305,3305,0
adalimumab,2014-04-01,WA,0,4152,4152,0
adalimumab,2014-05-01,WA,0,2538,2538,0
adalimumab,2014-06-01,WA,0,2035,2035,0
adalimumab,2014-07-01,WA,0,1757,1757,0
adalimumab,2014-08-01,WA,0,1987,1987,0
adalimumab,2014-09-01,WA,0,1808,1808,0
adalimumab,2014-10-01,WA,0,1685,1685,0
adalimumab,2014-11-01,WA,0,1900,1900,0
adalimumab,2014-12-01,WA,0,1697,1697,0
adalimumab,2015-01-01,WA,0,2572,2572,0
adalimumab,2015-02-01,WA,0,1983,1983,0
adalimumab,2015-03-01,WA,0,2060,2060,0
adalimumab,2015-04-01,WA,0,1795,1795,0
adalimumab,2015-05-01,WA,0,3025,3025,0
adalimumab,2015-06-01,WA,0,2437,2437,0
adalimumab,2015-07-01,WA,0,2515,2515,0
adalimumab,2015-08-01,WA,0,2179,2179,0
adalimumab,2015-09-01,WA,0,2185,2185,0
adalimumab,2015-10-01,WA,0,2234,2234,0
adalimumab,2015-11-01,WA,0,2073,2073,0
adalimumab,2015-12-01,WA,0,2172,2172,0
adalimumab,2016-01-01,WA,0,2476,2476,0
adalimumab,2016-02-01,WA,0,1990,1990,0
adalimumab,2016-03-01,WA,0,2308,2308,0
adalimumab,2016-04-01,WA,0,2670,2670,0
adalimumab,2016-05-01,WA,0,2290,2290,0
adalimumab,2016-06-01,WA,0,2209,2209,0
adalimumab,2016-07-01,WA,0,2652,2652,0
adalimumab,2016-08-01,WA,0,2250,2250,0
adalimumab,2016-09-01,WA,0,2213,2213,0
adalimumab,2016-10-01,WA,0,2190,2190,0
adalimumab,2016-11-01,WA,0,2337,2337,0
adalimumab,2016-12-01,WA,0,2729,2729,0
adalimumab,2017-01-01,WA,0,1975,1975,0
adalimumab,2017-02-01,WA,0,2048,2048,0
adalimumab,2017-03-01,WA,0,2356,2356,0
adalimumab,2017-04-01,WA,0,2586,2586,0
adalimumab,2017-05-01,WA,0,2337,2337,0
adalimumab,2017-06-01,WA,0,2398,2398,0
adalimumab,2017-07-01,WA,0,2321,2321,0
adalimumab,2017-08-01,WA,0,2265,2265,0
adalimumab,2017-09-01,WA,0,2331,2331,0
adalimumab,2017-10-01,WA,0,2146,2146,0
adalimumab,2017-11-01,WA,0,2219,2219,0
adalimumab,2017-12-01,WA,0,2842,2842,0
adalimumab,2018-01-01,WA,0,2126,2126,0
adalimumab,2018-02-01,WA,0,2364,2364,0
adalimumab,2018-03-01,WA,0,2382,2382,0
adalimumab,2018-04-01,WA,0,2507,2507,0
adalimumab,2018-05-01,WA,0,2363,2363,0
adalimumab,2018-06-01,WA,0,2388,2388,0
adalimumab,2018-07-01,WA,0,2199,2199,0
adalimumab,2018-08-01,WA,0,3120,3120,0
adalimumab,2018-09-01,WA,0,2346,2346,0
adalimumab,2018-10-01,WA,0,1901,1901,0
adalimumab,2018-11-01,WA,0,2493,2493,0
adalimumab,2018-12-01,WA,0,2382,2382,0
adalimumab,2019-01-01,WA,0,2748,2748,0
adalimumab,2019-02-01,WA,0,2370,2370,0
adalimumab,2019-03-01,WA,0,2728,2728,0
adalimumab,2019-04-01,WA,0,2150,2150,0
adalimumab,2019-05-01,WA,0,2420,2420,0
adalimumab,2019-06-01,WA,0,2643,2643,0
adalimumab,2019-07-01,WA,0,2194,2194,0
adalimumab,2019-08-01,WA,0,2323,2323,0
adalimumab,2019-09-01,WA,0,2943,2943,0
adalimumab,2019-10-01,WA,0,1917,1917,0
adalimumab,2019-11-01,WA,0,2675,2675,0
adalimumab,2019-12-01,WA,0,2328,2328,0
adalimumab,2020-01-01,WA,0,2737,2737,0
adalimumab,2020-02-01,WA,0,2349,2349,0
adalimumab,2020-03-01,WA,0,2519,2519,0
adalimumab,2020-04-01,WA,0,2830,2830,0
adalimumab,2020-05-01,WA,0,2203,2203,0
adalimumab,2020-06-01,WA,0,2418,2418,0
adalimumab,2020-07-01,WA,0,2700,2700,0
adalimumab,2020-08-01,WA,0,2628,2628,0
adalimumab,2020-09-01,WA,0,2437,2437,0
adalimumab,2020-10-01,WA,0,2625,2625,0
adalimumab,2020-11-01,WA,0,2446,2446,0
adalimumab,2020-12-01,WA,0,2536,2536,0
adalimumab,2021-01-01,WA,0,2875,2875,0
adalimumab,2021-02-01,WA,0,2779,2779,0
adalimumab,2021-03-01,WA,0,2212,2212,0
adalimumab,2021-04-01,WA,2991,127,3118,0.9592687620269403
adalimumab,2021-05-01,WA,2101,389,2490,0.8437751004016064
adalimumab,2021-06-01,WA,1767,863,2630,0.6718631178707224
adalimumab,2021-07-01,WA,1663,1581,3244,0.5126387176325524
adalimumab,2021-08-01,WA,964,1813,2777,0.34713719841555635
adalimumab,2021-09-01,WA,860,2007,2867,0.2999651203348448
adalimumab,2021-10-01,WA,673,2130,2803,0.24009989297181591
adalimumab,2021-11-01,WA,657,2177,2834,0.23182780522230065
adalimumab,2021-12-01,WA,624,2429,3053,0.20438912545037669
adalimumab,2022-01-01,WA,647,2516,3163,0.2045526398988302
adalimumab,2022-02-01,WA,546,2214,2760,0.19782608695652174
adalimumab,2022-03-01,WA,614,2340,2954,0.20785375761679079
adalimumab,2022-04-01,WA,1026,2431,3457,0.2967891235175007
adalimumab,2022-05-01,WA,767,2372,3139,0.2443453329085696
adalimumab,2022-06-01,WA,685,2501,3186,0.2150031387319523
aflibercept,2012-12-01,ACT,0,0,0,0
aflibercept,2013-01-01,ACT,0,3,3,0
aflibercept,2013-02-01,ACT,0,40,40,0
aflibercept,2013-03-01,ACT,0,13,13,0
aflibercept,2013-04-01,ACT,0,84,84,0
aflibercept,2013-05-01,ACT,0,65,65,0
aflibercept,2013-06-01,ACT,0,35,35,0
aflibercept,2013-07-01,ACT,0,163,163,0
aflibercept,2013-08-01,ACT,0,91,91,0
aflibercept,2013-09-01,ACT,0,185,185,0
aflibercept,2013-10-01,ACT,0,24,24,0
aflibercept,2013-11-01,ACT,0,138,138,0
aflibercept,2013-12-01,ACT,0,49,49,0
aflibercept,2014-01-01,ACT,0,198,198,0
aflibercept,2014-02-01,ACT,0,64,64,0
aflibercept,2014-03-01,ACT,0,326,326,0
aflibercept,2014-04-01,ACT,0,174,174,0
aflibercept,2014-05-01,ACT,0,142,142,0
aflibercept,2014-06-01,ACT,0,168,168,0
aflibercept,2014-07-01,ACT,0,87,87,0
aflibercept,2014-08-01,ACT,0,232,232,0
aflibercept,2014-09-01,ACT,0,7,7,0
aflibercept,2014-10-01,ACT,0,109,109,0
aflibercept,2014-11-01,ACT,0,85,85,0
aflibercept,2014-12-01,ACT,0,261,261,0
aflibercept,2015-01-01,ACT,0,179,179,0
aflibercept,2015-02-01,ACT,0,162,162,0
aflibercept,2015-03-01,ACT,0,128,128,0
aflibercept,2015-04-01,ACT,0,170,170,0
aflibercept,2015-05-01,ACT,0,211,211,0
aflibercept,2015-06-01,ACT,0,100,100,0
aflibercept,2015-07-01,ACT,0,225,225,0
aflibercept,2015-08-01,ACT,0,216,216,0
aflibercept,2015-09-01,ACT,0,118,118,0
aflibercept,2015-10-01,ACT,0,110,110,0
aflibercept,2015-11-01,ACT,0,127,127,0
aflibercept,2015-12-01,ACT,0,120,120,0
aflibercept,2016-01-01,ACT,0,219,219,0
aflibercept,2016-02-01,ACT,0,182,182,0
aflibercept,2016-03-01,ACT,0,48,48,0
aflibercept,2016-04-01,ACT,0,122,122,0
aflibercept,2016-05-01,ACT,0,202,202,0
aflibercept,2016-06-01,ACT,0,110,110,0
aflibercept,2016-07-01,ACT,0,40,40,0
aflibercept,2016-08-01,ACT,0,121,121,0
aflibercept,2016-09-01,ACT,0,49,49,0
aflibercept,2016-10-01,ACT,0,475,475,0
aflibercept,2016-11-01,ACT,0,87,87,0
aflibercept,2016-12-01,ACT,0,222,222,0
aflibercept,2017-01-01,ACT,0,81,81,0
aflibercept,2017-02-01,ACT,0,98,98,0
aflibercept,2017-03-01,ACT,0,269,269,0
aflibercept,2017-04-01,ACT,0,197,197,0
aflibercept,2017-05-01,ACT,0,53,53,0
aflibercept,2017-06-01,ACT,0,119,119,0
aflibercept,2017-07-01,ACT,0,155,155,0
aflibercept,2017-08-01,ACT,0,400,400,0
aflibercept,2017-09-01,ACT,0,54,54,0
aflibercept,2017-10-01,ACT,0,308,308,0
aflibercept,2017-11-01,ACT,0,210,210,0
aflibercept,2017-12-01,ACT,0,234,234,0
aflibercept,2018-01-01,ACT,0,24,24,0
aflibercept,2018-02-01,ACT,0,94,94,0
aflibercept,2018-03-01,ACT,0,198,198,0
aflibercept,2018-04-01,ACT,0,143,143,0
aflibercept,2018-05-01,ACT,0,202,202,0
aflibercept,2018-06-01,ACT,0,183,183,0
aflibercept,2018-07-01,ACT,0,143,143,0
aflibercept,2018-08-01,ACT,0,388,388,0
aflibercept,2018-09-01,ACT,0,225,225,0
aflibercept,2018-10-01,ACT,0,182,182,0
aflibercept,2018-11-01,ACT,0,191,191,0
aflibercept,2018-12-01,ACT,0,182,182,0
aflibercept,2019-01-01,ACT,0,334,334,0
aflibercept,2019-02-01,ACT,0,148,148,0
aflibercept,2019-03-01,ACT,0,397,397,0
aflibercept,2019-04-01,ACT,0,222,222,0
aflibercept,2019-05-01,ACT,0,219,219,0
aflibercept,2019-06-01,ACT,0,350,350,0
aflibercept,2019-07-01,ACT,0,187,187,0
aflibercept,2019-08-01,ACT,0,219,219,0
aflibercept,2019-09-01,ACT,0,330,330,0
aflibercept,2019-10-01,ACT,0,277,277,0
aflibercept,2019-11-01,ACT,0,0,0,0
aflibercept,2019-12-01,ACT,0,148,148,0
aflibercept,2020-01-01,ACT,0,601,601,0
aflibercept,2020-02-01,ACT,0,83,83,0
aflibercept,2020-03-01,ACT,0,286,286,0
aflibercept,2020-04-01,ACT,0,418,418,0
aflibercept,2020-05-01,ACT,0,228,228,0
aflibercept,2020-06-01,ACT,0,177,177,0
aflibercept,2020-07-01,ACT,0,299,299,0
aflibercept,2020-08-01,ACT,0,361,361,0
aflibercept,2020-09-01,ACT,0,302,302,0
aflibercept,2020-10-01,ACT,0,262,262,0
aflibercept,2020-11-01,ACT,0,207,207,0
aflibercept,2020-12-01,ACT,0,327,327,0
aflibercept,2021-01-01,ACT,0,408,408,0
aflibercept,2021-02-01,ACT,0,312,312,0
aflibercept,2021-03-01,ACT,0,165,165,0
aflibercept,2021-04-01,ACT,0,494,494,0
aflibercept,2021-05-01,ACT,0,151,151,0
aflibercept,2021-06-01,ACT,0,59,59,0
aflibercept,2021-07-01,ACT,0,313,313,0
aflibercept,2021-08-01,ACT,0,355,355,0
aflibercept,2021-09-01,ACT,0,396,396,0
aflibercept,2021-10-01,ACT,0,205,205,0
aflibercept,2021-11-01,ACT,0,133,133,0
aflibercept,2021-12-01,ACT,0,513,513,0
aflibercept,2022-01-01,ACT,0,193,193,0
aflibercept,2022-02-01,ACT,0,210,210,0
aflibercept,2022-03-01,ACT,0,252,252,0
aflibercept,2022-04-01,ACT,0,669,669,0
aflibercept,2022-05-01,ACT,0,185,185,0
aflibercept,2022-06-01,ACT,0,150,150,0
aflibercept,2012-12-01,NSW,0,1,1,0
aflibercept,2013-01-01,NSW,0,730,730,0
aflibercept,2013-02-01,NSW,0,1765,1765,0
aflibercept,2013-03-01,NSW,0,1218,1218,0
aflibercept,2013-04-01,NSW,0,3194,3194,0
aflibercept,2013-05-01,NSW,0,1608,1608,0
aflibercept,2013-06-01,NSW,0,3759,3759,0
aflibercept,2013-07-01,NSW,0,1942,1942,0
aflibercept,2013-08-01,NSW,0,1937,1937,0
aflibercept,2013-09-01,NSW,0,1700,1700,0
aflibercept,2013-10-01,NSW,0,2743,2743,0
aflibercept,2013-11-01,NSW,0,1029,1029,0
aflibercept,2013-12-01,NSW,0,2956,2956,0
aflibercept,2014-01-01,NSW,0,2704,2704,0
aflibercept,2014-02-01,NSW,0,1319,1319,0
aflibercept,2014-03-01,NSW,0,6657,6657,0
aflibercept,2014-04-01,NSW,0,8710,8710,0
aflibercept,2014-05-01,NSW,0,5751,5751,0
aflibercept,2014-06-01,NSW,0,5032,5032,0
aflibercept,2014-07-01,NSW,0,2691,2691,0
aflibercept,2014-08-01,NSW,0,5352,5352,0
aflibercept,2014-09-01,NSW,0,3734,3734,0
aflibercept,2014-10-01,NSW,0,3771,3771,0
aflibercept,2014-11-01,NSW,0,2727,2727,0
aflibercept,2014-12-01,NSW,0,3555,3555,0
aflibercept,2015-01-01,NSW,0,2932,2932,0
aflibercept,2015-02-01,NSW,0,5315,5315,0
aflibercept,2015-03-01,NSW,0,4833,4833,0
aflibercept,2015-04-01,NSW,0,3031,3031,0
aflibercept,2015-05-01,NSW,0,7933,7933,0
aflibercept,2015-06-01,NSW,0,3885,3885,0
aflibercept,2015-07-01,NSW,0,5324,5324,0
aflibercept,2015-08-01,NSW,0,4115,4115,0
aflibercept,2015-09-01,NSW,0,4455,4455,0
aflibercept,2015-10-01,NSW,0,4590,4590,0
aflibercept,2015-11-01,NSW,0,4531,4531,0
aflibercept,2015-12-01,NSW,0,5265,5265,0
aflibercept,2016-01-01,NSW,0,4742,4742,0
aflibercept,2016-02-01,NSW,0,6377,6377,0
aflibercept,2016-03-01,NSW,0,7375,7375,0
aflibercept,2016-04-01,NSW,0,5102,5102,0
aflibercept,2016-05-01,NSW,0,5019,5019,0
aflibercept,2016-06-01,NSW,0,6370,6370,0
aflibercept,2016-07-01,NSW,0,6424,6424,0
aflibercept,2016-08-01,NSW,0,5686,5686,0
aflibercept,2016-09-01,NSW,0,6759,6759,0
aflibercept,2016-10-01,NSW,0,5702,5702,0
aflibercept,2016-11-01,NSW,0,7079,7079,0
aflibercept,2016-12-01,NSW,0,6793,6793,0
aflibercept,2017-01-01,NSW,0,6382,6382,0
aflibercept,2017-02-01,NSW,0,6353,6353,0
aflibercept,2017-03-01,NSW,0,6491,6491,0
aflibercept,2017-04-01,NSW,0,6302,6302,0
aflibercept,2017-05-01,NSW,0,8879,8879,0
aflibercept,2017-06-01,NSW,0,7124,7124,0
aflibercept,2017-07-01,NSW,0,8227,8227,0
aflibercept,2017-08-01,NSW,0,6833,6833,0
aflibercept,2017-09-01,NSW,0,7881,7881,0
aflibercept,2017-10-01,NSW,0,11582,11582,0
aflibercept,2017-11-01,NSW,0,9249,9249,0
aflibercept,2017-12-01,NSW,0,8551,8551,0
aflibercept,2018-01-01,NSW,0,9883,9883,0
aflibercept,2018-02-01,NSW,0,8246,8246,0
aflibercept,2018-03-01,NSW,0,8319,8319,0
aflibercept,2018-04-01,NSW,0,7317,7317,0
aflibercept,2018-05-01,NSW,0,9592,9592,0
aflibercept,2018-06-01,NSW,0,9316,9316,0
aflibercept,2018-07-01,NSW,0,8063,8063,0
aflibercept,2018-08-01,NSW,0,8593,8593,0
aflibercept,2018-09-01,NSW,0,8538,8538,0
aflibercept,2018-10-01,NSW,0,9970,9970,0
aflibercept,2018-11-01,NSW,0,8968,8968,0
aflibercept,2018-12-01,NSW,0,11205,11205,0
aflibercept,2019-01-01,NSW,0,8892,8892,0
aflibercept,2019-02-01,NSW,0,8699,8699,0
aflibercept,2019-03-01,NSW,0,8985,8985,0
aflibercept,2019-04-01,NSW,0,8461,8461,0
aflibercept,2019-05-01,NSW,0,10112,10112,0
aflibercept,2019-06-01,NSW,0,10285,10285,0
aflibercept,2019-07-01,NSW,0,9691,9691,0
aflibercept,2019-08-01,NSW,0,10019,10019,0
aflibercept,2019-09-01,NSW,0,9365,9365,0
aflibercept,2019-10-01,NSW,0,9445,9445,0
aflibercept,2019-11-01,NSW,0,9995,9995,0
aflibercept,2019-12-01,NSW,0,10315,10315,0
aflibercept,2020-01-01,NSW,0,11037,11037,0
aflibercept,2020-02-01,NSW,0,10253,10253,0
aflibercept,2020-03-01,NSW,0,9418,9418,0
aflibercept,2020-04-01,NSW,0,9335,9335,0
aflibercept,2020-05-01,NSW,0,11436,11436,0
aflibercept,2020-06-01,NSW,0,10658,10658,0
aflibercept,2020-07-01,NSW,0,11463,11463,0
aflibercept,2020-08-01,NSW,0,9169,9169,0
aflibercept,2020-09-01,NSW,0,11864,11864,0
aflibercept,2020-10-01,NSW,0,10747,10747,0
aflibercept,2020-11-01,NSW,0,11479,11479,0
aflibercept,2020-12-01,NSW,0,14172,14172,0
aflibercept,2021-01-01,NSW,0,9564,9564,0
aflibercept,2021-02-01,NSW,0,11170,11170,0
aflibercept,2021-03-01,NSW,0,13136,13136,0
aflibercept,2021-04-01,NSW,0,11224,11224,0
aflibercept,2021-05-01,NSW,0,12773,12773,0
aflibercept,2021-06-01,NSW,0,12086,12086,0
aflibercept,2021-07-01,NSW,0,14158,14158,0
aflibercept,2021-08-01,NSW,0,11635,11635,0
aflibercept,2021-09-01,NSW,0,12896,12896,0
aflibercept,2021-10-01,NSW,0,13048,13048,0
aflibercept,2021-11-01,NSW,0,12174,12174,0
aflibercept,2021-12-01,NSW,0,13699,13699,0
aflibercept,2022-01-01,NSW,0,11029,11029,0
aflibercept,2022-02-01,NSW,0,13006,13006,0
aflibercept,2022-03-01,NSW,0,13919,13919,0
aflibercept,2022-04-01,NSW,0,11973,11973,0
aflibercept,2022-05-01,NSW,0,14370,14370,0
aflibercept,2022-06-01,NSW,0,14718,14718,0
aflibercept,2012-12-01,NT,0,0,0,0
aflibercept,2013-01-01,NT,0,0,0,0
aflibercept,2013-02-01,NT,0,0,0,0
aflibercept,2013-03-01,NT,0,0,0,0
aflibercept,2013-04-01,NT,0,2,2,0
aflibercept,2013-05-01,NT,0,3,3,0
aflibercept,2013-06-01,NT,0,4,4,0
aflibercept,2013-07-01,NT,0,4,4,0
aflibercept,2013-08-01,NT,0,7,7,0
aflibercept,2013-09-01,NT,0,10,10,0
aflibercept,2013-10-01,NT,0,5,5,0
aflibercept,2013-11-01,NT,0,2,2,0
aflibercept,2013-12-01,NT,0,8,8,0
aflibercept,2014-01-01,NT,0,6,6,0
aflibercept,2014-02-01,NT,0,6,6,0
aflibercept,2014-03-01,NT,0,10,10,0
aflibercept,2014-04-01,NT,0,12,12,0
aflibercept,2014-05-01,NT,0,7,7,0
aflibercept,2014-06-01,NT,0,6,6,0
aflibercept,2014-07-01,NT,0,13,13,0
aflibercept,2014-08-01,NT,0,11,11,0
aflibercept,2014-09-01,NT,0,11,11,0
aflibercept,2014-10-01,NT,0,10,10,0
aflibercept,2014-11-01,NT,0,6,6,0
aflibercept,2014-12-01,NT,0,6,6,0
aflibercept,2015-01-01,NT,0,18,18,0
aflibercept,2015-02-01,NT,0,11,11,0
aflibercept,2015-03-01,NT,0,9,9,0
aflibercept,2015-04-01,NT,0,2,2,0
aflibercept,2015-05-01,NT,0,21,21,0
aflibercept,2015-06-01,NT,0,11,11,0
aflibercept,2015-07-01,NT,0,13,13,0
aflibercept,2015-08-01,NT,0,23,23,0
aflibercept,2015-09-01,NT,0,8,8,0
aflibercept,2015-10-01,NT,0,13,13,0
aflibercept,2015-11-01,NT,0,13,13,0
aflibercept,2015-12-01,NT,0,10,10,0
aflibercept,2016-01-01,NT,0,16,16,0
aflibercept,2016-02-01,NT,0,13,13,0
aflibercept,2016-03-01,NT,0,14,14,0
aflibercept,2016-04-01,NT,0,19,19,0
aflibercept,2016-05-01,NT,0,19,19,0
aflibercept,2016-06-01,NT,0,17,17,0
aflibercept,2016-07-01,NT,0,17,17,0
aflibercept,2016-08-01,NT,0,22,22,0
aflibercept,2016-09-01,NT,0,27,27,0
aflibercept,2016-10-01,NT,0,19,19,0
aflibercept,2016-11-01,NT,0,14,14,0
aflibercept,2016-12-01,NT,0,21,21,0
aflibercept,2017-01-01,NT,0,12,12,0
aflibercept,2017-02-01,NT,0,22,22,0
aflibercept,2017-03-01,NT,0,13,13,0
aflibercept,2017-04-01,NT,0,22,22,0
aflibercept,2017-05-01,NT,0,16,16,0
aflibercept,2017-06-01,NT,0,18,18,0
aflibercept,2017-07-01,NT,0,37,37,0
aflibercept,2017-08-01,NT,0,33,33,0
aflibercept,2017-09-01,NT,0,26,26,0
aflibercept,2017-10-01,NT,0,32,32,0
aflibercept,2017-11-01,NT,0,29,29,0
aflibercept,2017-12-01,NT,0,24,24,0
aflibercept,2018-01-01,NT,0,28,28,0
aflibercept,2018-02-01,NT,0,30,30,0
aflibercept,2018-03-01,NT,0,42,42,0
aflibercept,2018-04-01,NT,0,30,30,0
aflibercept,2018-05-01,NT,0,27,27,0
aflibercept,2018-06-01,NT,0,38,38,0
aflibercept,2018-07-01,NT,0,46,46,0
aflibercept,2018-08-01,NT,0,55,55,0
aflibercept,2018-09-01,NT,0,4,4,0
aflibercept,2018-10-01,NT,0,75,75,0
aflibercept,2018-11-01,NT,0,34,34,0
aflibercept,2018-12-01,NT,0,44,44,0
aflibercept,2019-01-01,NT,0,32,32,0
aflibercept,2019-02-01,NT,0,44,44,0
aflibercept,2019-03-01,NT,0,22,22,0
aflibercept,2019-04-01,NT,0,58,58,0
aflibercept,2019-05-01,NT,0,11,11,0
aflibercept,2019-06-01,NT,0,107,107,0
aflibercept,2019-07-01,NT,0,7,7,0
aflibercept,2019-08-01,NT,0,82,82,0
aflibercept,2019-09-01,NT,0,60,60,0
aflibercept,2019-10-01,NT,0,54,54,0
aflibercept,2019-11-01,NT,0,81,81,0
aflibercept,2019-12-01,NT,0,12,12,0
aflibercept,2020-01-01,NT,0,46,46,0
aflibercept,2020-02-01,NT,0,56,56,0
aflibercept,2020-03-01,NT,0,12,12,0
aflibercept,2020-04-01,NT,0,92,92,0
aflibercept,2020-05-01,NT,0,54,54,0
aflibercept,2020-06-01,NT,0,57,57,0
aflibercept,2020-07-01,NT,0,70,70,0
aflibercept,2020-08-01,NT,0,70,70,0
aflibercept,2020-09-01,NT,0,85,85,0
aflibercept,2020-10-01,NT,0,83,83,0
aflibercept,2020-11-01,NT,0,83,83,0
aflibercept,2020-12-01,NT,0,125,125,0
aflibercept,2021-01-01,NT,0,24,24,0
aflibercept,2021-02-01,NT,0,148,148,0
aflibercept,2021-03-01,NT,0,15,15,0
aflibercept,2021-04-01,NT,0,86,86,0
aflibercept,2021-05-01,NT,0,72,72,0
aflibercept,2021-06-01,NT,0,101,101,0
aflibercept,2021-07-01,NT,0,80,80,0
aflibercept,2021-08-01,NT,0,87,87,0
aflibercept,2021-09-01,NT,0,88,88,0
aflibercept,2021-10-01,NT,0,98,98,0
aflibercept,2021-11-01,NT,0,86,86,0
aflibercept,2021-12-01,NT,0,126,126,0
aflibercept,2022-01-01,NT,0,22,22,0
aflibercept,2022-02-01,NT,0,84,84,0
aflibercept,2022-03-01,NT,0,60,60,0
aflibercept,2022-04-01,NT,0,94,94,0
aflibercept,2022-05-01,NT,0,153,153,0
aflibercept,2022-06-01,NT,0,107,107,0
aflibercept,2012-12-01,QLD,0,0,0,0
aflibercept,2013-01-01,QLD,0,344,344,0
aflibercept,2013-02-01,QLD,0,970,970,0
aflibercept,2013-03-01,QLD,0,1486,1486,0
aflibercept,2013-04-01,QLD,0,2466,2466,0
aflibercept,2013-05-01,QLD,0,1111,1111,0
aflibercept,2013-06-01,QLD,0,2553,2553,0
aflibercept,2013-07-01,QLD,0,1601,1601,0
aflibercept,2013-08-01,QLD,0,1382,1382,0
aflibercept,2013-09-01,QLD,0,2579,2579,0
aflibercept,2013-10-01,QLD,0,1341,1341,0
aflibercept,2013-11-01,QLD,0,1699,1699,0
aflibercept,2013-12-01,QLD,0,1850,1850,0
aflibercept,2014-01-01,QLD,0,1796,1796,0
aflibercept,2014-02-01,QLD,0,1161,1161,0
aflibercept,2014-03-01,QLD,0,2495,2495,0
aflibercept,2014-04-01,QLD,0,2245,2245,0
aflibercept,2014-05-01,QLD,0,2973,2973,0
aflibercept,2014-06-01,QLD,0,1939,1939,0
aflibercept,2014-07-01,QLD,0,1630,1630,0
aflibercept,2014-08-01,QLD,0,2282,2282,0
aflibercept,2014-09-01,QLD,0,1997,1997,0
aflibercept,2014-10-01,QLD,0,1895,1895,0
aflibercept,2014-11-01,QLD,0,1701,1701,0
aflibercept,2014-12-01,QLD,0,2124,2124,0
aflibercept,2015-01-01,QLD,0,1990,1990,0
aflibercept,2015-02-01,QLD,0,2228,2228,0
aflibercept,2015-03-01,QLD,0,1826,1826,0
aflibercept,2015-04-01,QLD,0,1993,1993,0
aflibercept,2015-05-01,QLD,0,3377,3377,0
aflibercept,2015-06-01,QLD,0,1885,1885,0
aflibercept,2015-07-01,QLD,0,2287,2287,0
aflibercept,2015-08-01,QLD,0,2133,2133,0
aflibercept,2015-09-01,QLD,0,2944,2944,0
aflibercept,2015-10-01,QLD,0,1675,1675,0
aflibercept,2015-11-01,QLD,0,2306,2306,0
aflibercept,2015-12-01,QLD,0,2772,2772,0
aflibercept,2016-01-01,QLD,0,2244,2244,0
aflibercept,2016-02-01,QLD,0,2946,2946,0
aflibercept,2016-03-01,QLD,0,3637,3637,0
aflibercept,2016-04-01,QLD,0,2935,2935,0
aflibercept,2016-05-01,QLD,0,3140,3140,0
aflibercept,2016-06-01,QLD,0,2743,2743,0
aflibercept,2016-07-01,QLD,0,2681,2681,0
aflibercept,2016-08-01,QLD,0,3330,3330,0
aflibercept,2016-09-01,QLD,0,3191,3191,0
aflibercept,2016-10-01,QLD,0,3224,3224,0
aflibercept,2016-11-01,QLD,0,3201,3201,0
aflibercept,2016-12-01,QLD,0,4911,4911,0
aflibercept,2017-01-01,QLD,0,2323,2323,0
aflibercept,2017-02-01,QLD,0,3076,3076,0
aflibercept,2017-03-01,QLD,0,3956,3956,0
aflibercept,2017-04-01,QLD,0,3412,3412,0
aflibercept,2017-05-01,QLD,0,4199,4199,0
aflibercept,2017-06-01,QLD,0,4098,4098,0
aflibercept,2017-07-01,QLD,0,4037,4037,0
aflibercept,2017-08-01,QLD,0,4259,4259,0
aflibercept,2017-09-01,QLD,0,3941,3941,0
aflibercept,2017-10-01,QLD,0,4781,4781,0
aflibercept,2017-11-01,QLD,0,4271,4271,0
aflibercept,2017-12-01,QLD,0,4639,4639,0
aflibercept,2018-01-01,QLD,0,3942,3942,0
aflibercept,2018-02-01,QLD,0,4460,4460,0
aflibercept,2018-03-01,QLD,0,4970,4970,0
aflibercept,2018-04-01,QLD,0,4058,4058,0
aflibercept,2018-05-01,QLD,0,4308,4308,0
aflibercept,2018-06-01,QLD,0,4207,4207,0
aflibercept,2018-07-01,QLD,0,4176,4176,0
aflibercept,2018-08-01,QLD,0,3188,3188,0
aflibercept,2018-09-01,QLD,0,3644,3644,0
aflibercept,2018-10-01,QLD,0,4202,4202,0
aflibercept,2018-11-01,QLD,0,3425,3425,0
aflibercept,2018-12-01,QLD,0,4497,4497,0
aflibercept,2019-01-01,QLD,0,3665,3665,0
aflibercept,2019-02-01,QLD,0,4084,4084,0
aflibercept,2019-03-01,QLD,0,3514,3514,0
aflibercept,2019-04-01,QLD,0,3983,3983,0
aflibercept,2019-05-01,QLD,0,13927,13927,0
aflibercept,2019-06-01,QLD,0,4869,4869,0
aflibercept,2019-07-01,QLD,0,4300,4300,0
aflibercept,2019-08-01,QLD,0,1936,1936,0
aflibercept,2019-09-01,QLD,0,10156,10156,0
aflibercept,2019-10-01,QLD,0,4597,4597,0
aflibercept,2019-11-01,QLD,0,4000,4000,0
aflibercept,2019-12-01,QLD,0,9220,9220,0
aflibercept,2020-01-01,QLD,0,3899,3899,0
aflibercept,2020-02-01,QLD,0,6548,6548,0
aflibercept,2020-03-01,QLD,0,5137,5137,0
aflibercept,2020-04-01,QLD,0,2507,2507,0
aflibercept,2020-05-01,QLD,0,4580,4580,0
aflibercept,2020-06-01,QLD,0,4425,4425,0
aflibercept,2020-07-01,QLD,0,6774,6774,0
aflibercept,2020-08-01,QLD,0,5662,5662,0
aflibercept,2020-09-01,QLD,0,5836,5836,0
aflibercept,2020-10-01,QLD,0,3806,3806,0
aflibercept,2020-11-01,QLD,0,6931,6931,0
aflibercept,2020-12-01,QLD,0,12355,12355,0
aflibercept,2021-01-01,QLD,0,4786,4786,0
aflibercept,2021-02-01,QLD,0,9388,9388,0
aflibercept,2021-03-01,QLD,0,5336,5336,0
aflibercept,2021-04-01,QLD,0,6474,6474,0
aflibercept,2021-05-01,QLD,0,7497,7497,0
aflibercept,2021-06-01,QLD,0,7318,7318,0
aflibercept,2021-07-01,QLD,0,6855,6855,0
aflibercept,2021-08-01,QLD,0,7838,7838,0
aflibercept,2021-09-01,QLD,0,8167,8167,0
aflibercept,2021-10-01,QLD,0,6755,6755,0
aflibercept,2021-11-01,QLD,0,7197,7197,0
aflibercept,2021-12-01,QLD,0,8189,8189,0
aflibercept,2022-01-01,QLD,0,5914,5914,0
aflibercept,2022-02-01,QLD,0,5863,5863,0
aflibercept,2022-03-01,QLD,0,8789,8789,0
aflibercept,2022-04-01,QLD,0,9283,9283,0
aflibercept,2022-05-01,QLD,0,7923,7923,0
aflibercept,2022-06-01,QLD,0,9381,9381,0
aflibercept,2012-12-01,SA,0,0,0,0
aflibercept,2013-01-01,SA,0,231,231,0
aflibercept,2013-02-01,SA,0,455,455,0
aflibercept,2013-03-01,SA,0,326,326,0
aflibercept,2013-04-01,SA,0,444,444,0
aflibercept,2013-05-01,SA,0,521,521,0
aflibercept,2013-06-01,SA,0,333,333,0
aflibercept,2013-07-01,SA,0,854,854,0
aflibercept,2013-08-01,SA,0,582,582,0
aflibercept,2013-09-01,SA,0,792,792,0
aflibercept,2013-10-01,SA,0,447,447,0
aflibercept,2013-11-01,SA,0,369,369,0
aflibercept,2013-12-01,SA,0,436,436,0
aflibercept,2014-01-01,SA,0,398,398,0
aflibercept,2014-02-01,SA,0,446,446,0
aflibercept,2014-03-01,SA,0,448,448,0
aflibercept,2014-04-01,SA,0,493,493,0
aflibercept,2014-05-01,SA,0,591,591,0
aflibercept,2014-06-01,SA,0,546,546,0
aflibercept,2014-07-01,SA,0,450,450,0
aflibercept,2014-08-01,SA,0,503,503,0
aflibercept,2014-09-01,SA,0,477,477,0
aflibercept,2014-10-01,SA,0,347,347,0
aflibercept,2014-11-01,SA,0,599,599,0
aflibercept,2014-12-01,SA,0,317,317,0
aflibercept,2015-01-01,SA,0,648,648,0
aflibercept,2015-02-01,SA,0,544,544,0
aflibercept,2015-03-01,SA,0,573,573,0
aflibercept,2015-04-01,SA,0,473,473,0
aflibercept,2015-05-01,SA,0,706,706,0
aflibercept,2015-06-01,SA,0,559,559,0
aflibercept,2015-07-01,SA,0,336,336,0
aflibercept,2015-08-01,SA,0,545,545,0
aflibercept,2015-09-01,SA,0,551,551,0
aflibercept,2015-10-01,SA,0,450,450,0
aflibercept,2015-11-01,SA,0,353,353,0
aflibercept,2015-12-01,SA,0,682,682,0
aflibercept,2016-01-01,SA,0,328,328,0
aflibercept,2016-02-01,SA,0,625,625,0
aflibercept,2016-03-01,SA,0,969,969,0
aflibercept,2016-04-01,SA,0,541,541,0
aflibercept,2016-05-01,SA,0,542,542,0
aflibercept,2016-06-01,SA,0,522,522,0
aflibercept,2016-07-01,SA,0,914,914,0
aflibercept,2016-08-01,SA,0,554,554,0
aflibercept,2016-09-01,SA,0,640,640,0
aflibercept,2016-10-01,SA,0,507,507,0
aflibercept,2016-11-01,SA,0,673,673,0
aflibercept,2016-12-01,SA,0,1042,1042,0
aflibercept,2017-01-01,SA,0,551,551,0
aflibercept,2017-02-01,SA,0,714,714,0
aflibercept,2017-03-01,SA,0,773,773,0
aflibercept,2017-04-01,SA,0,675,675,0
aflibercept,2017-05-01,SA,0,759,759,0
aflibercept,2017-06-01,SA,0,640,640,0
aflibercept,2017-07-01,SA,0,483,483,0
aflibercept,2017-08-01,SA,0,517,517,0
aflibercept,2017-09-01,SA,0,456,456,0
aflibercept,2017-10-01,SA,0,465,465,0
aflibercept,2017-11-01,SA,0,1302,1302,0
aflibercept,2017-12-01,SA,0,1826,1826,0
aflibercept,2018-01-01,SA,0,825,825,0
aflibercept,2018-02-01,SA,0,797,797,0
aflibercept,2018-03-01,SA,0,1120,1120,0
aflibercept,2018-04-01,SA,0,1091,1091,0
aflibercept,2018-05-01,SA,0,1372,1372,0
aflibercept,2018-06-01,SA,0,1252,1252,0
aflibercept,2018-07-01,SA,0,985,985,0
aflibercept,2018-08-01,SA,0,1742,1742,0
aflibercept,2018-09-01,SA,0,1125,1125,0
aflibercept,2018-10-01,SA,0,1234,1234,0
aflibercept,2018-11-01,SA,0,1209,1209,0
aflibercept,2018-12-01,SA,0,1436,1436,0
aflibercept,2019-01-01,SA,0,2806,2806,0
aflibercept,2019-02-01,SA,0,1279,1279,0
aflibercept,2019-03-01,SA,0,1072,1072,0
aflibercept,2019-04-01,SA,0,1165,1165,0
aflibercept,2019-05-01,SA,0,1409,1409,0
aflibercept,2019-06-01,SA,0,1900,1900,0
aflibercept,2019-07-01,SA,0,1610,1610,0
aflibercept,2019-08-01,SA,0,1192,1192,0
aflibercept,2019-09-01,SA,0,1199,1199,0
aflibercept,2019-10-01,SA,0,1335,1335,0
aflibercept,2019-11-01,SA,0,1262,1262,0
aflibercept,2019-12-01,SA,0,1276,1276,0
aflibercept,2020-01-01,SA,0,2535,2535,0
aflibercept,2020-02-01,SA,0,1851,1851,0
aflibercept,2020-03-01,SA,0,1126,1126,0
aflibercept,2020-04-01,SA,0,1413,1413,0
aflibercept,2020-05-01,SA,0,1384,1384,0
aflibercept,2020-06-01,SA,0,1047,1047,0
aflibercept,2020-07-01,SA,0,1944,1944,0
aflibercept,2020-08-01,SA,0,1357,1357,0
aflibercept,2020-09-01,SA,0,1117,1117,0
aflibercept,2020-10-01,SA,0,1553,1553,0
aflibercept,2020-11-01,SA,0,1277,1277,0
aflibercept,2020-12-01,SA,0,2661,2661,0
aflibercept,2021-01-01,SA,0,4321,4321,0
aflibercept,2021-02-01,SA,0,1522,1522,0
aflibercept,2021-03-01,SA,0,2194,2194,0
aflibercept,2021-04-01,SA,0,1698,1698,0
aflibercept,2021-05-01,SA,0,1791,1791,0
aflibercept,2021-06-01,SA,0,1539,1539,0
aflibercept,2021-07-01,SA,0,2706,2706,0
aflibercept,2021-08-01,SA,0,1531,1531,0
aflibercept,2021-09-01,SA,0,1987,1987,0
aflibercept,2021-10-01,SA,0,2171,2171,0
aflibercept,2021-11-01,SA,0,1768,1768,0
aflibercept,2021-12-01,SA,0,2760,2760,0
aflibercept,2022-01-01,SA,0,2252,2252,0
aflibercept,2022-02-01,SA,0,1881,1881,0
aflibercept,2022-03-01,SA,0,2481,2481,0
aflibercept,2022-04-01,SA,0,1981,1981,0
aflibercept,2022-05-01,SA,0,2484,2484,0
aflibercept,2022-06-01,SA,0,2374,2374,0
aflibercept,2012-12-01,TAS,0,0,0,0
aflibercept,2013-01-01,TAS,0,17,17,0
aflibercept,2013-02-01,TAS,0,150,150,0
aflibercept,2013-03-01,TAS,0,153,153,0
aflibercept,2013-04-01,TAS,0,104,104,0
aflibercept,2013-05-01,TAS,0,162,162,0
aflibercept,2013-06-01,TAS,0,222,222,0
aflibercept,2013-07-01,TAS,0,84,84,0
aflibercept,2013-08-01,TAS,0,247,247,0
aflibercept,2013-09-01,TAS,0,136,136,0
aflibercept,2013-10-01,TAS,0,292,292,0
aflibercept,2013-11-01,TAS,0,250,250,0
aflibercept,2013-12-01,TAS,0,267,267,0
aflibercept,2014-01-01,TAS,0,256,256,0
aflibercept,2014-02-01,TAS,0,171,171,0
aflibercept,2014-03-01,TAS,0,261,261,0
aflibercept,2014-04-01,TAS,0,267,267,0
aflibercept,2014-05-01,TAS,0,192,192,0
aflibercept,2014-06-01,TAS,0,513,513,0
aflibercept,2014-07-01,TAS,0,81,81,0
aflibercept,2014-08-01,TAS,0,333,333,0
aflibercept,2014-09-01,TAS,0,302,302,0
aflibercept,2014-10-01,TAS,0,196,196,0
aflibercept,2014-11-01,TAS,0,218,218,0
aflibercept,2014-12-01,TAS,0,180,180,0
aflibercept,2015-01-01,TAS,0,374,374,0
aflibercept,2015-02-01,TAS,0,287,287,0
aflibercept,2015-03-01,TAS,0,231,231,0
aflibercept,2015-04-01,TAS,0,223,223,0
aflibercept,2015-05-01,TAS,0,490,490,0
aflibercept,2015-06-01,TAS,0,305,305,0
aflibercept,2015-07-01,TAS,0,409,409,0
aflibercept,2015-08-01,TAS,0,234,234,0
aflibercept,2015-09-01,TAS,0,299,299,0
aflibercept,2015-10-01,TAS,0,144,144,0
aflibercept,2015-11-01,TAS,0,393,393,0
aflibercept,2015-12-01,TAS,0,330,330,0
aflibercept,2016-01-01,TAS,0,176,176,0
aflibercept,2016-02-01,TAS,0,395,395,0
aflibercept,2016-03-01,TAS,0,467,467,0
aflibercept,2016-04-01,TAS,0,189,189,0
aflibercept,2016-05-01,TAS,0,414,414,0
aflibercept,2016-06-01,TAS,0,350,350,0
aflibercept,2016-07-01,TAS,0,225,225,0
aflibercept,2016-08-01,TAS,0,311,311,0
aflibercept,2016-09-01,TAS,0,321,321,0
aflibercept,2016-10-01,TAS,0,322,322,0
aflibercept,2016-11-01,TAS,0,388,388,0
aflibercept,2016-12-01,TAS,0,629,629,0
aflibercept,2017-01-01,TAS,0,432,432,0
aflibercept,2017-02-01,TAS,0,137,137,0
aflibercept,2017-03-01,TAS,0,700,700,0
aflibercept,2017-04-01,TAS,0,106,106,0
aflibercept,2017-05-01,TAS,0,812,812,0
aflibercept,2017-06-01,TAS,0,504,504,0
aflibercept,2017-07-01,TAS,0,392,392,0
aflibercept,2017-08-01,TAS,0,504,504,0
aflibercept,2017-09-01,TAS,0,487,487,0
aflibercept,2017-10-01,TAS,0,484,484,0
aflibercept,2017-11-01,TAS,0,189,189,0
aflibercept,2017-12-01,TAS,0,759,759,0
aflibercept,2018-01-01,TAS,0,617,617,0
aflibercept,2018-02-01,TAS,0,457,457,0
aflibercept,2018-03-01,TAS,0,574,574,0
aflibercept,2018-04-01,TAS,0,408,408,0
aflibercept,2018-05-01,TAS,0,684,684,0
aflibercept,2018-06-01,TAS,0,221,221,0
aflibercept,2018-07-01,TAS,0,570,570,0
aflibercept,2018-08-01,TAS,0,946,946,0
aflibercept,2018-09-01,TAS,0,598,598,0
aflibercept,2018-10-01,TAS,0,672,672,0
aflibercept,2018-11-01,TAS,0,544,544,0
aflibercept,2018-12-01,TAS,0,312,312,0
aflibercept,2019-01-01,TAS,0,1036,1036,0
aflibercept,2019-02-01,TAS,0,574,574,0
aflibercept,2019-03-01,TAS,0,573,573,0
aflibercept,2019-04-01,TAS,0,618,618,0
aflibercept,2019-05-01,TAS,0,608,608,0
aflibercept,2019-06-01,TAS,0,599,599,0
aflibercept,2019-07-01,TAS,0,157,157,0
aflibercept,2019-08-01,TAS,0,700,700,0
aflibercept,2019-09-01,TAS,0,1017,1017,0
aflibercept,2019-10-01,TAS,0,616,616,0
aflibercept,2019-11-01,TAS,0,613,613,0
aflibercept,2019-12-01,TAS,0,265,265,0
aflibercept,2020-01-01,TAS,0,983,983,0
aflibercept,2020-02-01,TAS,0,231,231,0
aflibercept,2020-03-01,TAS,0,625,625,0
aflibercept,2020-04-01,TAS,0,668,668,0
aflibercept,2020-05-01,TAS,0,880,880,0
aflibercept,2020-06-01,TAS,0,346,346,0
aflibercept,2020-07-01,TAS,0,777,777,0
aflibercept,2020-08-01,TAS,0,595,595,0
aflibercept,2020-09-01,TAS,0,631,631,0
aflibercept,2020-10-01,TAS,0,768,768,0
aflibercept,2020-11-01,TAS,0,743,743,0
aflibercept,2020-12-01,TAS,0,751,751,0
aflibercept,2021-01-01,TAS,0,1171,1171,0
aflibercept,2021-02-01,TAS,0,729,729,0
aflibercept,2021-03-01,TAS,0,241,241,0
aflibercept,2021-04-01,TAS,0,1329,1329,0
aflibercept,2021-05-01,TAS,0,683,683,0
aflibercept,2021-06-01,TAS,0,380,380,0
aflibercept,2021-07-01,TAS,0,999,999,0
aflibercept,2021-08-01,TAS,0,826,826,0
aflibercept,2021-09-01,TAS,0,955,955,0
aflibercept,2021-10-01,TAS,0,1326,1326,0
aflibercept,2021-11-01,TAS,0,616,616,0
aflibercept,2021-12-01,TAS,0,974,974,0
aflibercept,2022-01-01,TAS,0,1287,1287,0
aflibercept,2022-02-01,TAS,0,531,531,0
aflibercept,2022-03-01,TAS,0,1283,1283,0
aflibercept,2022-04-01,TAS,0,566,566,0
aflibercept,2022-05-01,TAS,0,891,891,0
aflibercept,2022-06-01,TAS,0,1077,1077,0
aflibercept,2012-12-01,VIC,0,4,4,0
aflibercept,2013-01-01,VIC,0,216,216,0
aflibercept,2013-02-01,VIC,0,626,626,0
aflibercept,2013-03-01,VIC,0,418,418,0
aflibercept,2013-04-01,VIC,0,736,736,0
aflibercept,2013-05-01,VIC,0,866,866,0
aflibercept,2013-06-01,VIC,0,947,947,0
aflibercept,2013-07-01,VIC,0,826,826,0
aflibercept,2013-08-01,VIC,0,952,952,0
aflibercept,2013-09-01,VIC,0,957,957,0
aflibercept,2013-10-01,VIC,0,531,531,0
aflibercept,2013-11-01,VIC,0,671,671,0
aflibercept,2013-12-01,VIC,0,588,588,0
aflibercept,2014-01-01,VIC,0,718,718,0
aflibercept,2014-02-01,VIC,0,950,950,0
aflibercept,2014-03-01,VIC,0,1830,1830,0
aflibercept,2014-04-01,VIC,0,2033,2033,0
aflibercept,2014-05-01,VIC,0,1295,1295,0
aflibercept,2014-06-01,VIC,0,1609,1609,0
aflibercept,2014-07-01,VIC,0,892,892,0
aflibercept,2014-08-01,VIC,0,1048,1048,0
aflibercept,2014-09-01,VIC,0,1115,1115,0
aflibercept,2014-10-01,VIC,0,1055,1055,0
aflibercept,2014-11-01,VIC,0,1343,1343,0
aflibercept,2014-12-01,VIC,0,1436,1436,0
aflibercept,2015-01-01,VIC,0,818,818,0
aflibercept,2015-02-01,VIC,0,1830,1830,0
aflibercept,2015-03-01,VIC,0,1729,1729,0
aflibercept,2015-04-01,VIC,0,1064,1064,0
aflibercept,2015-05-01,VIC,0,2640,2640,0
aflibercept,2015-06-01,VIC,0,1566,1566,0
aflibercept,2015-07-01,VIC,0,1189,1189,0
aflibercept,2015-08-01,VIC,0,1635,1635,0
aflibercept,2015-09-01,VIC,0,1818,1818,0
aflibercept,2015-10-01,VIC,0,1487,1487,0
aflibercept,2015-11-01,VIC,0,1642,1642,0
aflibercept,2015-12-01,VIC,0,1800,1800,0
aflibercept,2016-01-01,VIC,0,1765,1765,0
aflibercept,2016-02-01,VIC,0,2041,2041,0
aflibercept,2016-03-01,VIC,0,2912,2912,0
aflibercept,2016-04-01,VIC,0,1944,1944,0
aflibercept,2016-05-01,VIC,0,2177,2177,0
aflibercept,2016-06-01,VIC,0,2806,2806,0
aflibercept,2016-07-01,VIC,0,1899,1899,0
aflibercept,2016-08-01,VIC,0,2735,2735,0
aflibercept,2016-09-01,VIC,0,1803,1803,0
aflibercept,2016-10-01,VIC,0,3113,3113,0
aflibercept,2016-11-01,VIC,0,2483,2483,0
aflibercept,2016-12-01,VIC,0,3674,3674,0
aflibercept,2017-01-01,VIC,0,2665,2665,0
aflibercept,2017-02-01,VIC,0,1416,1416,0
aflibercept,2017-03-01,VIC,0,3546,3546,0
aflibercept,2017-04-01,VIC,0,3047,3047,0
aflibercept,2017-05-01,VIC,0,3381,3381,0
aflibercept,2017-06-01,VIC,0,4238,4238,0
aflibercept,2017-07-01,VIC,0,2447,2447,0
aflibercept,2017-08-01,VIC,0,3799,3799,0
aflibercept,2017-09-01,VIC,0,2780,2780,0
aflibercept,2017-10-01,VIC,0,4200,4200,0
aflibercept,2017-11-01,VIC,0,3217,3217,0
aflibercept,2017-12-01,VIC,0,3895,3895,0
aflibercept,2018-01-01,VIC,0,2134,2134,0
aflibercept,2018-02-01,VIC,0,4356,4356,0
aflibercept,2018-03-01,VIC,0,3422,3422,0
aflibercept,2018-04-01,VIC,0,3349,3349,0
aflibercept,2018-05-01,VIC,0,4298,4298,0
aflibercept,2018-06-01,VIC,0,5131,5131,0
aflibercept,2018-07-01,VIC,0,2032,2032,0
aflibercept,2018-08-01,VIC,0,4224,4224,0
aflibercept,2018-09-01,VIC,0,4671,4671,0
aflibercept,2018-10-01,VIC,0,3191,3191,0
aflibercept,2018-11-01,VIC,0,4202,4202,0
aflibercept,2018-12-01,VIC,0,4586,4586,0
aflibercept,2019-01-01,VIC,0,4930,4930,0
aflibercept,2019-02-01,VIC,0,2792,2792,0
aflibercept,2019-03-01,VIC,0,3610,3610,0
aflibercept,2019-04-01,VIC,0,3648,3648,0
aflibercept,2019-05-01,VIC,0,5504,5504,0
aflibercept,2019-06-01,VIC,0,4776,4776,0
aflibercept,2019-07-01,VIC,0,4873,4873,0
aflibercept,2019-08-01,VIC,0,4229,4229,0
aflibercept,2019-09-01,VIC,0,3629,3629,0
aflibercept,2019-10-01,VIC,0,5467,5467,0
aflibercept,2019-11-01,VIC,0,3054,3054,0
aflibercept,2019-12-01,VIC,0,4181,4181,0
aflibercept,2020-01-01,VIC,0,5115,5115,0
aflibercept,2020-02-01,VIC,0,5060,5060,0
aflibercept,2020-03-01,VIC,0,5472,5472,0
aflibercept,2020-04-01,VIC,0,4786,4786,0
aflibercept,2020-05-01,VIC,0,4766,4766,0
aflibercept,2020-06-01,VIC,0,3777,3777,0
aflibercept,2020-07-01,VIC,0,6176,6176,0
aflibercept,2020-08-01,VIC,0,5785,5785,0
aflibercept,2020-09-01,VIC,0,4855,4855,0
aflibercept,2020-10-01,VIC,0,5152,5152,0
aflibercept,2020-11-01,VIC,0,6158,6158,0
aflibercept,2020-12-01,VIC,0,5522,5522,0
aflibercept,2021-01-01,VIC,0,5119,5119,0
aflibercept,2021-02-01,VIC,0,6576,6576,0
aflibercept,2021-03-01,VIC,0,5529,5529,0
aflibercept,2021-04-01,VIC,0,5508,5508,0
aflibercept,2021-05-01,VIC,0,5991,5991,0
aflibercept,2021-06-01,VIC,0,7158,7158,0
aflibercept,2021-07-01,VIC,0,4414,4414,0
aflibercept,2021-08-01,VIC,0,7502,7502,0
aflibercept,2021-09-01,VIC,0,6130,6130,0
aflibercept,2021-10-01,VIC,0,6791,6791,0
aflibercept,2021-11-01,VIC,0,5569,5569,0
aflibercept,2021-12-01,VIC,0,9296,9296,0
aflibercept,2022-01-01,VIC,0,4818,4818,0
aflibercept,2022-02-01,VIC,0,6944,6944,0
aflibercept,2022-03-01,VIC,0,6873,6873,0
aflibercept,2022-04-01,VIC,0,5988,5988,0
aflibercept,2022-05-01,VIC,0,7079,7079,0
aflibercept,2022-06-01,VIC,0,7370,7370,0
aflibercept,2012-12-01,WA,0,1,1,0
aflibercept,2013-01-01,WA,0,152,152,0
aflibercept,2013-02-01,WA,0,343,343,0
aflibercept,2013-03-01,WA,0,343,343,0
aflibercept,2013-04-01,WA,0,572,572,0
aflibercept,2013-05-01,WA,0,686,686,0
aflibercept,2013-06-01,WA,0,473,473,0
aflibercept,2013-07-01,WA,0,593,593,0
aflibercept,2013-08-01,WA,0,537,537,0
aflibercept,2013-09-01,WA,0,658,658,0
aflibercept,2013-10-01,WA,0,489,489,0
aflibercept,2013-11-01,WA,0,480,480,0
aflibercept,2013-12-01,WA,0,618,618,0
aflibercept,2014-01-01,WA,0,574,574,0
aflibercept,2014-02-01,WA,0,430,430,0
aflibercept,2014-03-01,WA,0,910,910,0
aflibercept,2014-04-01,WA,0,1128,1128,0
aflibercept,2014-05-01,WA,0,1043,1043,0
aflibercept,2014-06-01,WA,0,860,860,0
aflibercept,2014-07-01,WA,0,786,786,0
aflibercept,2014-08-01,WA,0,669,669,0
aflibercept,2014-09-01,WA,0,476,476,0
aflibercept,2014-10-01,WA,0,612,612,0
aflibercept,2014-11-01,WA,0,736,736,0
aflibercept,2014-12-01,WA,0,460,460,0
aflibercept,2015-01-01,WA,0,1100,1100,0
aflibercept,2015-02-01,WA,0,609,609,0
aflibercept,2015-03-01,WA,0,1005,1005,0
aflibercept,2015-04-01,WA,0,920,920,0
aflibercept,2015-05-01,WA,0,1292,1292,0
aflibercept,2015-06-01,WA,0,818,818,0
aflibercept,2015-07-01,WA,0,1042,1042,0
aflibercept,2015-08-01,WA,0,721,721,0
aflibercept,2015-09-01,WA,0,1006,1006,0
aflibercept,2015-10-01,WA,0,802,802,0
aflibercept,2015-11-01,WA,0,975,975,0
aflibercept,2015-12-01,WA,0,1111,1111,0
aflibercept,2016-01-01,WA,0,964,964,0
aflibercept,2016-02-01,WA,0,1115,1115,0
aflibercept,2016-03-01,WA,0,1318,1318,0
aflibercept,2016-04-01,WA,0,916,916,0
aflibercept,2016-05-01,WA,0,1186,1186,0
aflibercept,2016-06-01,WA,0,1239,1239,0
aflibercept,2016-07-01,WA,0,1196,1196,0
aflibercept,2016-08-01,WA,0,869,869,0
aflibercept,2016-09-01,WA,0,1086,1086,0
aflibercept,2016-10-01,WA,0,1260,1260,0
aflibercept,2016-11-01,WA,0,1817,1817,0
aflibercept,2016-12-01,WA,0,1396,1396,0
aflibercept,2017-01-01,WA,0,1281,1281,0
aflibercept,2017-02-01,WA,0,1466,1466,0
aflibercept,2017-03-01,WA,0,1571,1571,0
aflibercept,2017-04-01,WA,0,1318,1318,0
aflibercept,2017-05-01,WA,0,1961,1961,0
aflibercept,2017-06-01,WA,0,1766,1766,0
aflibercept,2017-07-01,WA,0,1379,1379,0
aflibercept,2017-08-01,WA,0,1978,1978,0
aflibercept,2017-09-01,WA,0,1545,1545,0
aflibercept,2017-10-01,WA,0,1717,1717,0
aflibercept,2017-11-01,WA,0,1936,1936,0
aflibercept,2017-12-01,WA,0,1499,1499,0
aflibercept,2018-01-01,WA,0,1774,1774,0
aflibercept,2018-02-01,WA,0,1345,1345,0
aflibercept,2018-03-01,WA,0,1307,1307,0
aflibercept,2018-04-01,WA,0,2210,2210,0
aflibercept,2018-05-01,WA,0,2253,2253,0
aflibercept,2018-06-01,WA,0,1169,1169,0
aflibercept,2018-07-01,WA,0,1644,1644,0
aflibercept,2018-08-01,WA,0,2767,2767,0
aflibercept,2018-09-01,WA,0,1293,1293,0
aflibercept,2018-10-01,WA,0,1629,1629,0
aflibercept,2018-11-01,WA,0,2112,2112,0
aflibercept,2018-12-01,WA,0,1934,1934,0
aflibercept,2019-01-01,WA,0,1731,1731,0
aflibercept,2019-02-01,WA,0,1723,1723,0
aflibercept,2019-03-01,WA,0,2378,2378,0
aflibercept,2019-04-01,WA,0,2194,2194,0
aflibercept,2019-05-01,WA,0,1260,1260,0
aflibercept,2019-06-01,WA,0,2681,2681,0
aflibercept,2019-07-01,WA,0,1302,1302,0
aflibercept,2019-08-01,WA,0,2117,2117,0
aflibercept,2019-09-01,WA,0,2174,2174,0
aflibercept,2019-10-01,WA,0,1613,1613,0
aflibercept,2019-11-01,WA,0,2313,2313,0
aflibercept,2019-12-01,WA,0,1955,1955,0
aflibercept,2020-01-01,WA,0,1804,1804,0
aflibercept,2020-02-01,WA,0,2062,2062,0
aflibercept,2020-03-01,WA,0,1880,1880,0
aflibercept,2020-04-01,WA,0,2861,2861,0
aflibercept,2020-05-01,WA,0,2189,2189,0
aflibercept,2020-06-01,WA,0,1290,1290,0
aflibercept,2020-07-01,WA,0,2374,2374,0
aflibercept,2020-08-01,WA,0,2633,2633,0
aflibercept,2020-09-01,WA,0,2452,2452,0
aflibercept,2020-10-01,WA,0,2393,2393,0
aflibercept,2020-11-01,WA,0,2204,2204,0
aflibercept,2020-12-01,WA,0,2059,2059,0
aflibercept,2021-01-01,WA,0,3118,3118,0
aflibercept,2021-02-01,WA,0,2911,2911,0
aflibercept,2021-03-01,WA,0,1368,1368,0
aflibercept,2021-04-01,WA,0,3002,3002,0
aflibercept,2021-05-01,WA,0,2284,2284,0
aflibercept,2021-06-01,WA,0,2927,2927,0
aflibercept,2021-07-01,WA,0,2513,2513,0
aflibercept,2021-08-01,WA,0,2496,2496,0
aflibercept,2021-09-01,WA,0,2861,2861,0
aflibercept,2021-10-01,WA,0,3686,3686,0
aflibercept,2021-11-01,WA,0,1498,1498,0
aflibercept,2021-12-01,WA,0,2833,2833,0
aflibercept,2022-01-01,WA,0,2657,2657,0
aflibercept,2022-02-01,WA,0,3039,3039,0
aflibercept,2022-03-01,WA,0,3561,3561,0
aflibercept,2022-04-01,WA,0,2624,2624,0
aflibercept,2022-05-01,WA,0,3194,3194,0
aflibercept,2022-06-01,WA,0,3060,3060,0
bevacizumab,2009-07-01,ACT,0,0,0,0
bevacizumab,2009-08-01,ACT,0,0,0,0
bevacizumab,2009-09-01,ACT,0,4,4,0
bevacizumab,2009-10-01,ACT,0,7,7,0
bevacizumab,2009-11-01,ACT,0,18,18,0
bevacizumab,2009-12-01,ACT,0,19,19,0
bevacizumab,2010-01-01,ACT,0,18,18,0
bevacizumab,2010-02-01,ACT,0,10,10,0
bevacizumab,2010-03-01,ACT,0,18,18,0
bevacizumab,2010-04-01,ACT,0,24,24,0
bevacizumab,2010-05-01,ACT,0,5,5,0
bevacizumab,2010-06-01,ACT,0,13,13,0
bevacizumab,2010-07-01,ACT,0,12,12,0
bevacizumab,2010-08-01,ACT,0,5,5,0
bevacizumab,2010-09-01,ACT,0,41,41,0
bevacizumab,2010-10-01,ACT,0,4,4,0
bevacizumab,2010-11-01,ACT,0,8,8,0
bevacizumab,2010-12-01,ACT,0,17,17,0
bevacizumab,2011-01-01,ACT,0,20,20,0
bevacizumab,2011-02-01,ACT,0,23,23,0
bevacizumab,2011-03-01,ACT,0,18,18,0
bevacizumab,2011-04-01,ACT,0,18,18,0
bevacizumab,2011-05-01,ACT,0,43,43,0
bevacizumab,2011-06-01,ACT,0,0,0,0
bevacizumab,2011-07-01,ACT,0,39,39,0
bevacizumab,2011-08-01,ACT,0,15,15,0
bevacizumab,2011-09-01,ACT,0,10,10,0
bevacizumab,2011-10-01,ACT,0,23,23,0
bevacizumab,2011-11-01,ACT,0,25,25,0
bevacizumab,2011-12-01,ACT,0,24,24,0
bevacizumab,2012-01-01,ACT,0,18,18,0
bevacizumab,2012-02-01,ACT,0,14,14,0
bevacizumab,2012-03-01,ACT,0,8,8,0
bevacizumab,2012-04-01,ACT,0,13,13,0
bevacizumab,2012-05-01,ACT,0,9,9,0
bevacizumab,2012-06-01,ACT,0,4,4,0
bevacizumab,2012-07-01,ACT,0,0,0,0
bevacizumab,2012-08-01,ACT,0,8,8,0
bevacizumab,2012-09-01,ACT,0,18,18,0
bevacizumab,2012-10-01,ACT,0,11,11,0
bevacizumab,2012-11-01,ACT,0,0,0,0
bevacizumab,2012-12-01,ACT,0,14,14,0
bevacizumab,2013-01-01,ACT,0,0,0,0
bevacizumab,2013-02-01,ACT,0,21,21,0
bevacizumab,2013-03-01,ACT,0,0,0,0
bevacizumab,2013-04-01,ACT,0,0,0,0
bevacizumab,2013-05-01,ACT,0,10,10,0
bevacizumab,2013-06-01,ACT,0,0,0,0
bevacizumab,2013-07-01,ACT,0,0,0,0
bevacizumab,2013-08-01,ACT,0,32,32,0
bevacizumab,2013-09-01,ACT,0,33,33,0
bevacizumab,2013-10-01,ACT,0,27,27,0
bevacizumab,2013-11-01,ACT,0,22,22,0
bevacizumab,2013-12-01,ACT,0,0,0,0
bevacizumab,2014-01-01,ACT,0,13,13,0
bevacizumab,2014-02-01,ACT,0,0,0,0
bevacizumab,2014-03-01,ACT,0,0,0,0
bevacizumab,2014-04-01,ACT,0,16,16,0
bevacizumab,2014-05-01,ACT,0,0,0,0
bevacizumab,2014-06-01,ACT,0,0,0,0
bevacizumab,2014-07-01,ACT,0,16,16,0
bevacizumab,2014-08-01,ACT,0,0,0,0
bevacizumab,2014-09-01,ACT,0,0,0,0
bevacizumab,2014-10-01,ACT,0,17,17,0
bevacizumab,2014-11-01,ACT,0,25,25,0
bevacizumab,2014-12-01,ACT,0,37,37,0
bevacizumab,2015-01-01,ACT,0,14,14,0
bevacizumab,2015-02-01,ACT,0,43,43,0
bevacizumab,2015-03-01,ACT,0,14,14,0
bevacizumab,2015-04-01,ACT,0,0,0,0
bevacizumab,2015-05-01,ACT,0,31,31,0
bevacizumab,2015-06-01,ACT,0,60,60,0
bevacizumab,2015-07-01,ACT,0,59,59,0
bevacizumab,2015-08-01,ACT,0,8,8,0
bevacizumab,2015-09-01,ACT,0,28,28,0
bevacizumab,2015-10-01,ACT,0,15,15,0
bevacizumab,2015-11-01,ACT,0,11,11,0
bevacizumab,2015-12-01,ACT,0,53,53,0
bevacizumab,2016-01-01,ACT,0,34,34,0
bevacizumab,2016-02-01,ACT,0,27,27,0
bevacizumab,2016-03-01,ACT,0,42,42,0
bevacizumab,2016-04-01,ACT,0,11,11,0
bevacizumab,2016-05-01,ACT,0,8,8,0
bevacizumab,2016-06-01,ACT,0,21,21,0
bevacizumab,2016-07-01,ACT,0,26,26,0
bevacizumab,2016-08-01,ACT,0,6,6,0
bevacizumab,2016-09-01,ACT,0,5,5,0
bevacizumab,2016-10-01,ACT,0,7,7,0
bevacizumab,2016-11-01,ACT,0,41,41,0
bevacizumab,2016-12-01,ACT,0,6,6,0
bevacizumab,2017-01-01,ACT,0,3,3,0
bevacizumab,2017-02-01,ACT,0,4,4,0
bevacizumab,2017-03-01,ACT,0,1,1,0
bevacizumab,2017-04-01,ACT,0,1,1,0
bevacizumab,2017-05-01,ACT,0,2,2,0
bevacizumab,2017-06-01,ACT,0,10,10,0
bevacizumab,2017-07-01,ACT,0,26,26,0
bevacizumab,2017-08-01,ACT,0,1,1,0
bevacizumab,2017-09-01,ACT,0,98,98,0
bevacizumab,2017-10-01,ACT,0,0,0,0
bevacizumab,2017-11-01,ACT,0,4,4,0
bevacizumab,2017-12-01,ACT,0,17,17,0
bevacizumab,2018-01-01,ACT,0,13,13,0
bevacizumab,2018-02-01,ACT,0,0,0,0
bevacizumab,2018-03-01,ACT,0,16,16,0
bevacizumab,2018-04-01,ACT,0,9,9,0
bevacizumab,2018-05-01,ACT,0,0,0,0
bevacizumab,2018-06-01,ACT,0,0,0,0
bevacizumab,2018-07-01,ACT,0,8,8,0
bevacizumab,2018-08-01,ACT,0,15,15,0
bevacizumab,2018-09-01,ACT,0,0,0,0
bevacizumab,2018-10-01,ACT,0,0,0,0
bevacizumab,2018-11-01,ACT,0,19,19,0
bevacizumab,2018-12-01,ACT,0,25,25,0
bevacizumab,2019-01-01,ACT,0,0,0,0
bevacizumab,2019-02-01,ACT,0,5,5,0
bevacizumab,2019-03-01,ACT,0,8,8,0
bevacizumab,2019-04-01,ACT,0,4,4,0
bevacizumab,2019-05-01,ACT,0,11,11,0
bevacizumab,2019-06-01,ACT,0,4,4,0
bevacizumab,2019-07-01,ACT,0,0,0,0
bevacizumab,2019-08-01,ACT,0,13,13,0
bevacizumab,2019-09-01,ACT,0,11,11,0
bevacizumab,2019-10-01,ACT,0,15,15,0
bevacizumab,2019-11-01,ACT,0,13,13,0
bevacizumab,2019-12-01,ACT,0,8,8,0
bevacizumab,2020-01-01,ACT,0,12,12,0
bevacizumab,2020-02-01,ACT,0,7,7,0
bevacizumab,2020-03-01,ACT,0,23,23,0
bevacizumab,2020-04-01,ACT,0,14,14,0
bevacizumab,2020-05-01,ACT,0,8,8,0
bevacizumab,2020-06-01,ACT,0,19,19,0
bevacizumab,2020-07-01,ACT,0,15,15,0
bevacizumab,2020-08-01,ACT,0,12,12,0
bevacizumab,2020-09-01,ACT,0,16,16,0
bevacizumab,2020-10-01,ACT,0,14,14,0
bevacizumab,2020-11-01,ACT,0,4,4,0
bevacizumab,2020-12-01,ACT,0,15,15,0
bevacizumab,2021-01-01,ACT,0,6,6,0
bevacizumab,2021-02-01,ACT,0,16,16,0
bevacizumab,2021-03-01,ACT,0,4,4,0
bevacizumab,2021-04-01,ACT,0,13,13,0
bevacizumab,2021-05-01,ACT,0,15,15,0
bevacizumab,2021-06-01,ACT,1,0,1,1
bevacizumab,2021-07-01,ACT,7,0,7,1
bevacizumab,2021-08-01,ACT,20,0,20,1
bevacizumab,2021-09-01,ACT,14,0,14,1
bevacizumab,2021-10-01,ACT,3,0,3,1
bevacizumab,2021-11-01,ACT,26,0,26,1
bevacizumab,2021-12-01,ACT,6,0,6,1
bevacizumab,2022-01-01,ACT,4,0,4,1
bevacizumab,2022-02-01,ACT,14,0,14,1
bevacizumab,2022-03-01,ACT,24,0,24,1
bevacizumab,2022-04-01,ACT,0,0,0,0
bevacizumab,2022-05-01,ACT,41,0,41,1
bevacizumab,2022-06-01,ACT,10,0,10,1
bevacizumab,2009-07-01,NSW,0,11,11,0
bevacizumab,2009-08-01,NSW,0,108,108,0
bevacizumab,2009-09-01,NSW,0,179,179,0
bevacizumab,2009-10-01,NSW,0,316,316,0
bevacizumab,2009-11-01,NSW,0,266,266,0
bevacizumab,2009-12-01,NSW,0,307,307,0
bevacizumab,2010-01-01,NSW,0,461,461,0
bevacizumab,2010-02-01,NSW,0,436,436,0
bevacizumab,2010-03-01,NSW,0,585,585,0
bevacizumab,2010-04-01,NSW,0,405,405,0
bevacizumab,2010-05-01,NSW,0,556,556,0
bevacizumab,2010-06-01,NSW,0,441,441,0
bevacizumab,2010-07-01,NSW,0,674,674,0
bevacizumab,2010-08-01,NSW,0,747,747,0
bevacizumab,2010-09-01,NSW,0,622,622,0
bevacizumab,2010-10-01,NSW,0,763,763,0
bevacizumab,2010-11-01,NSW,0,675,675,0
bevacizumab,2010-12-01,NSW,0,456,456,0
bevacizumab,2011-01-01,NSW,0,738,738,0
bevacizumab,2011-02-01,NSW,0,617,617,0
bevacizumab,2011-03-01,NSW,0,769,769,0
bevacizumab,2011-04-01,NSW,0,708,708,0
bevacizumab,2011-05-01,NSW,0,568,568,0
bevacizumab,2011-06-01,NSW,0,643,643,0
bevacizumab,2011-07-01,NSW,0,837,837,0
bevacizumab,2011-08-01,NSW,0,618,618,0
bevacizumab,2011-09-01,NSW,0,805,805,0
bevacizumab,2011-10-01,NSW,0,614,614,0
bevacizumab,2011-11-01,NSW,0,627,627,0
bevacizumab,2011-12-01,NSW,0,402,402,0
bevacizumab,2012-01-01,NSW,0,469,469,0
bevacizumab,2012-02-01,NSW,0,387,387,0
bevacizumab,2012-03-01,NSW,0,614,614,0
bevacizumab,2012-04-01,NSW,0,501,501,0
bevacizumab,2012-05-01,NSW,0,1062,1062,0
bevacizumab,2012-06-01,NSW,0,703,703,0
bevacizumab,2012-07-01,NSW,0,437,437,0
bevacizumab,2012-08-01,NSW,0,549,549,0
bevacizumab,2012-09-01,NSW,0,853,853,0
bevacizumab,2012-10-01,NSW,0,796,796,0
bevacizumab,2012-11-01,NSW,0,596,596,0
bevacizumab,2012-12-01,NSW,0,486,486,0
bevacizumab,2013-01-01,NSW,0,527,527,0
bevacizumab,2013-02-01,NSW,0,541,541,0
bevacizumab,2013-03-01,NSW,0,669,669,0
bevacizumab,2013-04-01,NSW,0,620,620,0
bevacizumab,2013-05-01,NSW,0,602,602,0
bevacizumab,2013-06-01,NSW,0,702,702,0
bevacizumab,2013-07-01,NSW,0,579,579,0
bevacizumab,2013-08-01,NSW,0,542,542,0
bevacizumab,2013-09-01,NSW,0,885,885,0
bevacizumab,2013-10-01,NSW,0,539,539,0
bevacizumab,2013-11-01,NSW,0,784,784,0
bevacizumab,2013-12-01,NSW,0,677,677,0
bevacizumab,2014-01-01,NSW,0,663,663,0
bevacizumab,2014-02-01,NSW,0,428,428,0
bevacizumab,2014-03-01,NSW,0,1080,1080,0
bevacizumab,2014-04-01,NSW,0,675,675,0
bevacizumab,2014-05-01,NSW,0,1042,1042,0
bevacizumab,2014-06-01,NSW,0,822,822,0
bevacizumab,2014-07-01,NSW,0,512,512,0
bevacizumab,2014-08-01,NSW,0,726,726,0
bevacizumab,2014-09-01,NSW,0,605,605,0
bevacizumab,2014-10-01,NSW,0,664,664,0
bevacizumab,2014-11-01,NSW,0,686,686,0
bevacizumab,2014-12-01,NSW,0,479,479,0
bevacizumab,2015-01-01,NSW,0,793,793,0
bevacizumab,2015-02-01,NSW,0,966,966,0
bevacizumab,2015-03-01,NSW,0,959,959,0
bevacizumab,2015-04-01,NSW,0,864,864,0
bevacizumab,2015-05-01,NSW,0,1241,1241,0
bevacizumab,2015-06-01,NSW,0,820,820,0
bevacizumab,2015-07-01,NSW,0,843,843,0
bevacizumab,2015-08-01,NSW,0,880,880,0
bevacizumab,2015-09-01,NSW,0,917,917,0
bevacizumab,2015-10-01,NSW,0,756,756,0
bevacizumab,2015-11-01,NSW,0,962,962,0
bevacizumab,2015-12-01,NSW,0,829,829,0
bevacizumab,2016-01-01,NSW,0,775,775,0
bevacizumab,2016-02-01,NSW,0,833,833,0
bevacizumab,2016-03-01,NSW,0,845,845,0
bevacizumab,2016-04-01,NSW,0,821,821,0
bevacizumab,2016-05-01,NSW,0,965,965,0
bevacizumab,2016-06-01,NSW,0,1022,1022,0
bevacizumab,2016-07-01,NSW,0,875,875,0
bevacizumab,2016-08-01,NSW,0,965,965,0
bevacizumab,2016-09-01,NSW,0,919,919,0
bevacizumab,2016-10-01,NSW,0,809,809,0
bevacizumab,2016-11-01,NSW,0,902,902,0
bevacizumab,2016-12-01,NSW,0,889,889,0
bevacizumab,2017-01-01,NSW,0,907,907,0
bevacizumab,2017-02-01,NSW,0,1041,1041,0
bevacizumab,2017-03-01,NSW,0,1025,1025,0
bevacizumab,2017-04-01,NSW,0,759,759,0
bevacizumab,2017-05-01,NSW,0,894,894,0
bevacizumab,2017-06-01,NSW,0,1219,1219,0
bevacizumab,2017-07-01,NSW,0,789,789,0
bevacizumab,2017-08-01,NSW,0,859,859,0
bevacizumab,2017-09-01,NSW,0,939,939,0
bevacizumab,2017-10-01,NSW,0,810,810,0
bevacizumab,2017-11-01,NSW,0,1060,1060,0
bevacizumab,2017-12-01,NSW,0,757,757,0
bevacizumab,2018-01-01,NSW,0,878,878,0
bevacizumab,2018-02-01,NSW,0,801,801,0
bevacizumab,2018-03-01,NSW,0,963,963,0
bevacizumab,2018-04-01,NSW,0,760,760,0
bevacizumab,2018-05-01,NSW,0,1060,1060,0
bevacizumab,2018-06-01,NSW,0,965,965,0
bevacizumab,2018-07-01,NSW,0,850,850,0
bevacizumab,2018-08-01,NSW,0,780,780,0
bevacizumab,2018-09-01,NSW,0,849,849,0
bevacizumab,2018-10-01,NSW,0,772,772,0
bevacizumab,2018-11-01,NSW,0,874,874,0
bevacizumab,2018-12-01,NSW,0,799,799,0
bevacizumab,2019-01-01,NSW,0,771,771,0
bevacizumab,2019-02-01,NSW,0,787,787,0
bevacizumab,2019-03-01,NSW,0,852,852,0
bevacizumab,2019-04-01,NSW,0,669,669,0
bevacizumab,2019-05-01,NSW,0,984,984,0
bevacizumab,2019-06-01,NSW,0,852,852,0
bevacizumab,2019-07-01,NSW,0,830,830,0
bevacizumab,2019-08-01,NSW,0,909,909,0
bevacizumab,2019-09-01,NSW,0,821,821,0
bevacizumab,2019-10-01,NSW,0,975,975,0
bevacizumab,2019-11-01,NSW,0,950,950,0
bevacizumab,2019-12-01,NSW,0,952,952,0
bevacizumab,2020-01-01,NSW,0,1027,1027,0
bevacizumab,2020-02-01,NSW,0,980,980,0
bevacizumab,2020-03-01,NSW,0,969,969,0
bevacizumab,2020-04-01,NSW,0,1107,1107,0
bevacizumab,2020-05-01,NSW,0,1128,1128,0
bevacizumab,2020-06-01,NSW,0,1040,1040,0
bevacizumab,2020-07-01,NSW,0,1118,1118,0
bevacizumab,2020-08-01,NSW,0,1026,1026,0
bevacizumab,2020-09-01,NSW,0,1074,1074,0
bevacizumab,2020-10-01,NSW,0,1117,1117,0
bevacizumab,2020-11-01,NSW,0,942,942,0
bevacizumab,2020-12-01,NSW,0,1191,1191,0
bevacizumab,2021-01-01,NSW,0,1181,1181,0
bevacizumab,2021-02-01,NSW,0,1138,1138,0
bevacizumab,2021-03-01,NSW,0,1159,1159,0
bevacizumab,2021-04-01,NSW,0,1418,1418,0
bevacizumab,2021-05-01,NSW,0,1168,1168,0
bevacizumab,2021-06-01,NSW,1020,318,1338,0.7623318385650224
bevacizumab,2021-07-01,NSW,1354,26,1380,0.981159420289855
bevacizumab,2021-08-01,NSW,1483,64,1547,0.9586296056884293
bevacizumab,2021-09-01,NSW,1443,0,1443,1
bevacizumab,2021-10-01,NSW,1457,0,1457,1
bevacizumab,2021-11-01,NSW,1422,0,1422,1
bevacizumab,2021-12-01,NSW,1624,0,1624,1
bevacizumab,2022-01-01,NSW,1333,0,1333,1
bevacizumab,2022-02-01,NSW,1508,0,1508,1
bevacizumab,2022-03-01,NSW,1345,0,1345,1
bevacizumab,2022-04-01,NSW,1534,70,1604,0.956359102244389
bevacizumab,2022-05-01,NSW,1480,65,1545,0.9579288025889967
bevacizumab,2022-06-01,NSW,1771,55,1826,0.9698795180722891
bevacizumab,2009-07-01,NT,0,0,0,0
bevacizumab,2009-08-01,NT,0,8,8,0
bevacizumab,2009-09-01,NT,0,12,12,0
bevacizumab,2009-10-01,NT,0,7,7,0
bevacizumab,2009-11-01,NT,0,0,0,0
bevacizumab,2009-12-01,NT,0,13,13,0
bevacizumab,2010-01-01,NT,0,8,8,0
bevacizumab,2010-02-01,NT,0,1,1,0
bevacizumab,2010-03-01,NT,0,5,5,0
bevacizumab,2010-04-01,NT,0,0,0,0
bevacizumab,2010-05-01,NT,0,23,23,0
bevacizumab,2010-06-01,NT,0,0,0,0
bevacizumab,2010-07-01,NT,0,12,12,0
bevacizumab,2010-08-01,NT,0,14,14,0
bevacizumab,2010-09-01,NT,0,20,20,0
bevacizumab,2010-10-01,NT,0,11,11,0
bevacizumab,2010-11-01,NT,0,14,14,0
bevacizumab,2010-12-01,NT,0,0,0,0
bevacizumab,2011-01-01,NT,0,25,25,0
bevacizumab,2011-02-01,NT,0,0,0,0
bevacizumab,2011-03-01,NT,0,17,17,0
bevacizumab,2011-04-01,NT,0,25,25,0
bevacizumab,2011-05-01,NT,0,15,15,0
bevacizumab,2011-06-01,NT,0,22,22,0
bevacizumab,2011-07-01,NT,0,0,0,0
bevacizumab,2011-08-01,NT,0,47,47,0
bevacizumab,2011-09-01,NT,0,9,9,0
bevacizumab,2011-10-01,NT,0,0,0,0
bevacizumab,2011-11-01,NT,0,21,21,0
bevacizumab,2011-12-01,NT,0,3,3,0
bevacizumab,2012-01-01,NT,0,18,18,0
bevacizumab,2012-02-01,NT,0,0,0,0
bevacizumab,2012-03-01,NT,0,23,23,0
bevacizumab,2012-04-01,NT,0,6,6,0
bevacizumab,2012-05-01,NT,0,13,13,0
bevacizumab,2012-06-01,NT,0,11,11,0
bevacizumab,2012-07-01,NT,0,16,16,0
bevacizumab,2012-08-01,NT,0,16,16,0
bevacizumab,2012-09-01,NT,0,31,31,0
bevacizumab,2012-10-01,NT,0,20,20,0
bevacizumab,2012-11-01,NT,0,13,13,0
bevacizumab,2012-12-01,NT,0,0,0,0
bevacizumab,2013-01-01,NT,0,22,22,0
bevacizumab,2013-02-01,NT,0,0,0,0
bevacizumab,2013-03-01,NT,0,26,26,0
bevacizumab,2013-04-01,NT,0,0,0,0
bevacizumab,2013-05-01,NT,0,22,22,0
bevacizumab,2013-06-01,NT,0,0,0,0
bevacizumab,2013-07-01,NT,0,15,15,0
bevacizumab,2013-08-01,NT,0,12,12,0
bevacizumab,2013-09-01,NT,0,21,21,0
bevacizumab,2013-10-01,NT,0,11,11,0
bevacizumab,2013-11-01,NT,0,0,0,0
bevacizumab,2013-12-01,NT,0,31,31,0
bevacizumab,2014-01-01,NT,0,18,18,0
bevacizumab,2014-02-01,NT,0,25,25,0
bevacizumab,2014-03-01,NT,0,44,44,0
bevacizumab,2014-04-01,NT,0,16,16,0
bevacizumab,2014-05-01,NT,0,17,17,0
bevacizumab,2014-06-01,NT,0,27,27,0
bevacizumab,2014-07-01,NT,0,26,26,0
bevacizumab,2014-08-01,NT,0,18,18,0
bevacizumab,2014-09-01,NT,0,22,22,0
bevacizumab,2014-10-01,NT,0,18,18,0
bevacizumab,2014-11-01,NT,0,0,0,0
bevacizumab,2014-12-01,NT,0,24,24,0
bevacizumab,2015-01-01,NT,0,18,18,0
bevacizumab,2015-02-01,NT,0,43,43,0
bevacizumab,2015-03-01,NT,0,6,6,0
bevacizumab,2015-04-01,NT,0,20,20,0
bevacizumab,2015-05-01,NT,0,12,12,0
bevacizumab,2015-06-01,NT,0,42,42,0
bevacizumab,2015-07-01,NT,0,14,14,0
bevacizumab,2015-08-01,NT,0,29,29,0
bevacizumab,2015-09-01,NT,0,37,37,0
bevacizumab,2015-10-01,NT,0,0,0,0
bevacizumab,2015-11-01,NT,0,26,26,0
bevacizumab,2015-12-01,NT,0,19,19,0
bevacizumab,2016-01-01,NT,0,17,17,0
bevacizumab,2016-02-01,NT,0,23,23,0
bevacizumab,2016-03-01,NT,0,49,49,0
bevacizumab,2016-04-01,NT,0,15,15,0
bevacizumab,2016-05-01,NT,0,13,13,0
bevacizumab,2016-06-01,NT,0,38,38,0
bevacizumab,2016-07-01,NT,0,10,10,0
bevacizumab,2016-08-01,NT,0,52,52,0
bevacizumab,2016-09-01,NT,0,7,7,0
bevacizumab,2016-10-01,NT,0,17,17,0
bevacizumab,2016-11-01,NT,0,39,39,0
bevacizumab,2016-12-01,NT,0,20,20,0
bevacizumab,2017-01-01,NT,0,28,28,0
bevacizumab,2017-02-01,NT,0,19,19,0
bevacizumab,2017-03-01,NT,0,25,25,0
bevacizumab,2017-04-01,NT,0,5,5,0
bevacizumab,2017-05-01,NT,0,15,15,0
bevacizumab,2017-06-01,NT,0,37,37,0
bevacizumab,2017-07-01,NT,0,20,20,0
bevacizumab,2017-08-01,NT,0,3,3,0
bevacizumab,2017-09-01,NT,0,23,23,0
bevacizumab,2017-10-01,NT,0,31,31,0
bevacizumab,2017-11-01,NT,0,29,29,0
bevacizumab,2017-12-01,NT,0,17,17,0
bevacizumab,2018-01-01,NT,0,46,46,0
bevacizumab,2018-02-01,NT,0,0,0,0
bevacizumab,2018-03-01,NT,0,39,39,0
bevacizumab,2018-04-01,NT,0,4,4,0
bevacizumab,2018-05-01,NT,0,24,24,0
bevacizumab,2018-06-01,NT,0,24,24,0
bevacizumab,2018-07-01,NT,0,32,32,0
bevacizumab,2018-08-01,NT,0,17,17,0
bevacizumab,2018-09-01,NT,0,6,6,0
bevacizumab,2018-10-01,NT,0,16,16,0
bevacizumab,2018-11-01,NT,0,17,17,0
bevacizumab,2018-12-01,NT,0,26,26,0
bevacizumab,2019-01-01,NT,0,8,8,0
bevacizumab,2019-02-01,NT,0,24,24,0
bevacizumab,2019-03-01,NT,0,8,8,0
bevacizumab,2019-04-01,NT,0,12,12,0
bevacizumab,2019-05-01,NT,0,14,14,0
bevacizumab,2019-06-01,NT,0,26,26,0
bevacizumab,2019-07-01,NT,0,7,7,0
bevacizumab,2019-08-01,NT,0,20,20,0
bevacizumab,2019-09-01,NT,0,13,13,0
bevacizumab,2019-10-01,NT,0,12,12,0
bevacizumab,2019-11-01,NT,0,16,16,0
bevacizumab,2019-12-01,NT,0,19,19,0
bevacizumab,2020-01-01,NT,0,80,80,0
bevacizumab,2020-02-01,NT,0,28,28,0
bevacizumab,2020-03-01,NT,0,34,34,0
bevacizumab,2020-04-01,NT,0,2,2,0
bevacizumab,2020-05-01,NT,0,24,24,0
bevacizumab,2020-06-01,NT,0,22,22,0
bevacizumab,2020-07-01,NT,0,26,26,0
bevacizumab,2020-08-01,NT,0,17,17,0
bevacizumab,2020-09-01,NT,0,13,13,0
bevacizumab,2020-10-01,NT,0,13,13,0
bevacizumab,2020-11-01,NT,0,5,5,0
bevacizumab,2020-12-01,NT,0,14,14,0
bevacizumab,2021-01-01,NT,0,17,17,0
bevacizumab,2021-02-01,NT,0,12,12,0
bevacizumab,2021-03-01,NT,0,5,5,0
bevacizumab,2021-04-01,NT,0,14,14,0
bevacizumab,2021-05-01,NT,0,11,11,0
bevacizumab,2021-06-01,NT,0,8,8,0
bevacizumab,2021-07-01,NT,17,0,17,1
bevacizumab,2021-08-01,NT,17,0,17,1
bevacizumab,2021-09-01,NT,12,0,12,1
bevacizumab,2021-10-01,NT,17,0,17,1
bevacizumab,2021-11-01,NT,28,0,28,1
bevacizumab,2021-12-01,NT,14,0,14,1
bevacizumab,2022-01-01,NT,29,0,29,1
bevacizumab,2022-02-01,NT,38,0,38,1
bevacizumab,2022-03-01,NT,30,0,30,1
bevacizumab,2022-04-01,NT,23,0,23,1
bevacizumab,2022-05-01,NT,2,5,7,0.2857142857142857
bevacizumab,2022-06-01,NT,33,3,36,0.9166666666666666
bevacizumab,2009-07-01,QLD,0,30,30,0
bevacizumab,2009-08-01,QLD,0,122,122,0
bevacizumab,2009-09-01,QLD,0,317,317,0
bevacizumab,2009-10-01,QLD,0,427,427,0
bevacizumab,2009-11-01,QLD,0,422,422,0
bevacizumab,2009-12-01,QLD,0,361,361,0
bevacizumab,2010-01-01,QLD,0,471,471,0
bevacizumab,2010-02-01,QLD,0,464,464,0
bevacizumab,2010-03-01,QLD,0,362,362,0
bevacizumab,2010-04-01,QLD,0,481,481,0
bevacizumab,2010-05-01,QLD,0,536,536,0
bevacizumab,2010-06-01,QLD,0,526,526,0
bevacizumab,2010-07-01,QLD,0,592,592,0
bevacizumab,2010-08-01,QLD,0,410,410,0
bevacizumab,2010-09-01,QLD,0,388,388,0
bevacizumab,2010-10-01,QLD,0,560,560,0
bevacizumab,2010-11-01,QLD,0,365,365,0
bevacizumab,2010-12-01,QLD,0,398,398,0
bevacizumab,2011-01-01,QLD,0,555,555,0
bevacizumab,2011-02-01,QLD,0,551,551,0
bevacizumab,2011-03-01,QLD,0,645,645,0
bevacizumab,2011-04-01,QLD,0,699,699,0
bevacizumab,2011-05-01,QLD,0,509,509,0
bevacizumab,2011-06-01,QLD,0,638,638,0
bevacizumab,2011-07-01,QLD,0,710,710,0
bevacizumab,2011-08-01,QLD,0,698,698,0
bevacizumab,2011-09-01,QLD,0,744,744,0
bevacizumab,2011-10-01,QLD,0,614,614,0
bevacizumab,2011-11-01,QLD,0,548,548,0
bevacizumab,2011-12-01,QLD,0,679,679,0
bevacizumab,2012-01-01,QLD,0,822,822,0
bevacizumab,2012-02-01,QLD,0,527,527,0
bevacizumab,2012-03-01,QLD,0,774,774,0
bevacizumab,2012-04-01,QLD,0,760,760,0
bevacizumab,2012-05-01,QLD,0,615,615,0
bevacizumab,2012-06-01,QLD,0,872,872,0
bevacizumab,2012-07-01,QLD,0,880,880,0
bevacizumab,2012-08-01,QLD,0,359,359,0
bevacizumab,2012-09-01,QLD,0,1132,1132,0
bevacizumab,2012-10-01,QLD,0,592,592,0
bevacizumab,2012-11-01,QLD,0,671,671,0
bevacizumab,2012-12-01,QLD,0,460,460,0
bevacizumab,2013-01-01,QLD,0,779,779,0
bevacizumab,2013-02-01,QLD,0,718,718,0
bevacizumab,2013-03-01,QLD,0,629,629,0
bevacizumab,2013-04-01,QLD,0,629,629,0
bevacizumab,2013-05-01,QLD,0,742,742,0
bevacizumab,2013-06-01,QLD,0,841,841,0
bevacizumab,2013-07-01,QLD,0,583,583,0
bevacizumab,2013-08-01,QLD,0,901,901,0
bevacizumab,2013-09-01,QLD,0,862,862,0
bevacizumab,2013-10-01,QLD,0,699,699,0
bevacizumab,2013-11-01,QLD,0,542,542,0
bevacizumab,2013-12-01,QLD,0,898,898,0
bevacizumab,2014-01-01,QLD,0,781,781,0
bevacizumab,2014-02-01,QLD,0,804,804,0
bevacizumab,2014-03-01,QLD,0,555,555,0
bevacizumab,2014-04-01,QLD,0,993,993,0
bevacizumab,2014-05-01,QLD,0,1102,1102,0
bevacizumab,2014-06-01,QLD,0,785,785,0
bevacizumab,2014-07-01,QLD,0,726,726,0
bevacizumab,2014-08-01,QLD,0,564,564,0
bevacizumab,2014-09-01,QLD,0,780,780,0
bevacizumab,2014-10-01,QLD,0,718,718,0
bevacizumab,2014-11-01,QLD,0,683,683,0
bevacizumab,2014-12-01,QLD,0,634,634,0
bevacizumab,2015-01-01,QLD,0,793,793,0
bevacizumab,2015-02-01,QLD,0,572,572,0
bevacizumab,2015-03-01,QLD,0,598,598,0
bevacizumab,2015-04-01,QLD,0,563,563,0
bevacizumab,2015-05-01,QLD,0,1211,1211,0
bevacizumab,2015-06-01,QLD,0,561,561,0
bevacizumab,2015-07-01,QLD,0,653,653,0
bevacizumab,2015-08-01,QLD,0,581,581,0
bevacizumab,2015-09-01,QLD,0,608,608,0
bevacizumab,2015-10-01,QLD,0,819,819,0
bevacizumab,2015-11-01,QLD,0,455,455,0
bevacizumab,2015-12-01,QLD,0,613,613,0
bevacizumab,2016-01-01,QLD,0,714,714,0
bevacizumab,2016-02-01,QLD,0,575,575,0
bevacizumab,2016-03-01,QLD,0,706,706,0
bevacizumab,2016-04-01,QLD,0,745,745,0
bevacizumab,2016-05-01,QLD,0,527,527,0
bevacizumab,2016-06-01,QLD,0,563,563,0
bevacizumab,2016-07-01,QLD,0,831,831,0
bevacizumab,2016-08-01,QLD,0,485,485,0
bevacizumab,2016-09-01,QLD,0,592,592,0
bevacizumab,2016-10-01,QLD,0,576,576,0
bevacizumab,2016-11-01,QLD,0,623,623,0
bevacizumab,2016-12-01,QLD,0,774,774,0
bevacizumab,2017-01-01,QLD,0,401,401,0
bevacizumab,2017-02-01,QLD,0,723,723,0
bevacizumab,2017-03-01,QLD,0,693,693,0
bevacizumab,2017-04-01,QLD,0,645,645,0
bevacizumab,2017-05-01,QLD,0,474,474,0
bevacizumab,2017-06-01,QLD,0,804,804,0
bevacizumab,2017-07-01,QLD,0,513,513,0
bevacizumab,2017-08-01,QLD,0,598,598,0
bevacizumab,2017-09-01,QLD,0,757,757,0
bevacizumab,2017-10-01,QLD,0,466,466,0
bevacizumab,2017-11-01,QLD,0,633,633,0
bevacizumab,2017-12-01,QLD,0,719,719,0
bevacizumab,2018-01-01,QLD,0,514,514,0
bevacizumab,2018-02-01,QLD,0,690,690,0
bevacizumab,2018-03-01,QLD,0,628,628,0
bevacizumab,2018-04-01,QLD,0,443,443,0
bevacizumab,2018-05-01,QLD,0,761,761,0
bevacizumab,2018-06-01,QLD,0,660,660,0
bevacizumab,2018-07-01,QLD,0,423,423,0
bevacizumab,2018-08-01,QLD,0,554,554,0
bevacizumab,2018-09-01,QLD,0,689,689,0
bevacizumab,2018-10-01,QLD,0,549,549,0
bevacizumab,2018-11-01,QLD,0,563,563,0
bevacizumab,2018-12-01,QLD,0,534,534,0
bevacizumab,2019-01-01,QLD,0,479,479,0
bevacizumab,2019-02-01,QLD,0,484,484,0
bevacizumab,2019-03-01,QLD,0,570,570,0
bevacizumab,2019-04-01,QLD,0,400,400,0
bevacizumab,2019-05-01,QLD,0,766,766,0
bevacizumab,2019-06-01,QLD,0,559,559,0
bevacizumab,2019-07-01,QLD,0,395,395,0
bevacizumab,2019-08-01,QLD,0,618,618,0
bevacizumab,2019-09-01,QLD,0,573,573,0
bevacizumab,2019-10-01,QLD,0,514,514,0
bevacizumab,2019-11-01,QLD,0,783,783,0
bevacizumab,2019-12-01,QLD,0,707,707,0
bevacizumab,2020-01-01,QLD,0,647,647,0
bevacizumab,2020-02-01,QLD,0,696,696,0
bevacizumab,2020-03-01,QLD,0,571,571,0
bevacizumab,2020-04-01,QLD,0,725,725,0
bevacizumab,2020-05-01,QLD,0,740,740,0
bevacizumab,2020-06-01,QLD,0,586,586,0
bevacizumab,2020-07-01,QLD,0,745,745,0
bevacizumab,2020-08-01,QLD,0,715,715,0
bevacizumab,2020-09-01,QLD,0,684,684,0
bevacizumab,2020-10-01,QLD,0,711,711,0
bevacizumab,2020-11-01,QLD,0,621,621,0
bevacizumab,2020-12-01,QLD,0,978,978,0
bevacizumab,2021-01-01,QLD,0,770,770,0
bevacizumab,2021-02-01,QLD,0,683,683,0
bevacizumab,2021-03-01,QLD,0,673,673,0
bevacizumab,2021-04-01,QLD,0,627,627,0
bevacizumab,2021-05-01,QLD,0,759,759,0
bevacizumab,2021-06-01,QLD,211,449,660,0.3196969696969697
bevacizumab,2021-07-01,QLD,831,121,952,0.8728991596638656
bevacizumab,2021-08-01,QLD,643,17,660,0.9742424242424242
bevacizumab,2021-09-01,QLD,860,14,874,0.9839816933638444
bevacizumab,2021-10-01,QLD,847,13,860,0.9848837209302326
bevacizumab,2021-11-01,QLD,810,14,824,0.9830097087378641
bevacizumab,2021-12-01,QLD,1037,2,1039,0.9980750721847931
bevacizumab,2022-01-01,QLD,790,0,790,1
bevacizumab,2022-02-01,QLD,912,0,912,1
bevacizumab,2022-03-01,QLD,980,36,1016,0.9645669291338582
bevacizumab,2022-04-01,QLD,1082,59,1141,0.9482909728308502
bevacizumab,2022-05-01,QLD,904,11,915,0.9879781420765027
bevacizumab,2022-06-01,QLD,1141,19,1160,0.9836206896551725
bevacizumab,2009-07-01,SA,0,3,3,0
bevacizumab,2009-08-01,SA,0,20,20,0
bevacizumab,2009-09-01,SA,0,33,33,0
bevacizumab,2009-10-01,SA,0,80,80,0
bevacizumab,2009-11-01,SA,0,76,76,0
bevacizumab,2009-12-01,SA,0,72,72,0
bevacizumab,2010-01-01,SA,0,149,149,0
bevacizumab,2010-02-01,SA,0,103,103,0
bevacizumab,2010-03-01,SA,0,107,107,0
bevacizumab,2010-04-01,SA,0,103,103,0
bevacizumab,2010-05-01,SA,0,113,113,0
bevacizumab,2010-06-01,SA,0,135,135,0
bevacizumab,2010-07-01,SA,0,117,117,0
bevacizumab,2010-08-01,SA,0,153,153,0
bevacizumab,2010-09-01,SA,0,165,165,0
bevacizumab,2010-10-01,SA,0,165,165,0
bevacizumab,2010-11-01,SA,0,211,211,0
bevacizumab,2010-12-01,SA,0,159,159,0
bevacizumab,2011-01-01,SA,0,163,163,0
bevacizumab,2011-02-01,SA,0,193,193,0
bevacizumab,2011-03-01,SA,0,175,175,0
bevacizumab,2011-04-01,SA,0,154,154,0
bevacizumab,2011-05-01,SA,0,223,223,0
bevacizumab,2011-06-01,SA,0,158,158,0
bevacizumab,2011-07-01,SA,0,155,155,0
bevacizumab,2011-08-01,SA,0,259,259,0
bevacizumab,2011-09-01,SA,0,155,155,0
bevacizumab,2011-10-01,SA,0,201,201,0
bevacizumab,2011-11-01,SA,0,211,211,0
bevacizumab,2011-12-01,SA,0,145,145,0
bevacizumab,2012-01-01,SA,0,153,153,0
bevacizumab,2012-02-01,SA,0,174,174,0
bevacizumab,2012-03-01,SA,0,185,185,0
bevacizumab,2012-04-01,SA,0,127,127,0
bevacizumab,2012-05-01,SA,0,165,165,0
bevacizumab,2012-06-01,SA,0,198,198,0
bevacizumab,2012-07-01,SA,0,156,156,0
bevacizumab,2012-08-01,SA,0,170,170,0
bevacizumab,2012-09-01,SA,0,151,151,0
bevacizumab,2012-10-01,SA,0,118,118,0
bevacizumab,2012-11-01,SA,0,229,229,0
bevacizumab,2012-12-01,SA,0,86,86,0
bevacizumab,2013-01-01,SA,0,158,158,0
bevacizumab,2013-02-01,SA,0,185,185,0
bevacizumab,2013-03-01,SA,0,139,139,0
bevacizumab,2013-04-01,SA,0,134,134,0
bevacizumab,2013-05-01,SA,0,173,173,0
bevacizumab,2013-06-01,SA,0,107,107,0
bevacizumab,2013-07-01,SA,0,145,145,0
bevacizumab,2013-08-01,SA,0,136,136,0
bevacizumab,2013-09-01,SA,0,192,192,0
bevacizumab,2013-10-01,SA,0,173,173,0
bevacizumab,2013-11-01,SA,0,113,113,0
bevacizumab,2013-12-01,SA,0,198,198,0
bevacizumab,2014-01-01,SA,0,180,180,0
bevacizumab,2014-02-01,SA,0,125,125,0
bevacizumab,2014-03-01,SA,0,194,194,0
bevacizumab,2014-04-01,SA,0,163,163,0
bevacizumab,2014-05-01,SA,0,198,198,0
bevacizumab,2014-06-01,SA,0,200,200,0
bevacizumab,2014-07-01,SA,0,164,164,0
bevacizumab,2014-08-01,SA,0,156,156,0
bevacizumab,2014-09-01,SA,0,168,168,0
bevacizumab,2014-10-01,SA,0,125,125,0
bevacizumab,2014-11-01,SA,0,165,165,0
bevacizumab,2014-12-01,SA,0,168,168,0
bevacizumab,2015-01-01,SA,0,342,342,0
bevacizumab,2015-02-01,SA,0,265,265,0
bevacizumab,2015-03-01,SA,0,227,227,0
bevacizumab,2015-04-01,SA,0,216,216,0
bevacizumab,2015-05-01,SA,0,369,369,0
bevacizumab,2015-06-01,SA,0,186,186,0
bevacizumab,2015-07-01,SA,0,280,280,0
bevacizumab,2015-08-01,SA,0,299,299,0
bevacizumab,2015-09-01,SA,0,196,196,0
bevacizumab,2015-10-01,SA,0,286,286,0
bevacizumab,2015-11-01,SA,0,204,204,0
bevacizumab,2015-12-01,SA,0,246,246,0
bevacizumab,2016-01-01,SA,0,251,251,0
bevacizumab,2016-02-01,SA,0,203,203,0
bevacizumab,2016-03-01,SA,0,434,434,0
bevacizumab,2016-04-01,SA,0,184,184,0
bevacizumab,2016-05-01,SA,0,504,504,0
bevacizumab,2016-06-01,SA,0,190,190,0
bevacizumab,2016-07-01,SA,0,440,440,0
bevacizumab,2016-08-01,SA,0,217,217,0
bevacizumab,2016-09-01,SA,0,382,382,0
bevacizumab,2016-10-01,SA,0,242,242,0
bevacizumab,2016-11-01,SA,0,239,239,0
bevacizumab,2016-12-01,SA,0,288,288,0
bevacizumab,2017-01-01,SA,0,262,262,0
bevacizumab,2017-02-01,SA,0,285,285,0
bevacizumab,2017-03-01,SA,0,455,455,0
bevacizumab,2017-04-01,SA,0,294,294,0
bevacizumab,2017-05-01,SA,0,258,258,0
bevacizumab,2017-06-01,SA,0,295,295,0
bevacizumab,2017-07-01,SA,0,339,339,0
bevacizumab,2017-08-01,SA,0,305,305,0
bevacizumab,2017-09-01,SA,0,290,290,0
bevacizumab,2017-10-01,SA,0,215,215,0
bevacizumab,2017-11-01,SA,0,401,401,0
bevacizumab,2017-12-01,SA,0,264,264,0
bevacizumab,2018-01-01,SA,0,185,185,0
bevacizumab,2018-02-01,SA,0,328,328,0
bevacizumab,2018-03-01,SA,0,385,385,0
bevacizumab,2018-04-01,SA,0,293,293,0
bevacizumab,2018-05-01,SA,0,305,305,0
bevacizumab,2018-06-01,SA,0,280,280,0
bevacizumab,2018-07-01,SA,0,205,205,0
bevacizumab,2018-08-01,SA,0,352,352,0
bevacizumab,2018-09-01,SA,0,295,295,0
bevacizumab,2018-10-01,SA,0,279,279,0
bevacizumab,2018-11-01,SA,0,257,257,0
bevacizumab,2018-12-01,SA,0,297,297,0
bevacizumab,2019-01-01,SA,0,296,296,0
bevacizumab,2019-02-01,SA,0,206,206,0
bevacizumab,2019-03-01,SA,0,207,207,0
bevacizumab,2019-04-01,SA,0,240,240,0
bevacizumab,2019-05-01,SA,0,270,270,0
bevacizumab,2019-06-01,SA,0,469,469,0
bevacizumab,2019-07-01,SA,0,285,285,0
bevacizumab,2019-08-01,SA,0,300,300,0
bevacizumab,2019-09-01,SA,0,164,164,0
bevacizumab,2019-10-01,SA,0,301,301,0
bevacizumab,2019-11-01,SA,0,309,309,0
bevacizumab,2019-12-01,SA,0,296,296,0
bevacizumab,2020-01-01,SA,0,362,362,0
bevacizumab,2020-02-01,SA,0,331,331,0
bevacizumab,2020-03-01,SA,0,232,232,0
bevacizumab,2020-04-01,SA,0,379,379,0
bevacizumab,2020-05-01,SA,0,303,303,0
bevacizumab,2020-06-01,SA,0,305,305,0
bevacizumab,2020-07-01,SA,0,463,463,0
bevacizumab,2020-08-01,SA,0,342,342,0
bevacizumab,2020-09-01,SA,0,280,280,0
bevacizumab,2020-10-01,SA,0,239,239,0
bevacizumab,2020-11-01,SA,0,438,438,0
bevacizumab,2020-12-01,SA,0,327,327,0
bevacizumab,2021-01-01,SA,0,251,251,0
bevacizumab,2021-02-01,SA,0,331,331,0
bevacizumab,2021-03-01,SA,0,277,277,0
bevacizumab,2021-04-01,SA,0,348,348,0
bevacizumab,2021-05-01,SA,0,393,393,0
bevacizumab,2021-06-01,SA,11,175,186,0.05913978494623656
bevacizumab,2021-07-01,SA,283,124,407,0.6953316953316954
bevacizumab,2021-08-01,SA,317,8,325,0.9753846153846154
bevacizumab,2021-09-01,SA,406,0,406,1
bevacizumab,2021-10-01,SA,358,0,358,1
bevacizumab,2021-11-01,SA,399,0,399,1
bevacizumab,2021-12-01,SA,497,0,497,1
bevacizumab,2022-01-01,SA,342,0,342,1
bevacizumab,2022-02-01,SA,351,0,351,1
bevacizumab,2022-03-01,SA,458,0,458,1
bevacizumab,2022-04-01,SA,409,5,414,0.9879227053140096
bevacizumab,2022-05-01,SA,379,0,379,1
bevacizumab,2022-06-01,SA,519,0,519,1
bevacizumab,2009-07-01,TAS,0,0,0,0
bevacizumab,2009-08-01,TAS,0,8,8,0
bevacizumab,2009-09-01,TAS,0,25,25,0
bevacizumab,2009-10-01,TAS,0,31,31,0
bevacizumab,2009-11-01,TAS,0,39,39,0
bevacizumab,2009-12-01,TAS,0,23,23,0
bevacizumab,2010-01-01,TAS,0,48,48,0
bevacizumab,2010-02-01,TAS,0,41,41,0
bevacizumab,2010-03-01,TAS,0,56,56,0
bevacizumab,2010-04-01,TAS,0,30,30,0
bevacizumab,2010-05-01,TAS,0,20,20,0
bevacizumab,2010-06-01,TAS,0,34,34,0
bevacizumab,2010-07-01,TAS,0,40,40,0
bevacizumab,2010-08-01,TAS,0,55,55,0
bevacizumab,2010-09-01,TAS,0,49,49,0
bevacizumab,2010-10-01,TAS,0,58,58,0
bevacizumab,2010-11-01,TAS,0,75,75,0
bevacizumab,2010-12-01,TAS,0,50,50,0
bevacizumab,2011-01-01,TAS,0,22,22,0
bevacizumab,2011-02-01,TAS,0,67,67,0
bevacizumab,2011-03-01,TAS,0,100,100,0
bevacizumab,2011-04-01,TAS,0,45,45,0
bevacizumab,2011-05-01,TAS,0,90,90,0
bevacizumab,2011-06-01,TAS,0,36,36,0
bevacizumab,2011-07-01,TAS,0,68,68,0
bevacizumab,2011-08-01,TAS,0,80,80,0
bevacizumab,2011-09-01,TAS,0,36,36,0
bevacizumab,2011-10-01,TAS,0,52,52,0
bevacizumab,2011-11-01,TAS,0,96,96,0
bevacizumab,2011-12-01,TAS,0,37,37,0
bevacizumab,2012-01-01,TAS,0,47,47,0
bevacizumab,2012-02-01,TAS,0,31,31,0
bevacizumab,2012-03-01,TAS,0,77,77,0
bevacizumab,2012-04-01,TAS,0,53,53,0
bevacizumab,2012-05-01,TAS,0,91,91,0
bevacizumab,2012-06-01,TAS,0,43,43,0
bevacizumab,2012-07-01,TAS,0,44,44,0
bevacizumab,2012-08-01,TAS,0,40,40,0
bevacizumab,2012-09-01,TAS,0,58,58,0
bevacizumab,2012-10-01,TAS,0,47,47,0
bevacizumab,2012-11-01,TAS,0,63,63,0
bevacizumab,2012-12-01,TAS,0,49,49,0
bevacizumab,2013-01-01,TAS,0,83,83,0
bevacizumab,2013-02-01,TAS,0,49,49,0
bevacizumab,2013-03-01,TAS,0,62,62,0
bevacizumab,2013-04-01,TAS,0,40,40,0
bevacizumab,2013-05-01,TAS,0,77,77,0
bevacizumab,2013-06-01,TAS,0,113,113,0
bevacizumab,2013-07-01,TAS,0,50,50,0
bevacizumab,2013-08-01,TAS,0,54,54,0
bevacizumab,2013-09-01,TAS,0,78,78,0
bevacizumab,2013-10-01,TAS,0,84,84,0
bevacizumab,2013-11-01,TAS,0,66,66,0
bevacizumab,2013-12-01,TAS,0,81,81,0
bevacizumab,2014-01-01,TAS,0,67,67,0
bevacizumab,2014-02-01,TAS,0,57,57,0
bevacizumab,2014-03-01,TAS,0,44,44,0
bevacizumab,2014-04-01,TAS,0,65,65,0
bevacizumab,2014-05-01,TAS,0,75,75,0
bevacizumab,2014-06-01,TAS,0,114,114,0
bevacizumab,2014-07-01,TAS,0,20,20,0
bevacizumab,2014-08-01,TAS,0,91,91,0
bevacizumab,2014-09-01,TAS,0,67,67,0
bevacizumab,2014-10-01,TAS,0,57,57,0
bevacizumab,2014-11-01,TAS,0,51,51,0
bevacizumab,2014-12-01,TAS,0,37,37,0
bevacizumab,2015-01-01,TAS,0,93,93,0
bevacizumab,2015-02-01,TAS,0,62,62,0
bevacizumab,2015-03-01,TAS,0,51,51,0
bevacizumab,2015-04-01,TAS,0,43,43,0
bevacizumab,2015-05-01,TAS,0,102,102,0
bevacizumab,2015-06-01,TAS,0,63,63,0
bevacizumab,2015-07-01,TAS,0,94,94,0
bevacizumab,2015-08-01,TAS,0,56,56,0
bevacizumab,2015-09-01,TAS,0,54,54,0
bevacizumab,2015-10-01,TAS,0,44,44,0
bevacizumab,2015-11-01,TAS,0,77,77,0
bevacizumab,2015-12-01,TAS,0,70,70,0
bevacizumab,2016-01-01,TAS,0,34,34,0
bevacizumab,2016-02-01,TAS,0,73,73,0
bevacizumab,2016-03-01,TAS,0,73,73,0
bevacizumab,2016-04-01,TAS,0,44,44,0
bevacizumab,2016-05-01,TAS,0,75,75,0
bevacizumab,2016-06-01,TAS,0,49,49,0
bevacizumab,2016-07-01,TAS,0,28,28,0
bevacizumab,2016-08-01,TAS,0,43,43,0
bevacizumab,2016-09-01,TAS,0,43,43,0
bevacizumab,2016-10-01,TAS,0,50,50,0
bevacizumab,2016-11-01,TAS,0,71,71,0
bevacizumab,2016-12-01,TAS,0,59,59,0
bevacizumab,2017-01-01,TAS,0,49,49,0
bevacizumab,2017-02-01,TAS,0,35,35,0
bevacizumab,2017-03-01,TAS,0,125,125,0
bevacizumab,2017-04-01,TAS,0,91,91,0
bevacizumab,2017-05-01,TAS,0,81,81,0
bevacizumab,2017-06-01,TAS,0,91,91,0
bevacizumab,2017-07-01,TAS,0,76,76,0
bevacizumab,2017-08-01,TAS,0,57,57,0
bevacizumab,2017-09-01,TAS,0,40,40,0
bevacizumab,2017-10-01,TAS,0,80,80,0
bevacizumab,2017-11-01,TAS,0,31,31,0
bevacizumab,2017-12-01,TAS,0,79,79,0
bevacizumab,2018-01-01,TAS,0,34,34,0
bevacizumab,2018-02-01,TAS,0,87,87,0
bevacizumab,2018-03-01,TAS,0,73,73,0
bevacizumab,2018-04-01,TAS,0,29,29,0
bevacizumab,2018-05-01,TAS,0,131,131,0
bevacizumab,2018-06-01,TAS,0,28,28,0
bevacizumab,2018-07-01,TAS,0,54,54,0
bevacizumab,2018-08-01,TAS,0,121,121,0
bevacizumab,2018-09-01,TAS,0,50,50,0
bevacizumab,2018-10-01,TAS,0,61,61,0
bevacizumab,2018-11-01,TAS,0,51,51,0
bevacizumab,2018-12-01,TAS,0,57,57,0
bevacizumab,2019-01-01,TAS,0,85,85,0
bevacizumab,2019-02-01,TAS,0,39,39,0
bevacizumab,2019-03-01,TAS,0,58,58,0
bevacizumab,2019-04-01,TAS,0,60,60,0
bevacizumab,2019-05-01,TAS,0,64,64,0
bevacizumab,2019-06-01,TAS,0,59,59,0
bevacizumab,2019-07-01,TAS,0,16,16,0
bevacizumab,2019-08-01,TAS,0,57,57,0
bevacizumab,2019-09-01,TAS,0,83,83,0
bevacizumab,2019-10-01,TAS,0,61,61,0
bevacizumab,2019-11-01,TAS,0,57,57,0
bevacizumab,2019-12-01,TAS,0,39,39,0
bevacizumab,2020-01-01,TAS,0,111,111,0
bevacizumab,2020-02-01,TAS,0,33,33,0
bevacizumab,2020-03-01,TAS,0,52,52,0
bevacizumab,2020-04-01,TAS,0,81,81,0
bevacizumab,2020-05-01,TAS,0,40,40,0
bevacizumab,2020-06-01,TAS,0,72,72,0
bevacizumab,2020-07-01,TAS,0,82,82,0
bevacizumab,2020-08-01,TAS,0,67,67,0
bevacizumab,2020-09-01,TAS,0,72,72,0
bevacizumab,2020-10-01,TAS,0,86,86,0
bevacizumab,2020-11-01,TAS,0,86,86,0
bevacizumab,2020-12-01,TAS,0,96,96,0
bevacizumab,2021-01-01,TAS,0,91,91,0
bevacizumab,2021-02-01,TAS,0,79,79,0
bevacizumab,2021-03-01,TAS,0,98,98,0
bevacizumab,2021-04-01,TAS,0,122,122,0
bevacizumab,2021-05-01,TAS,0,82,82,0
bevacizumab,2021-06-01,TAS,17,76,93,0.1827956989247312
bevacizumab,2021-07-01,TAS,80,1,81,0.9876543209876543
bevacizumab,2021-08-01,TAS,114,0,114,1
bevacizumab,2021-09-01,TAS,113,0,113,1
bevacizumab,2021-10-01,TAS,83,0,83,1
bevacizumab,2021-11-01,TAS,139,0,139,1
bevacizumab,2021-12-01,TAS,110,0,110,1
bevacizumab,2022-01-01,TAS,102,0,102,1
bevacizumab,2022-02-01,TAS,137,0,137,1
bevacizumab,2022-03-01,TAS,83,0,83,1
bevacizumab,2022-04-01,TAS,96,0,96,1
bevacizumab,2022-05-01,TAS,113,0,113,1
bevacizumab,2022-06-01,TAS,124,0,124,1
bevacizumab,2009-07-01,VIC,0,10,10,0
bevacizumab,2009-08-01,VIC,0,146,146,0
bevacizumab,2009-09-01,VIC,0,256,256,0
bevacizumab,2009-10-01,VIC,0,308,308,0
bevacizumab,2009-11-01,VIC,0,403,403,0
bevacizumab,2009-12-01,VIC,0,407,407,0
bevacizumab,2010-01-01,VIC,0,534,534,0
bevacizumab,2010-02-01,VIC,0,414,414,0
bevacizumab,2010-03-01,VIC,0,656,656,0
bevacizumab,2010-04-01,VIC,0,683,683,0
bevacizumab,2010-05-01,VIC,0,628,628,0
bevacizumab,2010-06-01,VIC,0,683,683,0
bevacizumab,2010-07-01,VIC,0,773,773,0
bevacizumab,2010-08-01,VIC,0,811,811,0
bevacizumab,2010-09-01,VIC,0,715,715,0
bevacizumab,2010-10-01,VIC,0,860,860,0
bevacizumab,2010-11-01,VIC,0,880,880,0
bevacizumab,2010-12-01,VIC,0,686,686,0
bevacizumab,2011-01-01,VIC,0,876,876,0
bevacizumab,2011-02-01,VIC,0,668,668,0
bevacizumab,2011-03-01,VIC,0,996,996,0
bevacizumab,2011-04-01,VIC,0,963,963,0
bevacizumab,2011-05-01,VIC,0,885,885,0
bevacizumab,2011-06-01,VIC,0,1074,1074,0
bevacizumab,2011-07-01,VIC,0,1039,1039,0
bevacizumab,2011-08-01,VIC,0,895,895,0
bevacizumab,2011-09-01,VIC,0,826,826,0
bevacizumab,2011-10-01,VIC,0,776,776,0
bevacizumab,2011-11-01,VIC,0,689,689,0
bevacizumab,2011-12-01,VIC,0,709,709,0
bevacizumab,2012-01-01,VIC,0,861,861,0
bevacizumab,2012-02-01,VIC,0,576,576,0
bevacizumab,2012-03-01,VIC,0,869,869,0
bevacizumab,2012-04-01,VIC,0,777,777,0
bevacizumab,2012-05-01,VIC,0,863,863,0
bevacizumab,2012-06-01,VIC,0,722,722,0
bevacizumab,2012-07-01,VIC,0,534,534,0
bevacizumab,2012-08-01,VIC,0,627,627,0
bevacizumab,2012-09-01,VIC,0,684,684,0
bevacizumab,2012-10-01,VIC,0,623,623,0
bevacizumab,2012-11-01,VIC,0,902,902,0
bevacizumab,2012-12-01,VIC,0,306,306,0
bevacizumab,2013-01-01,VIC,0,1068,1068,0
bevacizumab,2013-02-01,VIC,0,707,707,0
bevacizumab,2013-03-01,VIC,0,825,825,0
bevacizumab,2013-04-01,VIC,0,529,529,0
bevacizumab,2013-05-01,VIC,0,1095,1095,0
bevacizumab,2013-06-01,VIC,0,613,613,0
bevacizumab,2013-07-01,VIC,0,726,726,0
bevacizumab,2013-08-01,VIC,0,797,797,0
bevacizumab,2013-09-01,VIC,0,682,682,0
bevacizumab,2013-10-01,VIC,0,551,551,0
bevacizumab,2013-11-01,VIC,0,709,709,0
bevacizumab,2013-12-01,VIC,0,554,554,0
bevacizumab,2014-01-01,VIC,0,730,730,0
bevacizumab,2014-02-01,VIC,0,607,607,0
bevacizumab,2014-03-01,VIC,0,833,833,0
bevacizumab,2014-04-01,VIC,0,544,544,0
bevacizumab,2014-05-01,VIC,0,1115,1115,0
bevacizumab,2014-06-01,VIC,0,713,713,0
bevacizumab,2014-07-01,VIC,0,535,535,0
bevacizumab,2014-08-01,VIC,0,842,842,0
bevacizumab,2014-09-01,VIC,0,592,592,0
bevacizumab,2014-10-01,VIC,0,785,785,0
bevacizumab,2014-11-01,VIC,0,706,706,0
bevacizumab,2014-12-01,VIC,0,831,831,0
bevacizumab,2015-01-01,VIC,0,365,365,0
bevacizumab,2015-02-01,VIC,0,1095,1095,0
bevacizumab,2015-03-01,VIC,0,1086,1086,0
bevacizumab,2015-04-01,VIC,0,553,553,0
bevacizumab,2015-05-01,VIC,0,1287,1287,0
bevacizumab,2015-06-01,VIC,0,1128,1128,0
bevacizumab,2015-07-01,VIC,0,1172,1172,0
bevacizumab,2015-08-01,VIC,0,875,875,0
bevacizumab,2015-09-01,VIC,0,819,819,0
bevacizumab,2015-10-01,VIC,0,820,820,0
bevacizumab,2015-11-01,VIC,0,881,881,0
bevacizumab,2015-12-01,VIC,0,916,916,0
bevacizumab,2016-01-01,VIC,0,818,818,0
bevacizumab,2016-02-01,VIC,0,895,895,0
bevacizumab,2016-03-01,VIC,0,1116,1116,0
bevacizumab,2016-04-01,VIC,0,884,884,0
bevacizumab,2016-05-01,VIC,0,843,843,0
bevacizumab,2016-06-01,VIC,0,777,777,0
bevacizumab,2016-07-01,VIC,0,868,868,0
bevacizumab,2016-08-01,VIC,0,919,919,0
bevacizumab,2016-09-01,VIC,0,761,761,0
bevacizumab,2016-10-01,VIC,0,879,879,0
bevacizumab,2016-11-01,VIC,0,768,768,0
bevacizumab,2016-12-01,VIC,0,1088,1088,0
bevacizumab,2017-01-01,VIC,0,809,809,0
bevacizumab,2017-02-01,VIC,0,734,734,0
bevacizumab,2017-03-01,VIC,0,1005,1005,0
bevacizumab,2017-04-01,VIC,0,651,651,0
bevacizumab,2017-05-01,VIC,0,829,829,0
bevacizumab,2017-06-01,VIC,0,944,944,0
bevacizumab,2017-07-01,VIC,0,666,666,0
bevacizumab,2017-08-01,VIC,0,1084,1084,0
bevacizumab,2017-09-01,VIC,0,722,722,0
bevacizumab,2017-10-01,VIC,0,834,834,0
bevacizumab,2017-11-01,VIC,0,855,855,0
bevacizumab,2017-12-01,VIC,0,748,748,0
bevacizumab,2018-01-01,VIC,0,662,662,0
bevacizumab,2018-02-01,VIC,0,950,950,0
bevacizumab,2018-03-01,VIC,0,710,710,0
bevacizumab,2018-04-01,VIC,0,762,762,0
bevacizumab,2018-05-01,VIC,0,1148,1148,0
bevacizumab,2018-06-01,VIC,0,769,769,0
bevacizumab,2018-07-01,VIC,0,613,613,0
bevacizumab,2018-08-01,VIC,0,843,843,0
bevacizumab,2018-09-01,VIC,0,694,694,0
bevacizumab,2018-10-01,VIC,0,774,774,0
bevacizumab,2018-11-01,VIC,0,835,835,0
bevacizumab,2018-12-01,VIC,0,836,836,0
bevacizumab,2019-01-01,VIC,0,766,766,0
bevacizumab,2019-02-01,VIC,0,768,768,0
bevacizumab,2019-03-01,VIC,0,903,903,0
bevacizumab,2019-04-01,VIC,0,702,702,0
bevacizumab,2019-05-01,VIC,0,839,839,0
bevacizumab,2019-06-01,VIC,0,801,801,0
bevacizumab,2019-07-01,VIC,0,897,897,0
bevacizumab,2019-08-01,VIC,0,796,796,0
bevacizumab,2019-09-01,VIC,0,714,714,0
bevacizumab,2019-10-01,VIC,0,720,720,0
bevacizumab,2019-11-01,VIC,0,852,852,0
bevacizumab,2019-12-01,VIC,0,847,847,0
bevacizumab,2020-01-01,VIC,0,976,976,0
bevacizumab,2020-02-01,VIC,0,769,769,0
bevacizumab,2020-03-01,VIC,0,854,854,0
bevacizumab,2020-04-01,VIC,0,817,817,0
bevacizumab,2020-05-01,VIC,0,1062,1062,0
bevacizumab,2020-06-01,VIC,0,881,881,0
bevacizumab,2020-07-01,VIC,0,855,855,0
bevacizumab,2020-08-01,VIC,0,1306,1306,0
bevacizumab,2020-09-01,VIC,0,846,846,0
bevacizumab,2020-10-01,VIC,0,886,886,0
bevacizumab,2020-11-01,VIC,0,678,678,0
bevacizumab,2020-12-01,VIC,0,956,956,0
bevacizumab,2021-01-01,VIC,0,752,752,0
bevacizumab,2021-02-01,VIC,0,1177,1177,0
bevacizumab,2021-03-01,VIC,0,1351,1351,0
bevacizumab,2021-04-01,VIC,0,1184,1184,0
bevacizumab,2021-05-01,VIC,0,1161,1161,0
bevacizumab,2021-06-01,VIC,333,556,889,0.374578177727784
bevacizumab,2021-07-01,VIC,769,192,961,0.8002081165452654
bevacizumab,2021-08-01,VIC,925,14,939,0.9850905218317358
bevacizumab,2021-09-01,VIC,1228,44,1272,0.9654088050314465
bevacizumab,2021-10-01,VIC,911,14,925,0.9848648648648649
bevacizumab,2021-11-01,VIC,1509,0,1509,1
bevacizumab,2021-12-01,VIC,1264,73,1337,0.9454001495886313
bevacizumab,2022-01-01,VIC,943,0,943,1
bevacizumab,2022-02-01,VIC,790,2,792,0.9974747474747475
bevacizumab,2022-03-01,VIC,1127,0,1127,1
bevacizumab,2022-04-01,VIC,786,0,786,1
bevacizumab,2022-05-01,VIC,1117,101,1218,0.9170771756978654
bevacizumab,2022-06-01,VIC,940,23,963,0.9761163032191069
bevacizumab,2009-07-01,WA,0,15,15,0
bevacizumab,2009-08-01,WA,0,77,77,0
bevacizumab,2009-09-01,WA,0,87,87,0
bevacizumab,2009-10-01,WA,0,158,158,0
bevacizumab,2009-11-01,WA,0,107,107,0
bevacizumab,2009-12-01,WA,0,136,136,0
bevacizumab,2010-01-01,WA,0,210,210,0
bevacizumab,2010-02-01,WA,0,218,218,0
bevacizumab,2010-03-01,WA,0,142,142,0
bevacizumab,2010-04-01,WA,0,245,245,0
bevacizumab,2010-05-01,WA,0,193,193,0
bevacizumab,2010-06-01,WA,0,216,216,0
bevacizumab,2010-07-01,WA,0,297,297,0
bevacizumab,2010-08-01,WA,0,205,205,0
bevacizumab,2010-09-01,WA,0,310,310,0
bevacizumab,2010-10-01,WA,0,352,352,0
bevacizumab,2010-11-01,WA,0,224,224,0
bevacizumab,2010-12-01,WA,0,349,349,0
bevacizumab,2011-01-01,WA,0,366,366,0
bevacizumab,2011-02-01,WA,0,265,265,0
bevacizumab,2011-03-01,WA,0,498,498,0
bevacizumab,2011-04-01,WA,0,250,250,0
bevacizumab,2011-05-01,WA,0,306,306,0
bevacizumab,2011-06-01,WA,0,348,348,0
bevacizumab,2011-07-01,WA,0,359,359,0
bevacizumab,2011-08-01,WA,0,463,463,0
bevacizumab,2011-09-01,WA,0,179,179,0
bevacizumab,2011-10-01,WA,0,319,319,0
bevacizumab,2011-11-01,WA,0,331,331,0
bevacizumab,2011-12-01,WA,0,155,155,0
bevacizumab,2012-01-01,WA,0,269,269,0
bevacizumab,2012-02-01,WA,0,170,170,0
bevacizumab,2012-03-01,WA,0,311,311,0
bevacizumab,2012-04-01,WA,0,288,288,0
bevacizumab,2012-05-01,WA,0,607,607,0
bevacizumab,2012-06-01,WA,0,289,289,0
bevacizumab,2012-07-01,WA,0,174,174,0
bevacizumab,2012-08-01,WA,0,257,257,0
bevacizumab,2012-09-01,WA,0,222,222,0
bevacizumab,2012-10-01,WA,0,370,370,0
bevacizumab,2012-11-01,WA,0,278,278,0
bevacizumab,2012-12-01,WA,0,224,224,0
bevacizumab,2013-01-01,WA,0,254,254,0
bevacizumab,2013-02-01,WA,0,184,184,0
bevacizumab,2013-03-01,WA,0,199,199,0
bevacizumab,2013-04-01,WA,0,256,256,0
bevacizumab,2013-05-01,WA,0,257,257,0
bevacizumab,2013-06-01,WA,0,239,239,0
bevacizumab,2013-07-01,WA,0,255,255,0
bevacizumab,2013-08-01,WA,0,237,237,0
bevacizumab,2013-09-01,WA,0,267,267,0
bevacizumab,2013-10-01,WA,0,209,209,0
bevacizumab,2013-11-01,WA,0,211,211,0
bevacizumab,2013-12-01,WA,0,159,159,0
bevacizumab,2014-01-01,WA,0,215,215,0
bevacizumab,2014-02-01,WA,0,318,318,0
bevacizumab,2014-03-01,WA,0,259,259,0
bevacizumab,2014-04-01,WA,0,298,298,0
bevacizumab,2014-05-01,WA,0,324,324,0
bevacizumab,2014-06-01,WA,0,287,287,0
bevacizumab,2014-07-01,WA,0,244,244,0
bevacizumab,2014-08-01,WA,0,232,232,0
bevacizumab,2014-09-01,WA,0,239,239,0
bevacizumab,2014-10-01,WA,0,235,235,0
bevacizumab,2014-11-01,WA,0,290,290,0
bevacizumab,2014-12-01,WA,0,243,243,0
bevacizumab,2015-01-01,WA,0,384,384,0
bevacizumab,2015-02-01,WA,0,221,221,0
bevacizumab,2015-03-01,WA,0,357,357,0
bevacizumab,2015-04-01,WA,0,310,310,0
bevacizumab,2015-05-01,WA,0,725,725,0
bevacizumab,2015-06-01,WA,0,382,382,0
bevacizumab,2015-07-01,WA,0,346,346,0
bevacizumab,2015-08-01,WA,0,354,354,0
bevacizumab,2015-09-01,WA,0,237,237,0
bevacizumab,2015-10-01,WA,0,276,276,0
bevacizumab,2015-11-01,WA,0,301,301,0
bevacizumab,2015-12-01,WA,0,293,293,0
bevacizumab,2016-01-01,WA,0,401,401,0
bevacizumab,2016-02-01,WA,0,410,410,0
bevacizumab,2016-03-01,WA,0,411,411,0
bevacizumab,2016-04-01,WA,0,290,290,0
bevacizumab,2016-05-01,WA,0,362,362,0
bevacizumab,2016-06-01,WA,0,329,329,0
bevacizumab,2016-07-01,WA,0,421,421,0
bevacizumab,2016-08-01,WA,0,402,402,0
bevacizumab,2016-09-01,WA,0,380,380,0
bevacizumab,2016-10-01,WA,0,349,349,0
bevacizumab,2016-11-01,WA,0,329,329,0
bevacizumab,2016-12-01,WA,0,314,314,0
bevacizumab,2017-01-01,WA,0,338,338,0
bevacizumab,2017-02-01,WA,0,265,265,0
bevacizumab,2017-03-01,WA,0,402,402,0
bevacizumab,2017-04-01,WA,0,444,444,0
bevacizumab,2017-05-01,WA,0,386,386,0
bevacizumab,2017-06-01,WA,0,362,362,0
bevacizumab,2017-07-01,WA,0,339,339,0
bevacizumab,2017-08-01,WA,0,340,340,0
bevacizumab,2017-09-01,WA,0,423,423,0
bevacizumab,2017-10-01,WA,0,330,330,0
bevacizumab,2017-11-01,WA,0,415,415,0
bevacizumab,2017-12-01,WA,0,337,337,0
bevacizumab,2018-01-01,WA,0,440,440,0
bevacizumab,2018-02-01,WA,0,398,398,0
bevacizumab,2018-03-01,WA,0,423,423,0
bevacizumab,2018-04-01,WA,0,292,292,0
bevacizumab,2018-05-01,WA,0,426,426,0
bevacizumab,2018-06-01,WA,0,289,289,0
bevacizumab,2018-07-01,WA,0,608,608,0
bevacizumab,2018-08-01,WA,0,489,489,0
bevacizumab,2018-09-01,WA,0,399,399,0
bevacizumab,2018-10-01,WA,0,507,507,0
bevacizumab,2018-11-01,WA,0,419,419,0
bevacizumab,2018-12-01,WA,0,379,379,0
bevacizumab,2019-01-01,WA,0,423,423,0
bevacizumab,2019-02-01,WA,0,402,402,0
bevacizumab,2019-03-01,WA,0,455,455,0
bevacizumab,2019-04-01,WA,0,306,306,0
bevacizumab,2019-05-01,WA,0,477,477,0
bevacizumab,2019-06-01,WA,0,433,433,0
bevacizumab,2019-07-01,WA,0,417,417,0
bevacizumab,2019-08-01,WA,0,396,396,0
bevacizumab,2019-09-01,WA,0,411,411,0
bevacizumab,2019-10-01,WA,0,403,403,0
bevacizumab,2019-11-01,WA,0,496,496,0
bevacizumab,2019-12-01,WA,0,464,464,0
bevacizumab,2020-01-01,WA,0,514,514,0
bevacizumab,2020-02-01,WA,0,516,516,0
bevacizumab,2020-03-01,WA,0,409,409,0
bevacizumab,2020-04-01,WA,0,612,612,0
bevacizumab,2020-05-01,WA,0,476,476,0
bevacizumab,2020-06-01,WA,0,426,426,0
bevacizumab,2020-07-01,WA,0,508,508,0
bevacizumab,2020-08-01,WA,0,402,402,0
bevacizumab,2020-09-01,WA,0,461,461,0
bevacizumab,2020-10-01,WA,0,551,551,0
bevacizumab,2020-11-01,WA,0,502,502,0
bevacizumab,2020-12-01,WA,0,464,464,0
bevacizumab,2021-01-01,WA,0,503,503,0
bevacizumab,2021-02-01,WA,0,560,560,0
bevacizumab,2021-03-01,WA,0,440,440,0
bevacizumab,2021-04-01,WA,0,546,546,0
bevacizumab,2021-05-01,WA,0,382,382,0
bevacizumab,2021-06-01,WA,325,368,693,0.468975468975469
bevacizumab,2021-07-01,WA,548,53,601,0.9118136439267887
bevacizumab,2021-08-01,WA,520,12,532,0.9774436090225563
bevacizumab,2021-09-01,WA,679,33,712,0.9536516853932584
bevacizumab,2021-10-01,WA,718,0,718,1
bevacizumab,2021-11-01,WA,581,0,581,1
bevacizumab,2021-12-01,WA,765,0,765,1
bevacizumab,2022-01-01,WA,522,9,531,0.9830508474576272
bevacizumab,2022-02-01,WA,633,0,633,1
bevacizumab,2022-03-01,WA,933,0,933,1
bevacizumab,2022-04-01,WA,651,68,719,0.9054242002781642
bevacizumab,2022-05-01,WA,609,0,609,1
bevacizumab,2022-06-01,WA,742,9,751,0.9880159786950732
etanercept,2009-01-01,ACT,0,86,86,0
etanercept,2009-02-01,ACT,0,71,71,0
etanercept,2009-03-01,ACT,0,107,107,0
etanercept,2009-04-01,ACT,0,109,109,0
etanercept,2009-05-01,ACT,0,90,90,0
etanercept,2009-06-01,ACT,0,89,89,0
etanercept,2009-07-01,ACT,0,98,98,0
etanercept,2009-08-01,ACT,0,97,97,0
etanercept,2009-09-01,ACT,0,85,85,0
etanercept,2009-10-01,ACT,0,106,106,0
etanercept,2009-11-01,ACT,0,74,74,0
etanercept,2009-12-01,ACT,0,107,107,0
etanercept,2010-01-01,ACT,0,127,127,0
etanercept,2010-02-01,ACT,0,89,89,0
etanercept,2010-03-01,ACT,0,119,119,0
etanercept,2010-04-01,ACT,0,65,65,0
etanercept,2010-05-01,ACT,0,115,115,0
etanercept,2010-06-01,ACT,0,102,102,0
etanercept,2010-07-01,ACT,0,122,122,0
etanercept,2010-08-01,ACT,0,101,101,0
etanercept,2010-09-01,ACT,0,109,109,0
etanercept,2010-10-01,ACT,0,116,116,0
etanercept,2010-11-01,ACT,0,131,131,0
etanercept,2010-12-01,ACT,0,80,80,0
etanercept,2011-01-01,ACT,0,121,121,0
etanercept,2011-02-01,ACT,0,113,113,0
etanercept,2011-03-01,ACT,0,122,122,0
etanercept,2011-04-01,ACT,0,114,114,0
etanercept,2011-05-01,ACT,0,114,114,0
etanercept,2011-06-01,ACT,0,114,114,0
etanercept,2011-07-01,ACT,0,102,102,0
etanercept,2011-08-01,ACT,0,117,117,0
etanercept,2011-09-01,ACT,0,116,116,0
etanercept,2011-10-01,ACT,0,107,107,0
etanercept,2011-11-01,ACT,0,88,88,0
etanercept,2011-12-01,ACT,0,119,119,0
etanercept,2012-01-01,ACT,0,107,107,0
etanercept,2012-02-01,ACT,0,65,65,0
etanercept,2012-03-01,ACT,0,148,148,0
etanercept,2012-04-01,ACT,0,95,95,0
etanercept,2012-05-01,ACT,0,131,131,0
etanercept,2012-06-01,ACT,0,260,260,0
etanercept,2012-07-01,ACT,0,142,142,0
etanercept,2012-08-01,ACT,0,122,122,0
etanercept,2012-09-01,ACT,0,203,203,0
etanercept,2012-10-01,ACT,0,150,150,0
etanercept,2012-11-01,ACT,0,150,150,0
etanercept,2012-12-01,ACT,0,70,70,0
etanercept,2013-01-01,ACT,0,180,180,0
etanercept,2013-02-01,ACT,0,109,109,0
etanercept,2013-03-01,ACT,0,119,119,0
etanercept,2013-04-01,ACT,0,98,98,0
etanercept,2013-05-01,ACT,0,149,149,0
etanercept,2013-06-01,ACT,0,171,171,0
etanercept,2013-07-01,ACT,0,107,107,0
etanercept,2013-08-01,ACT,0,121,121,0
etanercept,2013-09-01,ACT,0,91,91,0
etanercept,2013-10-01,ACT,0,129,129,0
etanercept,2013-11-01,ACT,0,88,88,0
etanercept,2013-12-01,ACT,0,95,95,0
etanercept,2014-01-01,ACT,0,90,90,0
etanercept,2014-02-01,ACT,0,37,37,0
etanercept,2014-03-01,ACT,0,285,285,0
etanercept,2014-04-01,ACT,0,420,420,0
etanercept,2014-05-01,ACT,0,165,165,0
etanercept,2014-06-01,ACT,0,184,184,0
etanercept,2014-07-01,ACT,0,143,143,0
etanercept,2014-08-01,ACT,0,166,166,0
etanercept,2014-09-01,ACT,0,125,125,0
etanercept,2014-10-01,ACT,0,137,137,0
etanercept,2014-11-01,ACT,0,144,144,0
etanercept,2014-12-01,ACT,0,128,128,0
etanercept,2015-01-01,ACT,0,145,145,0
etanercept,2015-02-01,ACT,0,256,256,0
etanercept,2015-03-01,ACT,0,183,183,0
etanercept,2015-04-01,ACT,0,183,183,0
etanercept,2015-05-01,ACT,0,240,240,0
etanercept,2015-06-01,ACT,0,194,194,0
etanercept,2015-07-01,ACT,0,211,211,0
etanercept,2015-08-01,ACT,0,164,164,0
etanercept,2015-09-01,ACT,0,180,180,0
etanercept,2015-10-01,ACT,0,178,178,0
etanercept,2015-11-01,ACT,0,158,158,0
etanercept,2015-12-01,ACT,0,204,204,0
etanercept,2016-01-01,ACT,0,141,141,0
etanercept,2016-02-01,ACT,0,167,167,0
etanercept,2016-03-01,ACT,0,178,178,0
etanercept,2016-04-01,ACT,0,168,168,0
etanercept,2016-05-01,ACT,0,184,184,0
etanercept,2016-06-01,ACT,0,176,176,0
etanercept,2016-07-01,ACT,0,177,177,0
etanercept,2016-08-01,ACT,0,179,179,0
etanercept,2016-09-01,ACT,0,139,139,0
etanercept,2016-10-01,ACT,0,194,194,0
etanercept,2016-11-01,ACT,0,165,165,0
etanercept,2016-12-01,ACT,0,197,197,0
etanercept,2017-01-01,ACT,0,142,142,0
etanercept,2017-02-01,ACT,0,160,160,0
etanercept,2017-03-01,ACT,0,205,205,0
etanercept,2017-04-01,ACT,179,4,183,0.9781420765027322
etanercept,2017-05-01,ACT,168,18,186,0.9032258064516129
etanercept,2017-06-01,ACT,158,11,169,0.9349112426035503
etanercept,2017-07-01,ACT,157,15,172,0.9127906976744186
etanercept,2017-08-01,ACT,174,14,188,0.925531914893617
etanercept,2017-09-01,ACT,130,14,144,0.9027777777777778
etanercept,2017-10-01,ACT,146,11,157,0.9299363057324841
etanercept,2017-11-01,ACT,163,12,175,0.9314285714285714
etanercept,2017-12-01,ACT,163,9,172,0.9476744186046512
etanercept,2018-01-01,ACT,145,11,156,0.9294871794871795
etanercept,2018-02-01,ACT,130,7,137,0.948905109489051
etanercept,2018-03-01,ACT,165,13,178,0.9269662921348315
etanercept,2018-04-01,ACT,155,9,164,0.9451219512195121
etanercept,2018-05-01,ACT,141,14,155,0.9096774193548387
etanercept,2018-06-01,ACT,124,10,134,0.9253731343283582
etanercept,2018-07-01,ACT,132,8,140,0.9428571428571428
etanercept,2018-08-01,ACT,179,14,193,0.927461139896373
etanercept,2018-09-01,ACT,151,8,159,0.949685534591195
etanercept,2018-10-01,ACT,157,9,166,0.9457831325301205
etanercept,2018-11-01,ACT,145,9,154,0.9415584415584416
etanercept,2018-12-01,ACT,167,7,174,0.9597701149425287
etanercept,2019-01-01,ACT,166,10,176,0.9431818181818182
etanercept,2019-02-01,ACT,142,9,151,0.9403973509933775
etanercept,2019-03-01,ACT,139,10,149,0.9328859060402684
etanercept,2019-04-01,ACT,148,5,153,0.9673202614379085
etanercept,2019-05-01,ACT,188,15,203,0.9261083743842364
etanercept,2019-06-01,ACT,170,11,181,0.9392265193370166
etanercept,2019-07-01,ACT,153,11,164,0.9329268292682927
etanercept,2019-08-01,ACT,150,9,159,0.9433962264150944
etanercept,2019-09-01,ACT,167,9,176,0.9488636363636364
etanercept,2019-10-01,ACT,154,9,163,0.9447852760736196
etanercept,2019-11-01,ACT,138,13,151,0.9139072847682119
etanercept,2019-12-01,ACT,146,9,155,0.9419354838709677
etanercept,2020-01-01,ACT,194,13,207,0.9371980676328503
etanercept,2020-02-01,ACT,129,11,140,0.9214285714285714
etanercept,2020-03-01,ACT,168,11,179,0.9385474860335196
etanercept,2020-04-01,ACT,152,18,170,0.8941176470588236
etanercept,2020-05-01,ACT,179,14,193,0.927461139896373
etanercept,2020-06-01,ACT,123,8,131,0.9389312977099237
etanercept,2020-07-01,ACT,169,13,182,0.9285714285714286
etanercept,2020-08-01,ACT,160,11,171,0.935672514619883
etanercept,2020-09-01,ACT,155,10,165,0.9393939393939394
etanercept,2020-10-01,ACT,174,10,184,0.9456521739130435
etanercept,2020-11-01,ACT,142,9,151,0.9403973509933775
etanercept,2020-12-01,ACT,167,13,180,0.9277777777777778
etanercept,2021-01-01,ACT,168,13,181,0.9281767955801105
etanercept,2021-02-01,ACT,150,9,159,0.9433962264150944
etanercept,2021-03-01,ACT,143,9,152,0.9407894736842105
etanercept,2021-04-01,ACT,198,8,206,0.9611650485436893
etanercept,2021-05-01,ACT,141,5,146,0.9657534246575342
etanercept,2021-06-01,ACT,151,9,160,0.94375
etanercept,2021-07-01,ACT,177,10,187,0.946524064171123
etanercept,2021-08-01,ACT,150,6,156,0.9615384615384616
etanercept,2021-09-01,ACT,157,7,164,0.9573170731707317
etanercept,2021-10-01,ACT,177,5,182,0.9725274725274725
etanercept,2021-11-01,ACT,153,6,159,0.9622641509433962
etanercept,2021-12-01,ACT,176,13,189,0.9312169312169312
etanercept,2022-01-01,ACT,191,6,197,0.9695431472081218
etanercept,2022-02-01,ACT,151,3,154,0.9805194805194806
etanercept,2022-03-01,ACT,209,9,218,0.9587155963302753
etanercept,2022-04-01,ACT,158,6,164,0.9634146341463414
etanercept,2022-05-01,ACT,168,5,173,0.9710982658959537
etanercept,2022-06-01,ACT,165,7,172,0.9593023255813954
etanercept,2009-01-01,NSW,0,1391,1391,0
etanercept,2009-02-01,NSW,0,1414,1414,0
etanercept,2009-03-01,NSW,0,1888,1888,0
etanercept,2009-04-01,NSW,0,1904,1904,0
etanercept,2009-05-01,NSW,0,1651,1651,0
etanercept,2009-06-01,NSW,0,1591,1591,0
etanercept,2009-07-01,NSW,0,1852,1852,0
etanercept,2009-08-01,NSW,0,1730,1730,0
etanercept,2009-09-01,NSW,0,1572,1572,0
etanercept,2009-10-01,NSW,0,2005,2005,0
etanercept,2009-11-01,NSW,0,1596,1596,0
etanercept,2009-12-01,NSW,0,1938,1938,0
etanercept,2010-01-01,NSW,0,2405,2405,0
etanercept,2010-02-01,NSW,0,1783,1783,0
etanercept,2010-03-01,NSW,0,2148,2148,0
etanercept,2010-04-01,NSW,0,1470,1470,0
etanercept,2010-05-01,NSW,0,2037,2037,0
etanercept,2010-06-01,NSW,0,1922,1922,0
etanercept,2010-07-01,NSW,0,2035,2035,0
etanercept,2010-08-01,NSW,0,2007,2007,0
etanercept,2010-09-01,NSW,0,1998,1998,0
etanercept,2010-10-01,NSW,0,1926,1926,0
etanercept,2010-11-01,NSW,0,2197,2197,0
etanercept,2010-12-01,NSW,0,1576,1576,0
etanercept,2011-01-01,NSW,0,1925,1925,0
etanercept,2011-02-01,NSW,0,2179,2179,0
etanercept,2011-03-01,NSW,0,2329,2329,0
etanercept,2011-04-01,NSW,0,2029,2029,0
etanercept,2011-05-01,NSW,0,2084,2084,0
etanercept,2011-06-01,NSW,0,2030,2030,0
etanercept,2011-07-01,NSW,0,2301,2301,0
etanercept,2011-08-01,NSW,0,1957,1957,0
etanercept,2011-09-01,NSW,0,2186,2186,0
etanercept,2011-10-01,NSW,0,1749,1749,0
etanercept,2011-11-01,NSW,0,1642,1642,0
etanercept,2011-12-01,NSW,0,1725,1725,0
etanercept,2012-01-01,NSW,0,1802,1802,0
etanercept,2012-02-01,NSW,0,1326,1326,0
etanercept,2012-03-01,NSW,0,2464,2464,0
etanercept,2012-04-01,NSW,0,1960,1960,0
etanercept,2012-05-01,NSW,0,2752,2752,0
etanercept,2012-06-01,NSW,0,4016,4016,0
etanercept,2012-07-01,NSW,0,1849,1849,0
etanercept,2012-08-01,NSW,0,2519,2519,0
etanercept,2012-09-01,NSW,0,3376,3376,0
etanercept,2012-10-01,NSW,0,2449,2449,0
etanercept,2012-11-01,NSW,0,2376,2376,0
etanercept,2012-12-01,NSW,0,1566,1566,0
etanercept,2013-01-01,NSW,0,2778,2778,0
etanercept,2013-02-01,NSW,0,2115,2115,0
etanercept,2013-03-01,NSW,0,1866,1866,0
etanercept,2013-04-01,NSW,0,2102,2102,0
etanercept,2013-05-01,NSW,0,2538,2538,0
etanercept,2013-06-01,NSW,0,2305,2305,0
etanercept,2013-07-01,NSW,0,1962,1962,0
etanercept,2013-08-01,NSW,0,2020,2020,0
etanercept,2013-09-01,NSW,0,1978,1978,0
etanercept,2013-10-01,NSW,0,1801,1801,0
etanercept,2013-11-01,NSW,0,1827,1827,0
etanercept,2013-12-01,NSW,0,1644,1644,0
etanercept,2014-01-01,NSW,0,1702,1702,0
etanercept,2014-02-01,NSW,0,899,899,0
etanercept,2014-03-01,NSW,0,4416,4416,0
etanercept,2014-04-01,NSW,0,6521,6521,0
etanercept,2014-05-01,NSW,0,3692,3692,0
etanercept,2014-06-01,NSW,0,2923,2923,0
etanercept,2014-07-01,NSW,0,2328,2328,0
etanercept,2014-08-01,NSW,0,2696,2696,0
etanercept,2014-09-01,NSW,0,2314,2314,0
etanercept,2014-10-01,NSW,0,2193,2193,0
etanercept,2014-11-01,NSW,0,2653,2653,0
etanercept,2014-12-01,NSW,0,2133,2133,0
etanercept,2015-01-01,NSW,0,2172,2172,0
etanercept,2015-02-01,NSW,0,3899,3899,0
etanercept,2015-03-01,NSW,0,3013,3013,0
etanercept,2015-04-01,NSW,0,2306,2306,0
etanercept,2015-05-01,NSW,0,4581,4581,0
etanercept,2015-06-01,NSW,0,3196,3196,0
etanercept,2015-07-01,NSW,0,3373,3373,0
etanercept,2015-08-01,NSW,0,2873,2873,0
etanercept,2015-09-01,NSW,0,2637,2637,0
etanercept,2015-10-01,NSW,0,2733,2733,0
etanercept,2015-11-01,NSW,0,2718,2718,0
etanercept,2015-12-01,NSW,0,3108,3108,0
etanercept,2016-01-01,NSW,0,2317,2317,0
etanercept,2016-02-01,NSW,0,2849,2849,0
etanercept,2016-03-01,NSW,0,3031,3031,0
etanercept,2016-04-01,NSW,0,2690,2690,0
etanercept,2016-05-01,NSW,0,2720,2720,0
etanercept,2016-06-01,NSW,0,3099,3099,0
etanercept,2016-07-01,NSW,0,2856,2856,0
etanercept,2016-08-01,NSW,0,2749,2749,0
etanercept,2016-09-01,NSW,0,2740,2740,0
etanercept,2016-10-01,NSW,0,2680,2680,0
etanercept,2016-11-01,NSW,0,2734,2734,0
etanercept,2016-12-01,NSW,0,3135,3135,0
etanercept,2017-01-01,NSW,0,2476,2476,0
etanercept,2017-02-01,NSW,0,2620,2620,0
etanercept,2017-03-01,NSW,0,3170,3170,0
etanercept,2017-04-01,NSW,2678,98,2776,0.9646974063400576
etanercept,2017-05-01,NSW,2777,99,2876,0.9655771905424201
etanercept,2017-06-01,NSW,2835,110,2945,0.9626485568760611
etanercept,2017-07-01,NSW,2595,96,2691,0.9643255295429208
etanercept,2017-08-01,NSW,2721,98,2819,0.9652358992550549
etanercept,2017-09-01,NSW,2673,108,2781,0.9611650485436893
etanercept,2017-10-01,NSW,2768,113,2881,0.9607775078097883
etanercept,2017-11-01,NSW,2777,103,2880,0.9642361111111111
etanercept,2017-12-01,NSW,2912,122,3034,0.959789057350033
etanercept,2018-01-01,NSW,2802,99,2901,0.9658738366080661
etanercept,2018-02-01,NSW,2470,91,2561,0.9644670050761421
etanercept,2018-03-01,NSW,2605,95,2700,0.9648148148148148
etanercept,2018-04-01,NSW,2637,93,2730,0.9659340659340659
etanercept,2018-05-01,NSW,2922,99,3021,0.9672293942403177
etanercept,2018-06-01,NSW,2851,90,2941,0.9693981638898334
etanercept,2018-07-01,NSW,2489,91,2580,0.9647286821705426
etanercept,2018-08-01,NSW,2991,94,3085,0.9695299837925446
etanercept,2018-09-01,NSW,2749,89,2838,0.9686398872445384
etanercept,2018-10-01,NSW,2870,86,2956,0.9709066305818674
etanercept,2018-11-01,NSW,2852,103,2955,0.9651438240270728
etanercept,2018-12-01,NSW,3108,90,3198,0.9718574108818011
etanercept,2019-01-01,NSW,2596,83,2679,0.9690182904068683
etanercept,2019-02-01,NSW,2774,99,2873,0.9655412460842325
etanercept,2019-03-01,NSW,2851,88,2939,0.9700578428036747
etanercept,2019-04-01,NSW,2565,97,2662,0.9635612321562734
etanercept,2019-05-01,NSW,2947,92,3039,0.9697268838433696
etanercept,2019-06-01,NSW,2713,97,2810,0.9654804270462634
etanercept,2019-07-01,NSW,2753,92,2845,0.9676625659050967
etanercept,2019-08-01,NSW,2953,91,3044,0.9701051248357424
etanercept,2019-09-01,NSW,2644,87,2731,0.9681435371658733
etanercept,2019-10-01,NSW,2763,83,2846,0.9708362614195362
etanercept,2019-11-01,NSW,2820,88,2908,0.9697386519944979
etanercept,2019-12-01,NSW,3350,83,3433,0.9758228954267405
etanercept,2020-01-01,NSW,2939,106,3045,0.9651888341543514
etanercept,2020-02-01,NSW,2580,80,2660,0.9699248120300752
etanercept,2020-03-01,NSW,2744,81,2825,0.9713274336283186
etanercept,2020-04-01,NSW,2774,100,2874,0.965205288796103
etanercept,2020-05-01,NSW,2575,76,2651,0.971331572991324
etanercept,2020-06-01,NSW,2828,73,2901,0.974836263357463
etanercept,2020-07-01,NSW,2722,76,2798,0.9728377412437456
etanercept,2020-08-01,NSW,2905,82,2987,0.9725477067291597
etanercept,2020-09-01,NSW,2612,73,2685,0.9728119180633147
etanercept,2020-10-01,NSW,2981,85,3066,0.9722765818656229
etanercept,2020-11-01,NSW,2507,76,2583,0.9705768486256291
etanercept,2020-12-01,NSW,3149,95,3244,0.9707151664611591
etanercept,2021-01-01,NSW,2659,85,2744,0.9690233236151603
etanercept,2021-02-01,NSW,2426,64,2490,0.97429718875502
etanercept,2021-03-01,NSW,2613,87,2700,0.9677777777777777
etanercept,2021-04-01,NSW,2491,72,2563,0.9719079204057745
etanercept,2021-05-01,NSW,2597,76,2673,0.9715675271230827
etanercept,2021-06-01,NSW,2765,63,2828,0.9777227722772277
etanercept,2021-07-01,NSW,2892,86,2978,0.9711215580926796
etanercept,2021-08-01,NSW,2530,62,2592,0.9760802469135802
etanercept,2021-09-01,NSW,2583,58,2641,0.9780386217341916
etanercept,2021-10-01,NSW,2692,60,2752,0.9781976744186046
etanercept,2021-11-01,NSW,2617,63,2680,0.9764925373134329
etanercept,2021-12-01,NSW,3235,72,3307,0.9782280012095554
etanercept,2022-01-01,NSW,2451,54,2505,0.9784431137724551
etanercept,2022-02-01,NSW,2525,51,2576,0.9802018633540373
etanercept,2022-03-01,NSW,2832,69,2901,0.9762150982419855
etanercept,2022-04-01,NSW,2636,51,2687,0.9810197245999256
etanercept,2022-05-01,NSW,2828,57,2885,0.9802426343154246
etanercept,2022-06-01,NSW,2910,49,2959,0.9834403514700912
etanercept,2009-01-01,NT,0,18,18,0
etanercept,2009-02-01,NT,0,18,18,0
etanercept,2009-03-01,NT,0,17,17,0
etanercept,2009-04-01,NT,0,23,23,0
etanercept,2009-05-01,NT,0,10,10,0
etanercept,2009-06-01,NT,0,11,11,0
etanercept,2009-07-01,NT,0,16,16,0
etanercept,2009-08-01,NT,0,18,18,0
etanercept,2009-09-01,NT,0,21,21,0
etanercept,2009-10-01,NT,0,15,15,0
etanercept,2009-11-01,NT,0,18,18,0
etanercept,2009-12-01,NT,0,11,11,0
etanercept,2010-01-01,NT,0,16,16,0
etanercept,2010-02-01,NT,0,12,12,0
etanercept,2010-03-01,NT,0,16,16,0
etanercept,2010-04-01,NT,0,16,16,0
etanercept,2010-05-01,NT,0,24,24,0
etanercept,2010-06-01,NT,0,14,14,0
etanercept,2010-07-01,NT,0,22,22,0
etanercept,2010-08-01,NT,0,17,17,0
etanercept,2010-09-01,NT,0,28,28,0
etanercept,2010-10-01,NT,0,22,22,0
etanercept,2010-11-01,NT,0,21,21,0
etanercept,2010-12-01,NT,0,17,17,0
etanercept,2011-01-01,NT,0,20,20,0
etanercept,2011-02-01,NT,0,16,16,0
etanercept,2011-03-01,NT,0,27,27,0
etanercept,2011-04-01,NT,0,23,23,0
etanercept,2011-05-01,NT,0,30,30,0
etanercept,2011-06-01,NT,0,22,22,0
etanercept,2011-07-01,NT,0,28,28,0
etanercept,2011-08-01,NT,0,36,36,0
etanercept,2011-09-01,NT,0,27,27,0
etanercept,2011-10-01,NT,0,18,18,0
etanercept,2011-11-01,NT,0,24,24,0
etanercept,2011-12-01,NT,0,18,18,0
etanercept,2012-01-01,NT,0,15,15,0
etanercept,2012-02-01,NT,0,20,20,0
etanercept,2012-03-01,NT,0,41,41,0
etanercept,2012-04-01,NT,0,22,22,0
etanercept,2012-05-01,NT,0,35,35,0
etanercept,2012-06-01,NT,0,61,61,0
etanercept,2012-07-01,NT,0,25,25,0
etanercept,2012-08-01,NT,0,50,50,0
etanercept,2012-09-01,NT,0,33,33,0
etanercept,2012-10-01,NT,0,32,32,0
etanercept,2012-11-01,NT,0,29,29,0
etanercept,2012-12-01,NT,0,22,22,0
etanercept,2013-01-01,NT,0,45,45,0
etanercept,2013-02-01,NT,0,28,28,0
etanercept,2013-03-01,NT,0,49,49,0
etanercept,2013-04-01,NT,0,39,39,0
etanercept,2013-05-01,NT,0,45,45,0
etanercept,2013-06-01,NT,0,30,30,0
etanercept,2013-07-01,NT,0,56,56,0
etanercept,2013-08-01,NT,0,47,47,0
etanercept,2013-09-01,NT,0,72,72,0
etanercept,2013-10-01,NT,0,56,56,0
etanercept,2013-11-01,NT,0,43,43,0
etanercept,2013-12-01,NT,0,40,40,0
etanercept,2014-01-01,NT,0,49,49,0
etanercept,2014-02-01,NT,0,47,47,0
etanercept,2014-03-01,NT,0,50,50,0
etanercept,2014-04-01,NT,0,44,44,0
etanercept,2014-05-01,NT,0,45,45,0
etanercept,2014-06-01,NT,0,42,42,0
etanercept,2014-07-01,NT,0,48,48,0
etanercept,2014-08-01,NT,0,55,55,0
etanercept,2014-09-01,NT,0,38,38,0
etanercept,2014-10-01,NT,0,38,38,0
etanercept,2014-11-01,NT,0,44,44,0
etanercept,2014-12-01,NT,0,28,28,0
etanercept,2015-01-01,NT,0,58,58,0
etanercept,2015-02-01,NT,0,33,33,0
etanercept,2015-03-01,NT,0,54,54,0
etanercept,2015-04-01,NT,0,22,22,0
etanercept,2015-05-01,NT,0,87,87,0
etanercept,2015-06-01,NT,0,60,60,0
etanercept,2015-07-01,NT,0,67,67,0
etanercept,2015-08-01,NT,0,57,57,0
etanercept,2015-09-01,NT,0,41,41,0
etanercept,2015-10-01,NT,0,42,42,0
etanercept,2015-11-01,NT,0,49,49,0
etanercept,2015-12-01,NT,0,61,61,0
etanercept,2016-01-01,NT,0,44,44,0
etanercept,2016-02-01,NT,0,41,41,0
etanercept,2016-03-01,NT,0,38,38,0
etanercept,2016-04-01,NT,0,54,54,0
etanercept,2016-05-01,NT,0,64,64,0
etanercept,2016-06-01,NT,0,45,45,0
etanercept,2016-07-01,NT,0,41,41,0
etanercept,2016-08-01,NT,0,55,55,0
etanercept,2016-09-01,NT,0,55,55,0
etanercept,2016-10-01,NT,0,51,51,0
etanercept,2016-11-01,NT,0,56,56,0
etanercept,2016-12-01,NT,0,67,67,0
etanercept,2017-01-01,NT,0,48,48,0
etanercept,2017-02-01,NT,0,46,46,0
etanercept,2017-03-01,NT,0,53,53,0
etanercept,2017-04-01,NT,52,0,52,1
etanercept,2017-05-01,NT,38,1,39,0.9743589743589743
etanercept,2017-06-01,NT,61,2,63,0.9682539682539683
etanercept,2017-07-01,NT,68,4,72,0.9444444444444444
etanercept,2017-08-01,NT,35,1,36,0.9722222222222222
etanercept,2017-09-01,NT,49,2,51,0.9607843137254902
etanercept,2017-10-01,NT,54,1,55,0.9818181818181818
etanercept,2017-11-01,NT,50,0,50,1
etanercept,2017-12-01,NT,55,0,55,1
etanercept,2018-01-01,NT,39,0,39,1
etanercept,2018-02-01,NT,47,0,47,1
etanercept,2018-03-01,NT,58,1,59,0.9830508474576272
etanercept,2018-04-01,NT,35,0,35,1
etanercept,2018-05-01,NT,50,1,51,0.9803921568627451
etanercept,2018-06-01,NT,32,1,33,0.9696969696969697
etanercept,2018-07-01,NT,50,0,50,1
etanercept,2018-08-01,NT,72,1,73,0.9863013698630136
etanercept,2018-09-01,NT,41,0,41,1
etanercept,2018-10-01,NT,25,0,25,1
etanercept,2018-11-01,NT,33,2,35,0.9428571428571428
etanercept,2018-12-01,NT,39,2,41,0.9512195121951219
etanercept,2019-01-01,NT,37,0,37,1
etanercept,2019-02-01,NT,50,1,51,0.9803921568627451
etanercept,2019-03-01,NT,39,2,41,0.9512195121951219
etanercept,2019-04-01,NT,44,1,45,0.9777777777777777
etanercept,2019-05-01,NT,33,1,34,0.9705882352941176
etanercept,2019-06-01,NT,61,3,64,0.953125
etanercept,2019-07-01,NT,43,0,43,1
etanercept,2019-08-01,NT,52,0,52,1
etanercept,2019-09-01,NT,51,1,52,0.9807692307692307
etanercept,2019-10-01,NT,47,0,47,1
etanercept,2019-11-01,NT,46,1,47,0.9787234042553191
etanercept,2019-12-01,NT,44,1,45,0.9777777777777777
etanercept,2020-01-01,NT,42,0,42,1
etanercept,2020-02-01,NT,52,2,54,0.9629629629629629
etanercept,2020-03-01,NT,37,0,37,1
etanercept,2020-04-01,NT,49,0,49,1
etanercept,2020-05-01,NT,43,1,44,0.9772727272727273
etanercept,2020-06-01,NT,39,0,39,1
etanercept,2020-07-01,NT,48,1,49,0.9795918367346939
etanercept,2020-08-01,NT,47,1,48,0.9791666666666666
etanercept,2020-09-01,NT,46,0,46,1
etanercept,2020-10-01,NT,43,1,44,0.9772727272727273
etanercept,2020-11-01,NT,44,0,44,1
etanercept,2020-12-01,NT,47,1,48,0.9791666666666666
etanercept,2021-01-01,NT,48,1,49,0.9795918367346939
etanercept,2021-02-01,NT,42,1,43,0.9767441860465116
etanercept,2021-03-01,NT,32,0,32,1
etanercept,2021-04-01,NT,44,0,44,1
etanercept,2021-05-01,NT,44,0,44,1
etanercept,2021-06-01,NT,53,1,54,0.9814814814814815
etanercept,2021-07-01,NT,48,0,48,1
etanercept,2021-08-01,NT,59,0,59,1
etanercept,2021-09-01,NT,47,0,47,1
etanercept,2021-10-01,NT,54,0,54,1
etanercept,2021-11-01,NT,31,1,32,0.96875
etanercept,2021-12-01,NT,41,0,41,1
etanercept,2022-01-01,NT,53,0,53,1
etanercept,2022-02-01,NT,44,1,45,0.9777777777777777
etanercept,2022-03-01,NT,37,1,38,0.9736842105263158
etanercept,2022-04-01,NT,54,0,54,1
etanercept,2022-05-01,NT,48,1,49,0.9795918367346939
etanercept,2022-06-01,NT,42,1,43,0.9767441860465116
etanercept,2009-01-01,QLD,0,680,680,0
etanercept,2009-02-01,QLD,0,609,609,0
etanercept,2009-03-01,QLD,0,706,706,0
etanercept,2009-04-01,QLD,0,660,660,0
etanercept,2009-05-01,QLD,0,697,697,0
etanercept,2009-06-01,QLD,0,597,597,0
etanercept,2009-07-01,QLD,0,721,721,0
etanercept,2009-08-01,QLD,0,640,640,0
etanercept,2009-09-01,QLD,0,719,719,0
etanercept,2009-10-01,QLD,0,805,805,0
etanercept,2009-11-01,QLD,0,759,759,0
etanercept,2009-12-01,QLD,0,661,661,0
etanercept,2010-01-01,QLD,0,808,808,0
etanercept,2010-02-01,QLD,0,820,820,0
etanercept,2010-03-01,QLD,0,743,743,0
etanercept,2010-04-01,QLD,0,651,651,0
etanercept,2010-05-01,QLD,0,761,761,0
etanercept,2010-06-01,QLD,0,765,765,0
etanercept,2010-07-01,QLD,0,833,833,0
etanercept,2010-08-01,QLD,0,612,612,0
etanercept,2010-09-01,QLD,0,839,839,0
etanercept,2010-10-01,QLD,0,924,924,0
etanercept,2010-11-01,QLD,0,850,850,0
etanercept,2010-12-01,QLD,0,670,670,0
etanercept,2011-01-01,QLD,0,787,787,0
etanercept,2011-02-01,QLD,0,818,818,0
etanercept,2011-03-01,QLD,0,911,911,0
etanercept,2011-04-01,QLD,0,770,770,0
etanercept,2011-05-01,QLD,0,817,817,0
etanercept,2011-06-01,QLD,0,754,754,0
etanercept,2011-07-01,QLD,0,959,959,0
etanercept,2011-08-01,QLD,0,828,828,0
etanercept,2011-09-01,QLD,0,897,897,0
etanercept,2011-10-01,QLD,0,817,817,0
etanercept,2011-11-01,QLD,0,729,729,0
etanercept,2011-12-01,QLD,0,778,778,0
etanercept,2012-01-01,QLD,0,970,970,0
etanercept,2012-02-01,QLD,0,773,773,0
etanercept,2012-03-01,QLD,0,789,789,0
etanercept,2012-04-01,QLD,0,1064,1064,0
etanercept,2012-05-01,QLD,0,575,575,0
etanercept,2012-06-01,QLD,0,1438,1438,0
etanercept,2012-07-01,QLD,0,1070,1070,0
etanercept,2012-08-01,QLD,0,347,347,0
etanercept,2012-09-01,QLD,0,1694,1694,0
etanercept,2012-10-01,QLD,0,956,956,0
etanercept,2012-11-01,QLD,0,917,917,0
etanercept,2012-12-01,QLD,0,539,539,0
etanercept,2013-01-01,QLD,0,1207,1207,0
etanercept,2013-02-01,QLD,0,790,790,0
etanercept,2013-03-01,QLD,0,932,932,0
etanercept,2013-04-01,QLD,0,890,890,0
etanercept,2013-05-01,QLD,0,917,917,0
etanercept,2013-06-01,QLD,0,1055,1055,0
etanercept,2013-07-01,QLD,0,980,980,0
etanercept,2013-08-01,QLD,0,969,969,0
etanercept,2013-09-01,QLD,0,1163,1163,0
etanercept,2013-10-01,QLD,0,870,870,0
etanercept,2013-11-01,QLD,0,987,987,0
etanercept,2013-12-01,QLD,0,1103,1103,0
etanercept,2014-01-01,QLD,0,983,983,0
etanercept,2014-02-01,QLD,0,710,710,0
etanercept,2014-03-01,QLD,0,951,951,0
etanercept,2014-04-01,QLD,0,1432,1432,0
etanercept,2014-05-01,QLD,0,1339,1339,0
etanercept,2014-06-01,QLD,0,998,998,0
etanercept,2014-07-01,QLD,0,973,973,0
etanercept,2014-08-01,QLD,0,1057,1057,0
etanercept,2014-09-01,QLD,0,943,943,0
etanercept,2014-10-01,QLD,0,943,943,0
etanercept,2014-11-01,QLD,0,1017,1017,0
etanercept,2014-12-01,QLD,0,959,959,0
etanercept,2015-01-01,QLD,0,1282,1282,0
etanercept,2015-02-01,QLD,0,1177,1177,0
etanercept,2015-03-01,QLD,0,998,998,0
etanercept,2015-04-01,QLD,0,851,851,0
etanercept,2015-05-01,QLD,0,1852,1852,0
etanercept,2015-06-01,QLD,0,1417,1417,0
etanercept,2015-07-01,QLD,0,1245,1245,0
etanercept,2015-08-01,QLD,0,1100,1100,0
etanercept,2015-09-01,QLD,0,1139,1139,0
etanercept,2015-10-01,QLD,0,1074,1074,0
etanercept,2015-11-01,QLD,0,1014,1014,0
etanercept,2015-12-01,QLD,0,1262,1262,0
etanercept,2016-01-01,QLD,0,1019,1019,0
etanercept,2016-02-01,QLD,0,1069,1069,0
etanercept,2016-03-01,QLD,0,1444,1444,0
etanercept,2016-04-01,QLD,0,1245,1245,0
etanercept,2016-05-01,QLD,0,1235,1235,0
etanercept,2016-06-01,QLD,0,1235,1235,0
etanercept,2016-07-01,QLD,0,1165,1165,0
etanercept,2016-08-01,QLD,0,1161,1161,0
etanercept,2016-09-01,QLD,0,1141,1141,0
etanercept,2016-10-01,QLD,0,1096,1096,0
etanercept,2016-11-01,QLD,0,1209,1209,0
etanercept,2016-12-01,QLD,0,1391,1391,0
etanercept,2017-01-01,QLD,0,1041,1041,0
etanercept,2017-02-01,QLD,0,1057,1057,0
etanercept,2017-03-01,QLD,0,1239,1239,0
etanercept,2017-04-01,QLD,1099,18,1117,0.9838854073410922
etanercept,2017-05-01,QLD,1184,20,1204,0.9833887043189369
etanercept,2017-06-01,QLD,1205,11,1216,0.990953947368421
etanercept,2017-07-01,QLD,1087,23,1110,0.9792792792792793
etanercept,2017-08-01,QLD,1226,16,1242,0.9871175523349437
etanercept,2017-09-01,QLD,1145,18,1163,0.9845227858985383
etanercept,2017-10-01,QLD,1092,17,1109,0.9846708746618575
etanercept,2017-11-01,QLD,1168,22,1190,0.9815126050420168
etanercept,2017-12-01,QLD,1283,23,1306,0.9823889739663093
etanercept,2018-01-01,QLD,1074,20,1094,0.9817184643510055
etanercept,2018-02-01,QLD,1091,21,1112,0.9811151079136691
etanercept,2018-03-01,QLD,1213,19,1232,0.984577922077922
etanercept,2018-04-01,QLD,1124,24,1148,0.9790940766550522
etanercept,2018-05-01,QLD,1190,21,1211,0.9826589595375722
etanercept,2018-06-01,QLD,775,15,790,0.9810126582278481
etanercept,2018-07-01,QLD,1089,27,1116,0.9758064516129032
etanercept,2018-08-01,QLD,1805,29,1834,0.9841875681570338
etanercept,2018-09-01,QLD,1188,20,1208,0.9834437086092715
etanercept,2018-10-01,QLD,980,16,996,0.9839357429718876
etanercept,2018-11-01,QLD,1229,22,1251,0.982414068745004
etanercept,2018-12-01,QLD,1315,21,1336,0.9842814371257484
etanercept,2019-01-01,QLD,1101,19,1120,0.9830357142857142
etanercept,2019-02-01,QLD,1155,21,1176,0.9821428571428571
etanercept,2019-03-01,QLD,1351,28,1379,0.9796954314720813
etanercept,2019-04-01,QLD,1142,18,1160,0.9844827586206897
etanercept,2019-05-01,QLD,1288,21,1309,0.983957219251337
etanercept,2019-06-01,QLD,1323,22,1345,0.9836431226765799
etanercept,2019-07-01,QLD,1150,15,1165,0.9871244635193133
etanercept,2019-08-01,QLD,1237,10,1247,0.991980753809142
etanercept,2019-09-01,QLD,1272,18,1290,0.986046511627907
etanercept,2019-10-01,QLD,1095,15,1110,0.9864864864864865
etanercept,2019-11-01,QLD,1432,17,1449,0.9882677708764666
etanercept,2019-12-01,QLD,1082,25,1107,0.9774164408310749
etanercept,2020-01-01,QLD,1445,21,1466,0.985675306957708
etanercept,2020-02-01,QLD,1314,16,1330,0.98796992481203
etanercept,2020-03-01,QLD,1214,17,1231,0.9861900893582454
etanercept,2020-04-01,QLD,1374,12,1386,0.9913419913419913
etanercept,2020-05-01,QLD,1011,19,1030,0.9815533980582525
etanercept,2020-06-01,QLD,1195,16,1211,0.9867877786952931
etanercept,2020-07-01,QLD,1637,16,1653,0.9903206291591047
etanercept,2020-08-01,QLD,1281,16,1297,0.9876638396299152
etanercept,2020-09-01,QLD,1365,24,1389,0.9827213822894169
etanercept,2020-10-01,QLD,1302,24,1326,0.9819004524886877
etanercept,2020-11-01,QLD,1385,18,1403,0.9871703492516037
etanercept,2020-12-01,QLD,1095,19,1114,0.9829443447037702
etanercept,2021-01-01,QLD,1692,18,1710,0.9894736842105263
etanercept,2021-02-01,QLD,1318,19,1337,0.9857890800299177
etanercept,2021-03-01,QLD,1161,21,1182,0.9822335025380711
etanercept,2021-04-01,QLD,1389,20,1409,0.985805535841022
etanercept,2021-05-01,QLD,1305,29,1334,0.9782608695652174
etanercept,2021-06-01,QLD,1283,20,1303,0.9846508058326938
etanercept,2021-07-01,QLD,1225,13,1238,0.9894991922455574
etanercept,2021-08-01,QLD,1599,29,1628,0.9821867321867321
etanercept,2021-09-01,QLD,1401,17,1418,0.9880112834978844
etanercept,2021-10-01,QLD,1291,18,1309,0.9862490450725745
etanercept,2021-11-01,QLD,1260,18,1278,0.9859154929577465
etanercept,2021-12-01,QLD,1204,19,1223,0.9844644317252658
etanercept,2022-01-01,QLD,1781,17,1798,0.9905450500556173
etanercept,2022-02-01,QLD,1062,11,1073,0.9897483690587139
etanercept,2022-03-01,QLD,1554,21,1575,0.9866666666666667
etanercept,2022-04-01,QLD,1641,16,1657,0.9903439951719976
etanercept,2022-05-01,QLD,1285,14,1299,0.9892224788298691
etanercept,2022-06-01,QLD,1486,27,1513,0.9821546596166556
etanercept,2009-01-01,SA,0,534,534,0
etanercept,2009-02-01,SA,0,655,655,0
etanercept,2009-03-01,SA,0,467,467,0
etanercept,2009-04-01,SA,0,547,547,0
etanercept,2009-05-01,SA,0,430,430,0
etanercept,2009-06-01,SA,0,386,386,0
etanercept,2009-07-01,SA,0,472,472,0
etanercept,2009-08-01,SA,0,432,432,0
etanercept,2009-09-01,SA,0,499,499,0
etanercept,2009-10-01,SA,0,499,499,0
etanercept,2009-11-01,SA,0,451,451,0
etanercept,2009-12-01,SA,0,543,543,0
etanercept,2010-01-01,SA,0,516,516,0
etanercept,2010-02-01,SA,0,498,498,0
etanercept,2010-03-01,SA,0,581,581,0
etanercept,2010-04-01,SA,0,349,349,0
etanercept,2010-05-01,SA,0,532,532,0
etanercept,2010-06-01,SA,0,547,547,0
etanercept,2010-07-01,SA,0,468,468,0
etanercept,2010-08-01,SA,0,479,479,0
etanercept,2010-09-01,SA,0,508,508,0
etanercept,2010-10-01,SA,0,533,533,0
etanercept,2010-11-01,SA,0,532,532,0
etanercept,2010-12-01,SA,0,501,501,0
etanercept,2011-01-01,SA,0,450,450,0
etanercept,2011-02-01,SA,0,493,493,0
etanercept,2011-03-01,SA,0,497,497,0
etanercept,2011-04-01,SA,0,489,489,0
etanercept,2011-05-01,SA,0,493,493,0
etanercept,2011-06-01,SA,0,550,550,0
etanercept,2011-07-01,SA,0,540,540,0
etanercept,2011-08-01,SA,0,594,594,0
etanercept,2011-09-01,SA,0,453,453,0
etanercept,2011-10-01,SA,0,470,470,0
etanercept,2011-11-01,SA,0,554,554,0
etanercept,2011-12-01,SA,0,375,375,0
etanercept,2012-01-01,SA,0,420,420,0
etanercept,2012-02-01,SA,0,449,449,0
etanercept,2012-03-01,SA,0,543,543,0
etanercept,2012-04-01,SA,0,405,405,0
etanercept,2012-05-01,SA,0,677,677,0
etanercept,2012-06-01,SA,0,886,886,0
etanercept,2012-07-01,SA,0,559,559,0
etanercept,2012-08-01,SA,0,754,754,0
etanercept,2012-09-01,SA,0,554,554,0
etanercept,2012-10-01,SA,0,559,559,0
etanercept,2012-11-01,SA,0,594,594,0
etanercept,2012-12-01,SA,0,470,470,0
etanercept,2013-01-01,SA,0,767,767,0
etanercept,2013-02-01,SA,0,476,476,0
etanercept,2013-03-01,SA,0,496,496,0
etanercept,2013-04-01,SA,0,579,579,0
etanercept,2013-05-01,SA,0,504,504,0
etanercept,2013-06-01,SA,0,515,515,0
etanercept,2013-07-01,SA,0,675,675,0
etanercept,2013-08-01,SA,0,632,632,0
etanercept,2013-09-01,SA,0,662,662,0
etanercept,2013-10-01,SA,0,649,649,0
etanercept,2013-11-01,SA,0,467,467,0
etanercept,2013-12-01,SA,0,586,586,0
etanercept,2014-01-01,SA,0,610,610,0
etanercept,2014-02-01,SA,0,582,582,0
etanercept,2014-03-01,SA,0,553,553,0
etanercept,2014-04-01,SA,0,645,645,0
etanercept,2014-05-01,SA,0,780,780,0
etanercept,2014-06-01,SA,0,616,616,0
etanercept,2014-07-01,SA,0,597,597,0
etanercept,2014-08-01,SA,0,603,603,0
etanercept,2014-09-01,SA,0,529,529,0
etanercept,2014-10-01,SA,0,430,430,0
etanercept,2014-11-01,SA,0,694,694,0
etanercept,2014-12-01,SA,0,425,425,0
etanercept,2015-01-01,SA,0,813,813,0
etanercept,2015-02-01,SA,0,609,609,0
etanercept,2015-03-01,SA,0,627,627,0
etanercept,2015-04-01,SA,0,517,517,0
etanercept,2015-05-01,SA,0,943,943,0
etanercept,2015-06-01,SA,0,649,649,0
etanercept,2015-07-01,SA,0,643,643,0
etanercept,2015-08-01,SA,0,611,611,0
etanercept,2015-09-01,SA,0,652,652,0
etanercept,2015-10-01,SA,0,593,593,0
etanercept,2015-11-01,SA,0,627,627,0
etanercept,2015-12-01,SA,0,687,687,0
etanercept,2016-01-01,SA,0,546,546,0
etanercept,2016-02-01,SA,0,570,570,0
etanercept,2016-03-01,SA,0,767,767,0
etanercept,2016-04-01,SA,0,665,665,0
etanercept,2016-05-01,SA,0,640,640,0
etanercept,2016-06-01,SA,0,565,565,0
etanercept,2016-07-01,SA,0,659,659,0
etanercept,2016-08-01,SA,0,651,651,0
etanercept,2016-09-01,SA,0,585,585,0
etanercept,2016-10-01,SA,0,623,623,0
etanercept,2016-11-01,SA,0,602,602,0
etanercept,2016-12-01,SA,0,683,683,0
etanercept,2017-01-01,SA,0,526,526,0
etanercept,2017-02-01,SA,0,548,548,0
etanercept,2017-03-01,SA,0,619,619,0
etanercept,2017-04-01,SA,560,27,587,0.9540034071550255
etanercept,2017-05-01,SA,579,19,598,0.9682274247491639
etanercept,2017-06-01,SA,595,24,619,0.9612277867528272
etanercept,2017-07-01,SA,630,30,660,0.9545454545454546
etanercept,2017-08-01,SA,586,22,608,0.9638157894736842
etanercept,2017-09-01,SA,551,37,588,0.9370748299319728
etanercept,2017-10-01,SA,591,20,611,0.967266775777414
etanercept,2017-11-01,SA,557,17,574,0.9703832752613241
etanercept,2017-12-01,SA,642,34,676,0.9497041420118343
etanercept,2018-01-01,SA,547,19,566,0.9664310954063604
etanercept,2018-02-01,SA,530,19,549,0.9653916211293261
etanercept,2018-03-01,SA,537,16,553,0.9710669077757685
etanercept,2018-04-01,SA,566,18,584,0.9691780821917808
etanercept,2018-05-01,SA,577,23,600,0.9616666666666667
etanercept,2018-06-01,SA,445,17,462,0.9632034632034632
etanercept,2018-07-01,SA,551,16,567,0.9717813051146384
etanercept,2018-08-01,SA,730,25,755,0.9668874172185431
etanercept,2018-09-01,SA,504,15,519,0.9710982658959537
etanercept,2018-10-01,SA,576,19,595,0.9680672268907563
etanercept,2018-11-01,SA,568,20,588,0.9659863945578231
etanercept,2018-12-01,SA,699,24,723,0.966804979253112
etanercept,2019-01-01,SA,573,22,595,0.9630252100840336
etanercept,2019-02-01,SA,497,12,509,0.9764243614931237
etanercept,2019-03-01,SA,593,27,620,0.9564516129032258
etanercept,2019-04-01,SA,486,16,502,0.9681274900398407
etanercept,2019-05-01,SA,554,25,579,0.9568221070811744
etanercept,2019-06-01,SA,657,12,669,0.9820627802690582
etanercept,2019-07-01,SA,538,16,554,0.9711191335740073
etanercept,2019-08-01,SA,530,18,548,0.9671532846715328
etanercept,2019-09-01,SA,598,18,616,0.9707792207792207
etanercept,2019-10-01,SA,588,16,604,0.9735099337748344
etanercept,2019-11-01,SA,523,15,538,0.9721189591078067
etanercept,2019-12-01,SA,553,18,571,0.968476357267951
etanercept,2020-01-01,SA,737,18,755,0.976158940397351
etanercept,2020-02-01,SA,632,10,642,0.9844236760124611
etanercept,2020-03-01,SA,605,18,623,0.971107544141252
etanercept,2020-04-01,SA,611,30,641,0.953198127925117
etanercept,2020-05-01,SA,550,11,561,0.9803921568627451
etanercept,2020-06-01,SA,575,13,588,0.9778911564625851
etanercept,2020-07-01,SA,636,15,651,0.9769585253456221
etanercept,2020-08-01,SA,666,20,686,0.9708454810495627
etanercept,2020-09-01,SA,569,16,585,0.9726495726495726
etanercept,2020-10-01,SA,595,17,612,0.9722222222222222
etanercept,2020-11-01,SA,595,9,604,0.9850993377483444
etanercept,2020-12-01,SA,617,20,637,0.9686028257456829
etanercept,2021-01-01,SA,726,10,736,0.9864130434782609
etanercept,2021-02-01,SA,643,17,660,0.9742424242424242
etanercept,2021-03-01,SA,635,19,654,0.9709480122324159
etanercept,2021-04-01,SA,602,25,627,0.960127591706539
etanercept,2021-05-01,SA,683,13,696,0.9813218390804598
etanercept,2021-06-01,SA,487,18,505,0.9643564356435643
etanercept,2021-07-01,SA,669,24,693,0.9653679653679653
etanercept,2021-08-01,SA,623,15,638,0.9764890282131662
etanercept,2021-09-01,SA,725,21,746,0.9718498659517426
etanercept,2021-10-01,SA,706,12,718,0.9832869080779945
etanercept,2021-11-01,SA,618,19,637,0.9701726844583988
etanercept,2021-12-01,SA,745,13,758,0.9828496042216359
etanercept,2022-01-01,SA,805,17,822,0.9793187347931873
etanercept,2022-02-01,SA,518,10,528,0.9810606060606061
etanercept,2022-03-01,SA,742,18,760,0.9763157894736842
etanercept,2022-04-01,SA,660,13,673,0.9806835066864784
etanercept,2022-05-01,SA,712,16,728,0.978021978021978
etanercept,2022-06-01,SA,696,9,705,0.9872340425531915
etanercept,2009-01-01,TAS,0,215,215,0
etanercept,2009-02-01,TAS,0,210,210,0
etanercept,2009-03-01,TAS,0,193,193,0
etanercept,2009-04-01,TAS,0,212,212,0
etanercept,2009-05-01,TAS,0,225,225,0
etanercept,2009-06-01,TAS,0,215,215,0
etanercept,2009-07-01,TAS,0,230,230,0
etanercept,2009-08-01,TAS,0,257,257,0
etanercept,2009-09-01,TAS,0,229,229,0
etanercept,2009-10-01,TAS,0,234,234,0
etanercept,2009-11-01,TAS,0,211,211,0
etanercept,2009-12-01,TAS,0,247,247,0
etanercept,2010-01-01,TAS,0,260,260,0
etanercept,2010-02-01,TAS,0,239,239,0
etanercept,2010-03-01,TAS,0,252,252,0
etanercept,2010-04-01,TAS,0,248,248,0
etanercept,2010-05-01,TAS,0,200,200,0
etanercept,2010-06-01,TAS,0,203,203,0
etanercept,2010-07-01,TAS,0,263,263,0
etanercept,2010-08-01,TAS,0,160,160,0
etanercept,2010-09-01,TAS,0,231,231,0
etanercept,2010-10-01,TAS,0,227,227,0
etanercept,2010-11-01,TAS,0,209,209,0
etanercept,2010-12-01,TAS,0,204,204,0
etanercept,2011-01-01,TAS,0,156,156,0
etanercept,2011-02-01,TAS,0,236,236,0
etanercept,2011-03-01,TAS,0,201,201,0
etanercept,2011-04-01,TAS,0,221,221,0
etanercept,2011-05-01,TAS,0,214,214,0
etanercept,2011-06-01,TAS,0,176,176,0
etanercept,2011-07-01,TAS,0,204,204,0
etanercept,2011-08-01,TAS,0,215,215,0
etanercept,2011-09-01,TAS,0,187,187,0
etanercept,2011-10-01,TAS,0,214,214,0
etanercept,2011-11-01,TAS,0,182,182,0
etanercept,2011-12-01,TAS,0,164,164,0
etanercept,2012-01-01,TAS,0,194,194,0
etanercept,2012-02-01,TAS,0,149,149,0
etanercept,2012-03-01,TAS,0,291,291,0
etanercept,2012-04-01,TAS,0,277,277,0
etanercept,2012-05-01,TAS,0,308,308,0
etanercept,2012-06-01,TAS,0,223,223,0
etanercept,2012-07-01,TAS,0,228,228,0
etanercept,2012-08-01,TAS,0,223,223,0
etanercept,2012-09-01,TAS,0,230,230,0
etanercept,2012-10-01,TAS,0,218,218,0
etanercept,2012-11-01,TAS,0,283,283,0
etanercept,2012-12-01,TAS,0,168,168,0
etanercept,2013-01-01,TAS,0,255,255,0
etanercept,2013-02-01,TAS,0,204,204,0
etanercept,2013-03-01,TAS,0,246,246,0
etanercept,2013-04-01,TAS,0,193,193,0
etanercept,2013-05-01,TAS,0,267,267,0
etanercept,2013-06-01,TAS,0,237,237,0
etanercept,2013-07-01,TAS,0,269,269,0
etanercept,2013-08-01,TAS,0,193,193,0
etanercept,2013-09-01,TAS,0,229,229,0
etanercept,2013-10-01,TAS,0,206,206,0
etanercept,2013-11-01,TAS,0,264,264,0
etanercept,2013-12-01,TAS,0,183,183,0
etanercept,2014-01-01,TAS,0,314,314,0
etanercept,2014-02-01,TAS,0,167,167,0
etanercept,2014-03-01,TAS,0,232,232,0
etanercept,2014-04-01,TAS,0,186,186,0
etanercept,2014-05-01,TAS,0,230,230,0
etanercept,2014-06-01,TAS,0,301,301,0
etanercept,2014-07-01,TAS,0,153,153,0
etanercept,2014-08-01,TAS,0,267,267,0
etanercept,2014-09-01,TAS,0,203,203,0
etanercept,2014-10-01,TAS,0,177,177,0
etanercept,2014-11-01,TAS,0,246,246,0
etanercept,2014-12-01,TAS,0,110,110,0
etanercept,2015-01-01,TAS,0,276,276,0
etanercept,2015-02-01,TAS,0,252,252,0
etanercept,2015-03-01,TAS,0,187,187,0
etanercept,2015-04-01,TAS,0,239,239,0
etanercept,2015-05-01,TAS,0,380,380,0
etanercept,2015-06-01,TAS,0,284,284,0
etanercept,2015-07-01,TAS,0,266,266,0
etanercept,2015-08-01,TAS,0,216,216,0
etanercept,2015-09-01,TAS,0,243,243,0
etanercept,2015-10-01,TAS,0,242,242,0
etanercept,2015-11-01,TAS,0,254,254,0
etanercept,2015-12-01,TAS,0,278,278,0
etanercept,2016-01-01,TAS,0,205,205,0
etanercept,2016-02-01,TAS,0,225,225,0
etanercept,2016-03-01,TAS,0,268,268,0
etanercept,2016-04-01,TAS,0,220,220,0
etanercept,2016-05-01,TAS,0,231,231,0
etanercept,2016-06-01,TAS,0,242,242,0
etanercept,2016-07-01,TAS,0,225,225,0
etanercept,2016-08-01,TAS,0,235,235,0
etanercept,2016-09-01,TAS,0,234,234,0
etanercept,2016-10-01,TAS,0,215,215,0
etanercept,2016-11-01,TAS,0,245,245,0
etanercept,2016-12-01,TAS,0,239,239,0
etanercept,2017-01-01,TAS,0,228,228,0
etanercept,2017-02-01,TAS,0,192,192,0
etanercept,2017-03-01,TAS,0,243,243,0
etanercept,2017-04-01,TAS,207,8,215,0.9627906976744186
etanercept,2017-05-01,TAS,230,8,238,0.9663865546218487
etanercept,2017-06-01,TAS,217,12,229,0.9475982532751092
etanercept,2017-07-01,TAS,193,9,202,0.9554455445544554
etanercept,2017-08-01,TAS,213,8,221,0.9638009049773756
etanercept,2017-09-01,TAS,195,11,206,0.9466019417475728
etanercept,2017-10-01,TAS,226,11,237,0.9535864978902954
etanercept,2017-11-01,TAS,214,10,224,0.9553571428571429
etanercept,2017-12-01,TAS,227,10,237,0.9578059071729957
etanercept,2018-01-01,TAS,228,10,238,0.957983193277311
etanercept,2018-02-01,TAS,190,9,199,0.9547738693467337
etanercept,2018-03-01,TAS,219,6,225,0.9733333333333334
etanercept,2018-04-01,TAS,197,5,202,0.9752475247524752
etanercept,2018-05-01,TAS,261,12,273,0.9560439560439561
etanercept,2018-06-01,TAS,170,7,177,0.96045197740113
etanercept,2018-07-01,TAS,198,7,205,0.9658536585365853
etanercept,2018-08-01,TAS,287,10,297,0.9663299663299664
etanercept,2018-09-01,TAS,216,9,225,0.96
etanercept,2018-10-01,TAS,229,6,235,0.9744680851063829
etanercept,2018-11-01,TAS,243,7,250,0.972
etanercept,2018-12-01,TAS,240,8,248,0.967741935483871
etanercept,2019-01-01,TAS,272,8,280,0.9714285714285714
etanercept,2019-02-01,TAS,260,6,266,0.9774436090225563
etanercept,2019-03-01,TAS,260,7,267,0.9737827715355806
etanercept,2019-04-01,TAS,241,6,247,0.9757085020242915
etanercept,2019-05-01,TAS,284,6,290,0.9793103448275862
etanercept,2019-06-01,TAS,256,7,263,0.973384030418251
etanercept,2019-07-01,TAS,237,8,245,0.9673469387755103
etanercept,2019-08-01,TAS,216,8,224,0.9642857142857143
etanercept,2019-09-01,TAS,253,9,262,0.9656488549618321
etanercept,2019-10-01,TAS,320,23,343,0.9329446064139941
etanercept,2019-11-01,TAS,210,8,218,0.963302752293578
etanercept,2019-12-01,TAS,249,10,259,0.9613899613899614
etanercept,2020-01-01,TAS,282,8,290,0.9724137931034482
etanercept,2020-02-01,TAS,192,6,198,0.9696969696969697
etanercept,2020-03-01,TAS,297,14,311,0.954983922829582
etanercept,2020-04-01,TAS,242,1,243,0.9958847736625515
etanercept,2020-05-01,TAS,253,6,259,0.9768339768339769
etanercept,2020-06-01,TAS,229,10,239,0.9581589958158996
etanercept,2020-07-01,TAS,241,6,247,0.9757085020242915
etanercept,2020-08-01,TAS,281,0,281,1
etanercept,2020-09-01,TAS,242,4,246,0.983739837398374
etanercept,2020-10-01,TAS,330,6,336,0.9821428571428571
etanercept,2020-11-01,TAS,292,10,302,0.9668874172185431
etanercept,2020-12-01,TAS,269,7,276,0.9746376811594203
etanercept,2021-01-01,TAS,260,7,267,0.9737827715355806
etanercept,2021-02-01,TAS,266,7,273,0.9743589743589743
etanercept,2021-03-01,TAS,207,6,213,0.971830985915493
etanercept,2021-04-01,TAS,277,9,286,0.9685314685314685
etanercept,2021-05-01,TAS,216,3,219,0.9863013698630136
etanercept,2021-06-01,TAS,229,6,235,0.9744680851063829
etanercept,2021-07-01,TAS,282,8,290,0.9724137931034482
etanercept,2021-08-01,TAS,242,12,254,0.952755905511811
etanercept,2021-09-01,TAS,251,8,259,0.9691119691119691
etanercept,2021-10-01,TAS,266,11,277,0.9602888086642599
etanercept,2021-11-01,TAS,221,6,227,0.973568281938326
etanercept,2021-12-01,TAS,256,6,262,0.9770992366412213
etanercept,2022-01-01,TAS,253,8,261,0.9693486590038314
etanercept,2022-02-01,TAS,229,7,236,0.9703389830508474
etanercept,2022-03-01,TAS,290,5,295,0.9830508474576272
etanercept,2022-04-01,TAS,286,8,294,0.9727891156462585
etanercept,2022-05-01,TAS,280,9,289,0.9688581314878892
etanercept,2022-06-01,TAS,316,10,326,0.9693251533742331
etanercept,2009-01-01,VIC,0,888,888,0
etanercept,2009-02-01,VIC,0,976,976,0
etanercept,2009-03-01,VIC,0,1114,1114,0
etanercept,2009-04-01,VIC,0,1115,1115,0
etanercept,2009-05-01,VIC,0,1116,1116,0
etanercept,2009-06-01,VIC,0,915,915,0
etanercept,2009-07-01,VIC,0,1025,1025,0
etanercept,2009-08-01,VIC,0,912,912,0
etanercept,2009-09-01,VIC,0,949,949,0
etanercept,2009-10-01,VIC,0,929,929,0
etanercept,2009-11-01,VIC,0,1479,1479,0
etanercept,2009-12-01,VIC,0,991,991,0
etanercept,2010-01-01,VIC,0,1474,1474,0
etanercept,2010-02-01,VIC,0,1015,1015,0
etanercept,2010-03-01,VIC,0,1288,1288,0
etanercept,2010-04-01,VIC,0,901,901,0
etanercept,2010-05-01,VIC,0,1240,1240,0
etanercept,2010-06-01,VIC,0,1162,1162,0
etanercept,2010-07-01,VIC,0,1163,1163,0
etanercept,2010-08-01,VIC,0,1060,1060,0
etanercept,2010-09-01,VIC,0,1087,1087,0
etanercept,2010-10-01,VIC,0,1180,1180,0
etanercept,2010-11-01,VIC,0,1237,1237,0
etanercept,2010-12-01,VIC,0,918,918,0
etanercept,2011-01-01,VIC,0,1139,1139,0
etanercept,2011-02-01,VIC,0,1056,1056,0
etanercept,2011-03-01,VIC,0,1290,1290,0
etanercept,2011-04-01,VIC,0,1137,1137,0
etanercept,2011-05-01,VIC,0,1137,1137,0
etanercept,2011-06-01,VIC,0,1126,1126,0
etanercept,2011-07-01,VIC,0,1307,1307,0
etanercept,2011-08-01,VIC,0,1191,1191,0
etanercept,2011-09-01,VIC,0,1125,1125,0
etanercept,2011-10-01,VIC,0,1075,1075,0
etanercept,2011-11-01,VIC,0,984,984,0
etanercept,2011-12-01,VIC,0,736,736,0
etanercept,2012-01-01,VIC,0,1141,1141,0
etanercept,2012-02-01,VIC,0,845,845,0
etanercept,2012-03-01,VIC,0,1093,1093,0
etanercept,2012-04-01,VIC,0,1317,1317,0
etanercept,2012-05-01,VIC,0,1676,1676,0
etanercept,2012-06-01,VIC,0,2065,2065,0
etanercept,2012-07-01,VIC,0,1400,1400,0
etanercept,2012-08-01,VIC,0,1287,1287,0
etanercept,2012-09-01,VIC,0,1714,1714,0
etanercept,2012-10-01,VIC,0,1557,1557,0
etanercept,2012-11-01,VIC,0,1279,1279,0
etanercept,2012-12-01,VIC,0,901,901,0
etanercept,2013-01-01,VIC,0,1537,1537,0
etanercept,2013-02-01,VIC,0,1605,1605,0
etanercept,2013-03-01,VIC,0,685,685,0
etanercept,2013-04-01,VIC,0,1201,1201,0
etanercept,2013-05-01,VIC,0,1279,1279,0
etanercept,2013-06-01,VIC,0,1729,1729,0
etanercept,2013-07-01,VIC,0,1107,1107,0
etanercept,2013-08-01,VIC,0,1491,1491,0
etanercept,2013-09-01,VIC,0,929,929,0
etanercept,2013-10-01,VIC,0,825,825,0
etanercept,2013-11-01,VIC,0,704,704,0
etanercept,2013-12-01,VIC,0,965,965,0
etanercept,2014-01-01,VIC,0,1077,1077,0
etanercept,2014-02-01,VIC,0,842,842,0
etanercept,2014-03-01,VIC,0,3445,3445,0
etanercept,2014-04-01,VIC,0,2921,2921,0
etanercept,2014-05-01,VIC,0,1962,1962,0
etanercept,2014-06-01,VIC,0,2043,2043,0
etanercept,2014-07-01,VIC,0,1405,1405,0
etanercept,2014-08-01,VIC,0,1576,1576,0
etanercept,2014-09-01,VIC,0,1300,1300,0
etanercept,2014-10-01,VIC,0,1351,1351,0
etanercept,2014-11-01,VIC,0,1414,1414,0
etanercept,2014-12-01,VIC,0,1535,1535,0
etanercept,2015-01-01,VIC,0,957,957,0
etanercept,2015-02-01,VIC,0,2509,2509,0
etanercept,2015-03-01,VIC,0,1878,1878,0
etanercept,2015-04-01,VIC,0,1386,1386,0
etanercept,2015-05-01,VIC,0,2942,2942,0
etanercept,2015-06-01,VIC,0,2079,2079,0
etanercept,2015-07-01,VIC,0,2048,2048,0
etanercept,2015-08-01,VIC,0,1662,1662,0
etanercept,2015-09-01,VIC,0,1658,1658,0
etanercept,2015-10-01,VIC,0,1720,1720,0
etanercept,2015-11-01,VIC,0,1664,1664,0
etanercept,2015-12-01,VIC,0,2035,2035,0
etanercept,2016-01-01,VIC,0,1466,1466,0
etanercept,2016-02-01,VIC,0,1628,1628,0
etanercept,2016-03-01,VIC,0,1857,1857,0
etanercept,2016-04-01,VIC,0,1691,1691,0
etanercept,2016-05-01,VIC,0,1690,1690,0
etanercept,2016-06-01,VIC,0,1895,1895,0
etanercept,2016-07-01,VIC,0,1698,1698,0
etanercept,2016-08-01,VIC,0,1766,1766,0
etanercept,2016-09-01,VIC,0,1686,1686,0
etanercept,2016-10-01,VIC,0,1739,1739,0
etanercept,2016-11-01,VIC,0,1764,1764,0
etanercept,2016-12-01,VIC,0,2018,2018,0
etanercept,2017-01-01,VIC,0,1553,1553,0
etanercept,2017-02-01,VIC,0,1641,1641,0
etanercept,2017-03-01,VIC,0,1992,1992,0
etanercept,2017-04-01,VIC,1603,55,1658,0.9668275030156815
etanercept,2017-05-01,VIC,1753,71,1824,0.9610745614035088
etanercept,2017-06-01,VIC,1690,63,1753,0.96406160867085
etanercept,2017-07-01,VIC,1624,59,1683,0.9649435531788473
etanercept,2017-08-01,VIC,1782,76,1858,0.9590958019375673
etanercept,2017-09-01,VIC,1662,52,1714,0.969661610268378
etanercept,2017-10-01,VIC,1757,75,1832,0.959061135371179
etanercept,2017-11-01,VIC,1797,77,1874,0.9589114194236926
etanercept,2017-12-01,VIC,2034,64,2098,0.9694947569113441
etanercept,2018-01-01,VIC,1669,62,1731,0.9641825534373195
etanercept,2018-02-01,VIC,1802,65,1867,0.9651847884306374
etanercept,2018-03-01,VIC,1887,62,1949,0.9681888147768086
etanercept,2018-04-01,VIC,1869,64,1933,0.966890843248836
etanercept,2018-05-01,VIC,1985,70,2055,0.9659367396593674
etanercept,2018-06-01,VIC,1890,58,1948,0.9702258726899384
etanercept,2018-07-01,VIC,1472,50,1522,0.9671484888304862
etanercept,2018-08-01,VIC,2626,76,2702,0.9718726868985936
etanercept,2018-09-01,VIC,1884,58,1942,0.9701338825952626
etanercept,2018-10-01,VIC,1845,55,1900,0.9710526315789474
etanercept,2018-11-01,VIC,1996,76,2072,0.9633204633204633
etanercept,2018-12-01,VIC,2344,62,2406,0.9742310889443059
etanercept,2019-01-01,VIC,1900,41,1941,0.9788768675940237
etanercept,2019-02-01,VIC,1966,65,2031,0.9679960610536681
etanercept,2019-03-01,VIC,2207,49,2256,0.9782801418439716
etanercept,2019-04-01,VIC,1849,59,1908,0.9690775681341719
etanercept,2019-05-01,VIC,2121,61,2182,0.9720439963336389
etanercept,2019-06-01,VIC,2160,63,2223,0.97165991902834
etanercept,2019-07-01,VIC,2117,81,2198,0.9631483166515014
etanercept,2019-08-01,VIC,2176,47,2223,0.9788573999100315
etanercept,2019-09-01,VIC,1919,58,1977,0.9706626201315124
etanercept,2019-10-01,VIC,2184,64,2248,0.9715302491103203
etanercept,2019-11-01,VIC,2246,57,2303,0.9752496743378203
etanercept,2019-12-01,VIC,2160,52,2212,0.976491862567812
etanercept,2020-01-01,VIC,1963,54,2017,0.9732275656916212
etanercept,2020-02-01,VIC,2206,49,2255,0.978270509977827
etanercept,2020-03-01,VIC,2202,82,2284,0.9640980735551664
etanercept,2020-04-01,VIC,2162,65,2227,0.9708127525819488
etanercept,2020-05-01,VIC,2000,43,2043,0.9789525208027411
etanercept,2020-06-01,VIC,1981,61,2042,0.9701273261508325
etanercept,2020-07-01,VIC,2368,56,2424,0.976897689768977
etanercept,2020-08-01,VIC,2254,55,2309,0.9761801645734084
etanercept,2020-09-01,VIC,2057,49,2106,0.9767331433998101
etanercept,2020-10-01,VIC,2350,59,2409,0.9755085097550851
etanercept,2020-11-01,VIC,1978,51,2029,0.9748644652538196
etanercept,2020-12-01,VIC,2481,76,2557,0.9702776691435275
etanercept,2021-01-01,VIC,2082,47,2129,0.9779239079379991
etanercept,2021-02-01,VIC,2110,48,2158,0.9777571825764597
etanercept,2021-03-01,VIC,1901,51,1952,0.9738729508196722
etanercept,2021-04-01,VIC,2048,56,2104,0.973384030418251
etanercept,2021-05-01,VIC,2103,46,2149,0.9785946952070731
etanercept,2021-06-01,VIC,2155,42,2197,0.9808830223031406
etanercept,2021-07-01,VIC,2310,44,2354,0.9813084112149533
etanercept,2021-08-01,VIC,2032,53,2085,0.9745803357314149
etanercept,2021-09-01,VIC,2050,44,2094,0.9789875835721108
etanercept,2021-10-01,VIC,2094,43,2137,0.9798783341132429
etanercept,2021-11-01,VIC,2023,24,2047,0.9882755251587689
etanercept,2021-12-01,VIC,2327,73,2400,0.9695833333333334
etanercept,2022-01-01,VIC,2052,32,2084,0.9846449136276392
etanercept,2022-02-01,VIC,1953,37,1990,0.9814070351758793
etanercept,2022-03-01,VIC,2152,49,2201,0.9777373920945025
etanercept,2022-04-01,VIC,2446,33,2479,0.9866881807180314
etanercept,2022-05-01,VIC,2002,46,2048,0.9775390625
etanercept,2022-06-01,VIC,2289,62,2351,0.9736282433007231
etanercept,2009-01-01,WA,0,812,812,0
etanercept,2009-02-01,WA,0,657,657,0
etanercept,2009-03-01,WA,0,642,642,0
etanercept,2009-04-01,WA,0,647,647,0
etanercept,2009-05-01,WA,0,842,842,0
etanercept,2009-06-01,WA,0,874,874,0
etanercept,2009-07-01,WA,0,774,774,0
etanercept,2009-08-01,WA,0,631,631,0
etanercept,2009-09-01,WA,0,738,738,0
etanercept,2009-10-01,WA,0,876,876,0
etanercept,2009-11-01,WA,0,799,799,0
etanercept,2009-12-01,WA,0,735,735,0
etanercept,2010-01-01,WA,0,1229,1229,0
etanercept,2010-02-01,WA,0,841,841,0
etanercept,2010-03-01,WA,0,843,843,0
etanercept,2010-04-01,WA,0,881,881,0
etanercept,2010-05-01,WA,0,938,938,0
etanercept,2010-06-01,WA,0,785,785,0
etanercept,2010-07-01,WA,0,1002,1002,0
etanercept,2010-08-01,WA,0,618,618,0
etanercept,2010-09-01,WA,0,1076,1076,0
etanercept,2010-10-01,WA,0,959,959,0
etanercept,2010-11-01,WA,0,869,869,0
etanercept,2010-12-01,WA,0,666,666,0
etanercept,2011-01-01,WA,0,931,931,0
etanercept,2011-02-01,WA,0,677,677,0
etanercept,2011-03-01,WA,0,1095,1095,0
etanercept,2011-04-01,WA,0,1044,1044,0
etanercept,2011-05-01,WA,0,826,826,0
etanercept,2011-06-01,WA,0,827,827,0
etanercept,2011-07-01,WA,0,1113,1113,0
etanercept,2011-08-01,WA,0,1208,1208,0
etanercept,2011-09-01,WA,0,672,672,0
etanercept,2011-10-01,WA,0,776,776,0
etanercept,2011-11-01,WA,0,1080,1080,0
etanercept,2011-12-01,WA,0,649,649,0
etanercept,2012-01-01,WA,0,811,811,0
etanercept,2012-02-01,WA,0,658,658,0
etanercept,2012-03-01,WA,0,976,976,0
etanercept,2012-04-01,WA,0,1050,1050,0
etanercept,2012-05-01,WA,0,1683,1683,0
etanercept,2012-06-01,WA,0,1949,1949,0
etanercept,2012-07-01,WA,0,901,901,0
etanercept,2012-08-01,WA,0,1420,1420,0
etanercept,2012-09-01,WA,0,1160,1160,0
etanercept,2012-10-01,WA,0,1291,1291,0
etanercept,2012-11-01,WA,0,1264,1264,0
etanercept,2012-12-01,WA,0,918,918,0
etanercept,2013-01-01,WA,0,1181,1181,0
etanercept,2013-02-01,WA,0,960,960,0
etanercept,2013-03-01,WA,0,675,675,0
etanercept,2013-04-01,WA,0,1209,1209,0
etanercept,2013-05-01,WA,0,1379,1379,0
etanercept,2013-06-01,WA,0,968,968,0
etanercept,2013-07-01,WA,0,904,904,0
etanercept,2013-08-01,WA,0,551,551,0
etanercept,2013-09-01,WA,0,828,828,0
etanercept,2013-10-01,WA,0,710,710,0
etanercept,2013-11-01,WA,0,1032,1032,0
etanercept,2013-12-01,WA,0,659,659,0
etanercept,2014-01-01,WA,0,929,929,0
etanercept,2014-02-01,WA,0,822,822,0
etanercept,2014-03-01,WA,0,2331,2331,0
etanercept,2014-04-01,WA,0,2973,2973,0
etanercept,2014-05-01,WA,0,1734,1734,0
etanercept,2014-06-01,WA,0,1315,1315,0
etanercept,2014-07-01,WA,0,1210,1210,0
etanercept,2014-08-01,WA,0,1247,1247,0
etanercept,2014-09-01,WA,0,1142,1142,0
etanercept,2014-10-01,WA,0,1053,1053,0
etanercept,2014-11-01,WA,0,1238,1238,0
etanercept,2014-12-01,WA,0,1015,1015,0
etanercept,2015-01-01,WA,0,1587,1587,0
etanercept,2015-02-01,WA,0,1157,1157,0
etanercept,2015-03-01,WA,0,1237,1237,0
etanercept,2015-04-01,WA,0,1140,1140,0
etanercept,2015-05-01,WA,0,1773,1773,0
etanercept,2015-06-01,WA,0,1462,1462,0
etanercept,2015-07-01,WA,0,1533,1533,0
etanercept,2015-08-01,WA,0,1266,1266,0
etanercept,2015-09-01,WA,0,1229,1229,0
etanercept,2015-10-01,WA,0,1347,1347,0
etanercept,2015-11-01,WA,0,1163,1163,0
etanercept,2015-12-01,WA,0,1284,1284,0
etanercept,2016-01-01,WA,0,1260,1260,0
etanercept,2016-02-01,WA,0,1146,1146,0
etanercept,2016-03-01,WA,0,1267,1267,0
etanercept,2016-04-01,WA,0,1461,1461,0
etanercept,2016-05-01,WA,0,1206,1206,0
etanercept,2016-06-01,WA,0,1184,1184,0
etanercept,2016-07-01,WA,0,1407,1407,0
etanercept,2016-08-01,WA,0,1167,1167,0
etanercept,2016-09-01,WA,0,1226,1226,0
etanercept,2016-10-01,WA,0,1128,1128,0
etanercept,2016-11-01,WA,0,1201,1201,0
etanercept,2016-12-01,WA,0,1362,1362,0
etanercept,2017-01-01,WA,0,1082,1082,0
etanercept,2017-02-01,WA,0,1084,1084,0
etanercept,2017-03-01,WA,0,1320,1320,0
etanercept,2017-04-01,WA,1316,28,1344,0.9791666666666666
etanercept,2017-05-01,WA,1059,32,1091,0.9706691109074244
etanercept,2017-06-01,WA,1251,31,1282,0.9758190327613104
etanercept,2017-07-01,WA,1073,32,1105,0.9710407239819004
etanercept,2017-08-01,WA,1106,38,1144,0.9667832167832168
etanercept,2017-09-01,WA,1133,38,1171,0.9675491033304867
etanercept,2017-10-01,WA,1014,21,1035,0.9797101449275363
etanercept,2017-11-01,WA,1055,33,1088,0.9696691176470589
etanercept,2017-12-01,WA,1319,30,1349,0.977761304670126
etanercept,2018-01-01,WA,1043,22,1065,0.9793427230046948
etanercept,2018-02-01,WA,1030,33,1063,0.9689557855126999
etanercept,2018-03-01,WA,1138,30,1168,0.9743150684931506
etanercept,2018-04-01,WA,1225,33,1258,0.9737678855325914
etanercept,2018-05-01,WA,1092,23,1115,0.979372197309417
etanercept,2018-06-01,WA,1030,26,1056,0.9753787878787878
etanercept,2018-07-01,WA,1126,25,1151,0.9782797567332754
etanercept,2018-08-01,WA,1452,47,1499,0.9686457638425617
etanercept,2018-09-01,WA,1136,30,1166,0.9742710120068611
etanercept,2018-10-01,WA,946,19,965,0.9803108808290155
etanercept,2018-11-01,WA,1209,27,1236,0.9781553398058253
etanercept,2018-12-01,WA,1144,28,1172,0.9761092150170648
etanercept,2019-01-01,WA,1208,29,1237,0.9765561843168957
etanercept,2019-02-01,WA,1105,25,1130,0.9778761061946902
etanercept,2019-03-01,WA,1247,32,1279,0.9749804534792806
etanercept,2019-04-01,WA,1070,21,1091,0.9807516040329972
etanercept,2019-05-01,WA,1103,24,1127,0.9787045252883763
etanercept,2019-06-01,WA,1241,28,1269,0.9779353821907013
etanercept,2019-07-01,WA,991,28,1019,0.97252208047105
etanercept,2019-08-01,WA,1013,24,1037,0.9768563162970106
etanercept,2019-09-01,WA,1299,34,1333,0.9744936234058514
etanercept,2019-10-01,WA,884,19,903,0.9789590254706534
etanercept,2019-11-01,WA,1204,27,1231,0.9780666125101544
etanercept,2019-12-01,WA,898,23,921,0.9750271444082519
etanercept,2020-01-01,WA,1196,29,1225,0.976326530612245
etanercept,2020-02-01,WA,1040,19,1059,0.9820585457979226
etanercept,2020-03-01,WA,1061,25,1086,0.9769797421731123
etanercept,2020-04-01,WA,1192,16,1208,0.9867549668874173
etanercept,2020-05-01,WA,981,19,1000,0.981
etanercept,2020-06-01,WA,986,26,1012,0.974308300395257
etanercept,2020-07-01,WA,1156,22,1178,0.9813242784380306
etanercept,2020-08-01,WA,1111,26,1137,0.9771328056288479
etanercept,2020-09-01,WA,1025,20,1045,0.9808612440191388
etanercept,2020-10-01,WA,1086,17,1103,0.9845874886672711
etanercept,2020-11-01,WA,1013,23,1036,0.9777992277992278
etanercept,2020-12-01,WA,1045,20,1065,0.9812206572769953
etanercept,2021-01-01,WA,1116,22,1138,0.9806678383128296
etanercept,2021-02-01,WA,1141,32,1173,0.9727195225916454
etanercept,2021-03-01,WA,863,12,875,0.9862857142857143
etanercept,2021-04-01,WA,1131,18,1149,0.9843342036553525
etanercept,2021-05-01,WA,986,21,1007,0.9791459781529295
etanercept,2021-06-01,WA,1025,15,1040,0.9855769230769231
etanercept,2021-07-01,WA,1181,23,1204,0.9808970099667774
etanercept,2021-08-01,WA,974,15,989,0.9848331648129424
etanercept,2021-09-01,WA,1033,15,1048,0.9856870229007634
etanercept,2021-10-01,WA,1010,17,1027,0.9834469328140214
etanercept,2021-11-01,WA,1022,16,1038,0.9845857418111753
etanercept,2021-12-01,WA,1040,18,1058,0.9829867674858223
etanercept,2022-01-01,WA,1094,16,1110,0.9855855855855856
etanercept,2022-02-01,WA,880,4,884,0.995475113122172
etanercept,2022-03-01,WA,1038,9,1047,0.9914040114613181
etanercept,2022-04-01,WA,1246,11,1257,0.9912490055688147
etanercept,2022-05-01,WA,1089,17,1106,0.984629294755877
etanercept,2022-06-01,WA,1121,7,1128,0.9937943262411347
infliximab,2009-01-01,ACT,0,0,0,0
infliximab,2009-02-01,ACT,0,0,0,0
infliximab,2009-03-01,ACT,0,0,0,0
infliximab,2009-04-01,ACT,0,1,1,0
infliximab,2009-05-01,ACT,0,0,0,0
infliximab,2009-06-01,ACT,0,2,2,0
infliximab,2009-07-01,ACT,0,1,1,0
infliximab,2009-08-01,ACT,0,0,0,0
infliximab,2009-09-01,ACT,0,1,1,0
infliximab,2009-10-01,ACT,0,0,0,0
infliximab,2009-11-01,ACT,0,1,1,0
infliximab,2009-12-01,ACT,0,1,1,0
infliximab,2010-01-01,ACT,0,1,1,0
infliximab,2010-02-01,ACT,0,0,0,0
infliximab,2010-03-01,ACT,0,1,1,0
infliximab,2010-04-01,ACT,0,0,0,0
infliximab,2010-05-01,ACT,0,1,1,0
infliximab,2010-06-01,ACT,0,1,1,0
infliximab,2010-07-01,ACT,0,0,0,0
infliximab,2010-08-01,ACT,0,1,1,0
infliximab,2010-09-01,ACT,0,1,1,0
infliximab,2010-10-01,ACT,0,3,3,0
infliximab,2010-11-01,ACT,0,1,1,0
infliximab,2010-12-01,ACT,0,0,0,0
infliximab,2011-01-01,ACT,0,1,1,0
infliximab,2011-02-01,ACT,0,1,1,0
infliximab,2011-03-01,ACT,0,1,1,0
infliximab,2011-04-01,ACT,0,0,0,0
infliximab,2011-05-01,ACT,0,3,3,0
infliximab,2011-06-01,ACT,0,0,0,0
infliximab,2011-07-01,ACT,0,3,3,0
infliximab,2011-08-01,ACT,0,2,2,0
infliximab,2011-09-01,ACT,0,0,0,0
infliximab,2011-10-01,ACT,0,1,1,0
infliximab,2011-11-01,ACT,0,3,3,0
infliximab,2011-12-01,ACT,0,2,2,0
infliximab,2012-01-01,ACT,0,0,0,0
infliximab,2012-02-01,ACT,0,3,3,0
infliximab,2012-03-01,ACT,0,2,2,0
infliximab,2012-04-01,ACT,0,4,4,0
infliximab,2012-05-01,ACT,0,5,5,0
infliximab,2012-06-01,ACT,0,6,6,0
infliximab,2012-07-01,ACT,0,2,2,0
infliximab,2012-08-01,ACT,0,1,1,0
infliximab,2012-09-01,ACT,0,6,6,0
infliximab,2012-10-01,ACT,0,0,0,0
infliximab,2012-11-01,ACT,0,4,4,0
infliximab,2012-12-01,ACT,0,0,0,0
infliximab,2013-01-01,ACT,0,4,4,0
infliximab,2013-02-01,ACT,0,1,1,0
infliximab,2013-03-01,ACT,0,1,1,0
infliximab,2013-04-01,ACT,0,2,2,0
infliximab,2013-05-01,ACT,0,3,3,0
infliximab,2013-06-01,ACT,0,1,1,0
infliximab,2013-07-01,ACT,0,72,72,0
infliximab,2013-08-01,ACT,0,138,138,0
infliximab,2013-09-01,ACT,0,103,103,0
infliximab,2013-10-01,ACT,0,86,86,0
infliximab,2013-11-01,ACT,0,72,72,0
infliximab,2013-12-01,ACT,0,29,29,0
infliximab,2014-01-01,ACT,0,158,158,0
infliximab,2014-02-01,ACT,0,102,102,0
infliximab,2014-03-01,ACT,0,66,66,0
infliximab,2014-04-01,ACT,0,120,120,0
infliximab,2014-05-01,ACT,0,81,81,0
infliximab,2014-06-01,ACT,0,113,113,0
infliximab,2014-07-01,ACT,0,80,80,0
infliximab,2014-08-01,ACT,0,111,111,0
infliximab,2014-09-01,ACT,0,102,102,0
infliximab,2014-10-01,ACT,0,86,86,0
infliximab,2014-11-01,ACT,0,35,35,0
infliximab,2014-12-01,ACT,0,103,103,0
infliximab,2015-01-01,ACT,0,67,67,0
infliximab,2015-02-01,ACT,0,212,212,0
infliximab,2015-03-01,ACT,0,25,25,0
infliximab,2015-04-01,ACT,0,223,223,0
infliximab,2015-05-01,ACT,0,126,126,0
infliximab,2015-06-01,ACT,0,175,175,0
infliximab,2015-07-01,ACT,0,127,127,0
infliximab,2015-08-01,ACT,0,175,175,0
infliximab,2015-09-01,ACT,0,148,148,0
infliximab,2015-10-01,ACT,0,153,153,0
infliximab,2015-11-01,ACT,0,134,134,0
infliximab,2015-12-01,ACT,161,0,161,1
infliximab,2016-01-01,ACT,143,0,143,1
infliximab,2016-02-01,ACT,194,0,194,1
infliximab,2016-03-01,ACT,151,0,151,1
infliximab,2016-04-01,ACT,172,0,172,1
infliximab,2016-05-01,ACT,145,0,145,1
infliximab,2016-06-01,ACT,166,0,166,1
infliximab,2016-07-01,ACT,146,0,146,1
infliximab,2016-08-01,ACT,186,0,186,1
infliximab,2016-09-01,ACT,158,0,158,1
infliximab,2016-10-01,ACT,117,0,117,1
infliximab,2016-11-01,ACT,187,0,187,1
infliximab,2016-12-01,ACT,149,0,149,1
infliximab,2017-01-01,ACT,50,0,50,1
infliximab,2017-02-01,ACT,251,0,251,1
infliximab,2017-03-01,ACT,163,0,163,1
infliximab,2017-04-01,ACT,170,0,170,1
infliximab,2017-05-01,ACT,148,0,148,1
infliximab,2017-06-01,ACT,171,0,171,1
infliximab,2017-07-01,ACT,130,0,130,1
infliximab,2017-08-01,ACT,188,0,188,1
infliximab,2017-09-01,ACT,153,0,153,1
infliximab,2017-10-01,ACT,142,0,142,1
infliximab,2017-11-01,ACT,131,0,131,1
infliximab,2017-12-01,ACT,26,0,26,1
infliximab,2018-01-01,ACT,102,0,102,1
infliximab,2018-02-01,ACT,37,0,37,1
infliximab,2018-03-01,ACT,31,0,31,1
infliximab,2018-04-01,ACT,452,0,452,1
infliximab,2018-05-01,ACT,108,0,108,1
infliximab,2018-06-01,ACT,145,0,145,1
infliximab,2018-07-01,ACT,273,0,273,1
infliximab,2018-08-01,ACT,152,0,152,1
infliximab,2018-09-01,ACT,126,0,126,1
infliximab,2018-10-01,ACT,0,0,0,0
infliximab,2018-11-01,ACT,34,0,34,1
infliximab,2018-12-01,ACT,51,0,51,1
infliximab,2019-01-01,ACT,0,0,0,0
infliximab,2019-02-01,ACT,15,0,15,1
infliximab,2019-03-01,ACT,24,0,24,1
infliximab,2019-04-01,ACT,19,0,19,1
infliximab,2019-05-01,ACT,930,0,930,1
infliximab,2019-06-01,ACT,115,0,115,1
infliximab,2019-07-01,ACT,123,0,123,1
infliximab,2019-08-01,ACT,684,0,684,1
infliximab,2019-09-01,ACT,155,0,155,1
infliximab,2019-10-01,ACT,115,0,115,1
infliximab,2019-11-01,ACT,323,0,323,1
infliximab,2019-12-01,ACT,187,0,187,1
infliximab,2020-01-01,ACT,289,0,289,1
infliximab,2020-02-01,ACT,1,0,1,1
infliximab,2020-03-01,ACT,233,0,233,1
infliximab,2020-04-01,ACT,219,0,219,1
infliximab,2020-05-01,ACT,164,0,164,1
infliximab,2020-06-01,ACT,354,0,354,1
infliximab,2020-07-01,ACT,28,0,28,1
infliximab,2020-08-01,ACT,95,0,95,1
infliximab,2020-09-01,ACT,187,0,187,1
infliximab,2020-10-01,ACT,219,0,219,1
infliximab,2020-11-01,ACT,133,0,133,1
infliximab,2020-12-01,ACT,150,0,150,1
infliximab,2021-01-01,ACT,269,0,269,1
infliximab,2021-02-01,ACT,165,0,165,1
infliximab,2021-03-01,ACT,157,0,157,1
infliximab,2021-04-01,ACT,282,0,282,1
infliximab,2021-05-01,ACT,24,0,24,1
infliximab,2021-06-01,ACT,271,0,271,1
infliximab,2021-07-01,ACT,154,0,154,1
infliximab,2021-08-01,ACT,184,0,184,1
infliximab,2021-09-01,ACT,150,0,150,1
infliximab,2021-10-01,ACT,155,0,155,1
infliximab,2021-11-01,ACT,178,0,178,1
infliximab,2021-12-01,ACT,459,0,459,1
infliximab,2022-01-01,ACT,189,0,189,1
infliximab,2022-02-01,ACT,213,0,213,1
infliximab,2022-03-01,ACT,144,0,144,1
infliximab,2022-04-01,ACT,337,0,337,1
infliximab,2022-05-01,ACT,279,0,279,1
infliximab,2022-06-01,ACT,178,0,178,1
infliximab,2009-01-01,NSW,0,226,226,0
infliximab,2009-02-01,NSW,0,209,209,0
infliximab,2009-03-01,NSW,0,283,283,0
infliximab,2009-04-01,NSW,0,284,284,0
infliximab,2009-05-01,NSW,0,239,239,0
infliximab,2009-06-01,NSW,0,221,221,0
infliximab,2009-07-01,NSW,0,248,248,0
infliximab,2009-08-01,NSW,0,249,249,0
infliximab,2009-09-01,NSW,0,263,263,0
infliximab,2009-10-01,NSW,0,262,262,0
infliximab,2009-11-01,NSW,0,218,218,0
infliximab,2009-12-01,NSW,0,255,255,0
infliximab,2010-01-01,NSW,0,294,294,0
infliximab,2010-02-01,NSW,0,419,419,0
infliximab,2010-03-01,NSW,0,294,294,0
infliximab,2010-04-01,NSW,0,270,270,0
infliximab,2010-05-01,NSW,0,280,280,0
infliximab,2010-06-01,NSW,0,281,281,0
infliximab,2010-07-01,NSW,0,332,332,0
infliximab,2010-08-01,NSW,0,298,298,0
infliximab,2010-09-01,NSW,0,242,242,0
infliximab,2010-10-01,NSW,0,244,244,0
infliximab,2010-11-01,NSW,0,291,291,0
infliximab,2010-12-01,NSW,0,206,206,0
infliximab,2011-01-01,NSW,0,284,284,0
infliximab,2011-02-01,NSW,0,306,306,0
infliximab,2011-03-01,NSW,0,290,290,0
infliximab,2011-04-01,NSW,0,289,289,0
infliximab,2011-05-01,NSW,0,279,279,0
infliximab,2011-06-01,NSW,0,257,257,0
infliximab,2011-07-01,NSW,0,364,364,0
infliximab,2011-08-01,NSW,0,298,298,0
infliximab,2011-09-01,NSW,0,327,327,0
infliximab,2011-10-01,NSW,0,256,256,0
infliximab,2011-11-01,NSW,0,229,229,0
infliximab,2011-12-01,NSW,0,254,254,0
infliximab,2012-01-01,NSW,0,268,268,0
infliximab,2012-02-01,NSW,0,186,186,0
infliximab,2012-03-01,NSW,0,360,360,0
infliximab,2012-04-01,NSW,0,212,212,0
infliximab,2012-05-01,NSW,0,432,432,0
infliximab,2012-06-01,NSW,0,530,530,0
infliximab,2012-07-01,NSW,0,262,262,0
infliximab,2012-08-01,NSW,0,339,339,0
infliximab,2012-09-01,NSW,0,536,536,0
infliximab,2012-10-01,NSW,0,362,362,0
infliximab,2012-11-01,NSW,0,380,380,0
infliximab,2012-12-01,NSW,0,227,227,0
infliximab,2013-01-01,NSW,0,426,426,0
infliximab,2013-02-01,NSW,0,335,335,0
infliximab,2013-03-01,NSW,0,340,340,0
infliximab,2013-04-01,NSW,0,408,408,0
infliximab,2013-05-01,NSW,0,571,571,0
infliximab,2013-06-01,NSW,0,556,556,0
infliximab,2013-07-01,NSW,0,477,477,0
infliximab,2013-08-01,NSW,0,537,537,0
infliximab,2013-09-01,NSW,0,456,456,0
infliximab,2013-10-01,NSW,0,559,559,0
infliximab,2013-11-01,NSW,0,523,523,0
infliximab,2013-12-01,NSW,0,496,496,0
infliximab,2014-01-01,NSW,0,491,491,0
infliximab,2014-02-01,NSW,0,331,331,0
infliximab,2014-03-01,NSW,0,815,815,0
infliximab,2014-04-01,NSW,0,986,986,0
infliximab,2014-05-01,NSW,0,815,815,0
infliximab,2014-06-01,NSW,0,692,692,0
infliximab,2014-07-01,NSW,0,411,411,0
infliximab,2014-08-01,NSW,0,789,789,0
infliximab,2014-09-01,NSW,0,560,560,0
infliximab,2014-10-01,NSW,0,533,533,0
infliximab,2014-11-01,NSW,0,622,622,0
infliximab,2014-12-01,NSW,0,572,572,0
infliximab,2015-01-01,NSW,0,752,752,0
infliximab,2015-02-01,NSW,0,953,953,0
infliximab,2015-03-01,NSW,0,835,835,0
infliximab,2015-04-01,NSW,0,685,685,0
infliximab,2015-05-01,NSW,0,1316,1316,0
infliximab,2015-06-01,NSW,0,779,779,0
infliximab,2015-07-01,NSW,0,1159,1159,0
infliximab,2015-08-01,NSW,0,849,849,0
infliximab,2015-09-01,NSW,0,845,845,0
infliximab,2015-10-01,NSW,0,874,874,0
infliximab,2015-11-01,NSW,0,768,768,0
infliximab,2015-12-01,NSW,891,0,891,1
infliximab,2016-01-01,NSW,811,0,811,1
infliximab,2016-02-01,NSW,1071,0,1071,1
infliximab,2016-03-01,NSW,1003,0,1003,1
infliximab,2016-04-01,NSW,855,0,855,1
infliximab,2016-05-01,NSW,1053,0,1053,1
infliximab,2016-06-01,NSW,1029,1,1030,0.9990291262135922
infliximab,2016-07-01,NSW,964,1,965,0.9989637305699481
infliximab,2016-08-01,NSW,901,0,901,1
infliximab,2016-09-01,NSW,1192,1,1193,0.9991617770326907
infliximab,2016-10-01,NSW,848,2,850,0.9976470588235294
infliximab,2016-11-01,NSW,1117,1,1118,0.9991055456171736
infliximab,2016-12-01,NSW,1005,1,1006,0.9990059642147118
infliximab,2017-01-01,NSW,1091,1,1092,0.9990842490842491
infliximab,2017-02-01,NSW,1064,1,1065,0.9990610328638497
infliximab,2017-03-01,NSW,1108,1,1109,0.9990982867448152
infliximab,2017-04-01,NSW,952,2,954,0.9979035639412998
infliximab,2017-05-01,NSW,1091,0,1091,1
infliximab,2017-06-01,NSW,1186,2,1188,0.9983164983164983
infliximab,2017-07-01,NSW,985,0,985,1
infliximab,2017-08-01,NSW,1248,0,1248,1
infliximab,2017-09-01,NSW,982,0,982,1
infliximab,2017-10-01,NSW,1082,0,1082,1
infliximab,2017-11-01,NSW,1198,1,1199,0.9991659716430359
infliximab,2017-12-01,NSW,1194,0,1194,1
infliximab,2018-01-01,NSW,1135,0,1135,1
infliximab,2018-02-01,NSW,1054,0,1054,1
infliximab,2018-03-01,NSW,1065,0,1065,1
infliximab,2018-04-01,NSW,1076,0,1076,1
infliximab,2018-05-01,NSW,1216,0,1216,1
infliximab,2018-06-01,NSW,1187,0,1187,1
infliximab,2018-07-01,NSW,1160,0,1160,1
infliximab,2018-08-01,NSW,1185,0,1185,1
infliximab,2018-09-01,NSW,1304,0,1304,1
infliximab,2018-10-01,NSW,1181,0,1181,1
infliximab,2018-11-01,NSW,1334,0,1334,1
infliximab,2018-12-01,NSW,1116,0,1116,1
infliximab,2019-01-01,NSW,1329,0,1329,1
infliximab,2019-02-01,NSW,1030,0,1030,1
infliximab,2019-03-01,NSW,1389,0,1389,1
infliximab,2019-04-01,NSW,1163,0,1163,1
infliximab,2019-05-01,NSW,1438,0,1438,1
infliximab,2019-06-01,NSW,1286,0,1286,1
infliximab,2019-07-01,NSW,1400,1,1401,0.9992862241256245
infliximab,2019-08-01,NSW,1283,0,1283,1
infliximab,2019-09-01,NSW,1270,0,1270,1
infliximab,2019-10-01,NSW,1347,0,1347,1
infliximab,2019-11-01,NSW,1232,0,1232,1
infliximab,2019-12-01,NSW,1408,0,1408,1
infliximab,2020-01-01,NSW,1380,0,1380,1
infliximab,2020-02-01,NSW,1406,0,1406,1
infliximab,2020-03-01,NSW,1161,0,1161,1
infliximab,2020-04-01,NSW,1435,0,1435,1
infliximab,2020-05-01,NSW,1418,0,1418,1
infliximab,2020-06-01,NSW,1290,0,1290,1
infliximab,2020-07-01,NSW,1330,0,1330,1
infliximab,2020-08-01,NSW,1503,0,1503,1
infliximab,2020-09-01,NSW,1332,0,1332,1
infliximab,2020-10-01,NSW,1435,0,1435,1
infliximab,2020-11-01,NSW,1206,0,1206,1
infliximab,2020-12-01,NSW,1748,0,1748,1
infliximab,2021-01-01,NSW,1365,0,1365,1
infliximab,2021-02-01,NSW,1141,0,1141,1
infliximab,2021-03-01,NSW,1374,0,1374,1
infliximab,2021-04-01,NSW,1405,0,1405,1
infliximab,2021-05-01,NSW,1966,0,1966,1
infliximab,2021-06-01,NSW,1800,0,1800,1
infliximab,2021-07-01,NSW,1673,1,1674,0.9994026284348865
infliximab,2021-08-01,NSW,1474,0,1474,1
infliximab,2021-09-01,NSW,1539,1,1540,0.9993506493506493
infliximab,2021-10-01,NSW,1640,0,1640,1
infliximab,2021-11-01,NSW,1324,4,1328,0.9969879518072289
infliximab,2021-12-01,NSW,1684,0,1684,1
infliximab,2022-01-01,NSW,1535,0,1535,1
infliximab,2022-02-01,NSW,1634,0,1634,1
infliximab,2022-03-01,NSW,1753,0,1753,1
infliximab,2022-04-01,NSW,1570,0,1570,1
infliximab,2022-05-01,NSW,1723,0,1723,1
infliximab,2022-06-01,NSW,1855,0,1855,1
infliximab,2009-01-01,NT,0,0,0,0
infliximab,2009-02-01,NT,0,2,2,0
infliximab,2009-03-01,NT,0,0,0,0
infliximab,2009-04-01,NT,0,3,3,0
infliximab,2009-05-01,NT,0,2,2,0
infliximab,2009-06-01,NT,0,1,1,0
infliximab,2009-07-01,NT,0,4,4,0
infliximab,2009-08-01,NT,0,4,4,0
infliximab,2009-09-01,NT,0,2,2,0
infliximab,2009-10-01,NT,0,1,1,0
infliximab,2009-11-01,NT,0,2,2,0
infliximab,2009-12-01,NT,0,2,2,0
infliximab,2010-01-01,NT,0,2,2,0
infliximab,2010-02-01,NT,0,2,2,0
infliximab,2010-03-01,NT,0,2,2,0
infliximab,2010-04-01,NT,0,1,1,0
infliximab,2010-05-01,NT,0,3,3,0
infliximab,2010-06-01,NT,0,0,0,0
infliximab,2010-07-01,NT,0,2,2,0
infliximab,2010-08-01,NT,0,4,4,0
infliximab,2010-09-01,NT,0,0,0,0
infliximab,2010-10-01,NT,0,1,1,0
infliximab,2010-11-01,NT,0,3,3,0
infliximab,2010-12-01,NT,0,1,1,0
infliximab,2011-01-01,NT,0,4,4,0
infliximab,2011-02-01,NT,0,1,1,0
infliximab,2011-03-01,NT,0,2,2,0
infliximab,2011-04-01,NT,0,2,2,0
infliximab,2011-05-01,NT,0,2,2,0
infliximab,2011-06-01,NT,0,0,0,0
infliximab,2011-07-01,NT,0,1,1,0
infliximab,2011-08-01,NT,0,0,0,0
infliximab,2011-09-01,NT,0,1,1,0
infliximab,2011-10-01,NT,0,1,1,0
infliximab,2011-11-01,NT,0,2,2,0
infliximab,2011-12-01,NT,0,0,0,0
infliximab,2012-01-01,NT,0,0,0,0
infliximab,2012-02-01,NT,0,1,1,0
infliximab,2012-03-01,NT,0,1,1,0
infliximab,2012-04-01,NT,0,0,0,0
infliximab,2012-05-01,NT,0,1,1,0
infliximab,2012-06-01,NT,0,2,2,0
infliximab,2012-07-01,NT,0,1,1,0
infliximab,2012-08-01,NT,0,2,2,0
infliximab,2012-09-01,NT,0,0,0,0
infliximab,2012-10-01,NT,0,2,2,0
infliximab,2012-11-01,NT,0,0,0,0
infliximab,2012-12-01,NT,0,1,1,0
infliximab,2013-01-01,NT,0,0,0,0
infliximab,2013-02-01,NT,0,0,0,0
infliximab,2013-03-01,NT,0,4,4,0
infliximab,2013-04-01,NT,0,0,0,0
infliximab,2013-05-01,NT,0,2,2,0
infliximab,2013-06-01,NT,0,0,0,0
infliximab,2013-07-01,NT,0,0,0,0
infliximab,2013-08-01,NT,0,0,0,0
infliximab,2013-09-01,NT,0,2,2,0
infliximab,2013-10-01,NT,0,2,2,0
infliximab,2013-11-01,NT,0,0,0,0
infliximab,2013-12-01,NT,0,3,3,0
infliximab,2014-01-01,NT,0,1,1,0
infliximab,2014-02-01,NT,0,1,1,0
infliximab,2014-03-01,NT,0,52,52,0
infliximab,2014-04-01,NT,0,4,4,0
infliximab,2014-05-01,NT,0,1,1,0
infliximab,2014-06-01,NT,0,50,50,0
infliximab,2014-07-01,NT,0,9,9,0
infliximab,2014-08-01,NT,0,16,16,0
infliximab,2014-09-01,NT,0,2,2,0
infliximab,2014-10-01,NT,0,31,31,0
infliximab,2014-11-01,NT,0,17,17,0
infliximab,2014-12-01,NT,0,4,4,0
infliximab,2015-01-01,NT,0,14,14,0
infliximab,2015-02-01,NT,0,35,35,0
infliximab,2015-03-01,NT,0,6,6,0
infliximab,2015-04-01,NT,0,19,19,0
infliximab,2015-05-01,NT,0,23,23,0
infliximab,2015-06-01,NT,0,26,26,0
infliximab,2015-07-01,NT,0,25,25,0
infliximab,2015-08-01,NT,0,15,15,0
infliximab,2015-09-01,NT,0,22,22,0
infliximab,2015-10-01,NT,0,0,0,0
infliximab,2015-11-01,NT,0,14,14,0
infliximab,2015-12-01,NT,19,0,19,1
infliximab,2016-01-01,NT,18,0,18,1
infliximab,2016-02-01,NT,14,0,14,1
infliximab,2016-03-01,NT,50,0,50,1
infliximab,2016-04-01,NT,10,0,10,1
infliximab,2016-05-01,NT,21,0,21,1
infliximab,2016-06-01,NT,31,0,31,1
infliximab,2016-07-01,NT,11,0,11,1
infliximab,2016-08-01,NT,39,0,39,1
infliximab,2016-09-01,NT,2,0,2,1
infliximab,2016-10-01,NT,15,0,15,1
infliximab,2016-11-01,NT,39,0,39,1
infliximab,2016-12-01,NT,16,0,16,1
infliximab,2017-01-01,NT,21,0,21,1
infliximab,2017-02-01,NT,22,0,22,1
infliximab,2017-03-01,NT,29,0,29,1
infliximab,2017-04-01,NT,4,0,4,1
infliximab,2017-05-01,NT,16,0,16,1
infliximab,2017-06-01,NT,47,0,47,1
infliximab,2017-07-01,NT,24,0,24,1
infliximab,2017-08-01,NT,3,0,3,1
infliximab,2017-09-01,NT,21,0,21,1
infliximab,2017-10-01,NT,22,0,22,1
infliximab,2017-11-01,NT,23,0,23,1
infliximab,2017-12-01,NT,27,0,27,1
infliximab,2018-01-01,NT,43,0,43,1
infliximab,2018-02-01,NT,0,0,0,0
infliximab,2018-03-01,NT,50,0,50,1
infliximab,2018-04-01,NT,2,0,2,1
infliximab,2018-05-01,NT,20,0,20,1
infliximab,2018-06-01,NT,31,0,31,1
infliximab,2018-07-01,NT,44,0,44,1
infliximab,2018-08-01,NT,30,0,30,1
infliximab,2018-09-01,NT,4,0,4,1
infliximab,2018-10-01,NT,30,0,30,1
infliximab,2018-11-01,NT,25,0,25,1
infliximab,2018-12-01,NT,48,0,48,1
infliximab,2019-01-01,NT,4,0,4,1
infliximab,2019-02-01,NT,46,0,46,1
infliximab,2019-03-01,NT,17,0,17,1
infliximab,2019-04-01,NT,30,0,30,1
infliximab,2019-05-01,NT,30,0,30,1
infliximab,2019-06-01,NT,48,0,48,1
infliximab,2019-07-01,NT,8,0,8,1
infliximab,2019-08-01,NT,33,0,33,1
infliximab,2019-09-01,NT,28,0,28,1
infliximab,2019-10-01,NT,34,0,34,1
infliximab,2019-11-01,NT,25,0,25,1
infliximab,2019-12-01,NT,38,0,38,1
infliximab,2020-01-01,NT,84,0,84,1
infliximab,2020-02-01,NT,43,0,43,1
infliximab,2020-03-01,NT,56,0,56,1
infliximab,2020-04-01,NT,8,0,8,1
infliximab,2020-05-01,NT,42,0,42,1
infliximab,2020-06-01,NT,44,0,44,1
infliximab,2020-07-01,NT,53,0,53,1
infliximab,2020-08-01,NT,42,0,42,1
infliximab,2020-09-01,NT,39,1,40,0.975
infliximab,2020-10-01,NT,31,0,31,1
infliximab,2020-11-01,NT,4,0,4,1
infliximab,2020-12-01,NT,49,0,49,1
infliximab,2021-01-01,NT,48,0,48,1
infliximab,2021-02-01,NT,49,0,49,1
infliximab,2021-03-01,NT,3,0,3,1
infliximab,2021-04-01,NT,49,0,49,1
infliximab,2021-05-01,NT,31,0,31,1
infliximab,2021-06-01,NT,42,0,42,1
infliximab,2021-07-01,NT,53,1,54,0.9814814814814815
infliximab,2021-08-01,NT,46,1,47,0.9787234042553191
infliximab,2021-09-01,NT,40,0,40,1
infliximab,2021-10-01,NT,50,1,51,0.9803921568627451
infliximab,2021-11-01,NT,71,1,72,0.9861111111111112
infliximab,2021-12-01,NT,26,0,26,1
infliximab,2022-01-01,NT,53,1,54,0.9814814814814815
infliximab,2022-02-01,NT,66,1,67,0.9850746268656716
infliximab,2022-03-01,NT,49,1,50,0.98
infliximab,2022-04-01,NT,43,0,43,1
infliximab,2022-05-01,NT,17,0,17,1
infliximab,2022-06-01,NT,99,1,100,0.99
infliximab,2009-01-01,QLD,0,171,171,0
infliximab,2009-02-01,QLD,0,183,183,0
infliximab,2009-03-01,QLD,0,152,152,0
infliximab,2009-04-01,QLD,0,211,211,0
infliximab,2009-05-01,QLD,0,266,266,0
infliximab,2009-06-01,QLD,0,151,151,0
infliximab,2009-07-01,QLD,0,183,183,0
infliximab,2009-08-01,QLD,0,213,213,0
infliximab,2009-09-01,QLD,0,170,170,0
infliximab,2009-10-01,QLD,0,209,209,0
infliximab,2009-11-01,QLD,0,176,176,0
infliximab,2009-12-01,QLD,0,202,202,0
infliximab,2010-01-01,QLD,0,219,219,0
infliximab,2010-02-01,QLD,0,258,258,0
infliximab,2010-03-01,QLD,0,161,161,0
infliximab,2010-04-01,QLD,0,170,170,0
infliximab,2010-05-01,QLD,0,198,198,0
infliximab,2010-06-01,QLD,0,223,223,0
infliximab,2010-07-01,QLD,0,250,250,0
infliximab,2010-08-01,QLD,0,152,152,0
infliximab,2010-09-01,QLD,0,221,221,0
infliximab,2010-10-01,QLD,0,186,186,0
infliximab,2010-11-01,QLD,0,172,172,0
infliximab,2010-12-01,QLD,0,126,126,0
infliximab,2011-01-01,QLD,0,279,279,0
infliximab,2011-02-01,QLD,0,315,315,0
infliximab,2011-03-01,QLD,0,211,211,0
infliximab,2011-04-01,QLD,0,293,293,0
infliximab,2011-05-01,QLD,0,224,224,0
infliximab,2011-06-01,QLD,0,227,227,0
infliximab,2011-07-01,QLD,0,278,278,0
infliximab,2011-08-01,QLD,0,266,266,0
infliximab,2011-09-01,QLD,0,204,204,0
infliximab,2011-10-01,QLD,0,256,256,0
infliximab,2011-11-01,QLD,0,262,262,0
infliximab,2011-12-01,QLD,0,235,235,0
infliximab,2012-01-01,QLD,0,282,282,0
infliximab,2012-02-01,QLD,0,196,196,0
infliximab,2012-03-01,QLD,0,320,320,0
infliximab,2012-04-01,QLD,0,227,227,0
infliximab,2012-05-01,QLD,0,250,250,0
infliximab,2012-06-01,QLD,0,318,318,0
infliximab,2012-07-01,QLD,0,287,287,0
infliximab,2012-08-01,QLD,0,270,270,0
infliximab,2012-09-01,QLD,0,428,428,0
infliximab,2012-10-01,QLD,0,209,209,0
infliximab,2012-11-01,QLD,0,315,315,0
infliximab,2012-12-01,QLD,0,252,252,0
infliximab,2013-01-01,QLD,0,352,352,0
infliximab,2013-02-01,QLD,0,205,205,0
infliximab,2013-03-01,QLD,0,344,344,0
infliximab,2013-04-01,QLD,0,271,271,0
infliximab,2013-05-01,QLD,0,313,313,0
infliximab,2013-06-01,QLD,0,382,382,0
infliximab,2013-07-01,QLD,0,289,289,0
infliximab,2013-08-01,QLD,0,306,306,0
infliximab,2013-09-01,QLD,0,329,329,0
infliximab,2013-10-01,QLD,0,404,404,0
infliximab,2013-11-01,QLD,0,217,217,0
infliximab,2013-12-01,QLD,0,449,449,0
infliximab,2014-01-01,QLD,0,293,293,0
infliximab,2014-02-01,QLD,0,406,406,0
infliximab,2014-03-01,QLD,0,327,327,0
infliximab,2014-04-01,QLD,0,401,401,0
infliximab,2014-05-01,QLD,0,493,493,0
infliximab,2014-06-01,QLD,0,402,402,0
infliximab,2014-07-01,QLD,0,405,405,0
infliximab,2014-08-01,QLD,0,350,350,0
infliximab,2014-09-01,QLD,0,346,346,0
infliximab,2014-10-01,QLD,0,412,412,0
infliximab,2014-11-01,QLD,0,373,373,0
infliximab,2014-12-01,QLD,0,348,348,0
infliximab,2015-01-01,QLD,0,459,459,0
infliximab,2015-02-01,QLD,0,494,494,0
infliximab,2015-03-01,QLD,0,416,416,0
infliximab,2015-04-01,QLD,0,320,320,0
infliximab,2015-05-01,QLD,0,728,728,0
infliximab,2015-06-01,QLD,0,543,543,0
infliximab,2015-07-01,QLD,0,512,512,0
infliximab,2015-08-01,QLD,0,508,508,0
infliximab,2015-09-01,QLD,0,531,531,0
infliximab,2015-10-01,QLD,0,559,559,0
infliximab,2015-11-01,QLD,0,426,426,0
infliximab,2015-12-01,QLD,535,0,535,1
infliximab,2016-01-01,QLD,520,0,520,1
infliximab,2016-02-01,QLD,774,0,774,1
infliximab,2016-03-01,QLD,695,1,696,0.9985632183908046
infliximab,2016-04-01,QLD,557,0,557,1
infliximab,2016-05-01,QLD,563,1,564,0.99822695035461
infliximab,2016-06-01,QLD,586,0,586,1
infliximab,2016-07-01,QLD,749,1,750,0.9986666666666667
infliximab,2016-08-01,QLD,511,0,511,1
infliximab,2016-09-01,QLD,554,2,556,0.9964028776978417
infliximab,2016-10-01,QLD,579,1,580,0.9982758620689656
infliximab,2016-11-01,QLD,677,0,677,1
infliximab,2016-12-01,QLD,577,1,578,0.9982698961937716
infliximab,2017-01-01,QLD,439,0,439,1
infliximab,2017-02-01,QLD,1025,1,1026,0.9990253411306043
infliximab,2017-03-01,QLD,775,0,775,1
infliximab,2017-04-01,QLD,574,1,575,0.9982608695652174
infliximab,2017-05-01,QLD,580,0,580,1
infliximab,2017-06-01,QLD,944,1,945,0.9989417989417989
infliximab,2017-07-01,QLD,705,0,705,1
infliximab,2017-08-01,QLD,824,1,825,0.9987878787878788
infliximab,2017-09-01,QLD,749,1,750,0.9986666666666667
infliximab,2017-10-01,QLD,611,2,613,0.9967373572593801
infliximab,2017-11-01,QLD,774,0,774,1
infliximab,2017-12-01,QLD,781,2,783,0.9974457215836526
infliximab,2018-01-01,QLD,679,0,679,1
infliximab,2018-02-01,QLD,840,0,840,1
infliximab,2018-03-01,QLD,635,0,635,1
infliximab,2018-04-01,QLD,678,2,680,0.9970588235294118
infliximab,2018-05-01,QLD,964,0,964,1
infliximab,2018-06-01,QLD,904,1,905,0.9988950276243094
infliximab,2018-07-01,QLD,682,2,684,0.9970760233918129
infliximab,2018-08-01,QLD,769,1,770,0.9987012987012988
infliximab,2018-09-01,QLD,786,1,787,0.9987293519695044
infliximab,2018-10-01,QLD,921,2,923,0.9978331527627302
infliximab,2018-11-01,QLD,725,2,727,0.9972489683631361
infliximab,2018-12-01,QLD,991,1,992,0.998991935483871
infliximab,2019-01-01,QLD,620,2,622,0.9967845659163987
infliximab,2019-02-01,QLD,842,0,842,1
infliximab,2019-03-01,QLD,718,2,720,0.9972222222222222
infliximab,2019-04-01,QLD,641,0,641,1
infliximab,2019-05-01,QLD,1272,2,1274,0.9984301412872841
infliximab,2019-06-01,QLD,774,2,776,0.9974226804123711
infliximab,2019-07-01,QLD,894,3,897,0.9966555183946488
infliximab,2019-08-01,QLD,957,1,958,0.9989561586638831
infliximab,2019-09-01,QLD,972,3,975,0.9969230769230769
infliximab,2019-10-01,QLD,844,2,846,0.9976359338061466
infliximab,2019-11-01,QLD,827,2,829,0.9975874547647768
infliximab,2019-12-01,QLD,1168,1,1169,0.9991445680068435
infliximab,2020-01-01,QLD,860,2,862,0.9976798143851509
infliximab,2020-02-01,QLD,779,0,779,1
infliximab,2020-03-01,QLD,905,1,906,0.9988962472406181
infliximab,2020-04-01,QLD,1111,4,1115,0.9964125560538116
infliximab,2020-05-01,QLD,717,2,719,0.9972183588317107
infliximab,2020-06-01,QLD,941,2,943,0.9978791092258749
infliximab,2020-07-01,QLD,843,2,845,0.9976331360946745
infliximab,2020-08-01,QLD,1002,3,1005,0.9970149253731343
infliximab,2020-09-01,QLD,874,2,876,0.997716894977169
infliximab,2020-10-01,QLD,771,0,771,1
infliximab,2020-11-01,QLD,991,3,994,0.9969818913480886
infliximab,2020-12-01,QLD,1208,1,1209,0.9991728701406121
infliximab,2021-01-01,QLD,1027,4,1031,0.9961202715809894
infliximab,2021-02-01,QLD,935,2,937,0.9978655282817502
infliximab,2021-03-01,QLD,990,0,990,1
infliximab,2021-04-01,QLD,950,0,950,1
infliximab,2021-05-01,QLD,889,1,890,0.998876404494382
infliximab,2021-06-01,QLD,914,1,915,0.9989071038251366
infliximab,2021-07-01,QLD,987,0,987,1
infliximab,2021-08-01,QLD,1043,2,1045,0.9980861244019139
infliximab,2021-09-01,QLD,1095,0,1095,1
infliximab,2021-10-01,QLD,989,2,991,0.9979818365287588
infliximab,2021-11-01,QLD,926,0,926,1
infliximab,2021-12-01,QLD,1333,2,1335,0.998501872659176
infliximab,2022-01-01,QLD,915,1,916,0.9989082969432315
infliximab,2022-02-01,QLD,1084,0,1084,1
infliximab,2022-03-01,QLD,1354,2,1356,0.9985250737463127
infliximab,2022-04-01,QLD,1356,2,1358,0.9985272459499264
infliximab,2022-05-01,QLD,1021,2,1023,0.9980449657869013
infliximab,2022-06-01,QLD,1465,4,1469,0.9972770592239619
infliximab,2009-01-01,SA,0,106,106,0
infliximab,2009-02-01,SA,0,129,129,0
infliximab,2009-03-01,SA,0,97,97,0
infliximab,2009-04-01,SA,0,99,99,0
infliximab,2009-05-01,SA,0,88,88,0
infliximab,2009-06-01,SA,0,81,81,0
infliximab,2009-07-01,SA,0,91,91,0
infliximab,2009-08-01,SA,0,82,82,0
infliximab,2009-09-01,SA,0,95,95,0
infliximab,2009-10-01,SA,0,82,82,0
infliximab,2009-11-01,SA,0,71,71,0
infliximab,2009-12-01,SA,0,99,99,0
infliximab,2010-01-01,SA,0,95,95,0
infliximab,2010-02-01,SA,0,106,106,0
infliximab,2010-03-01,SA,0,80,80,0
infliximab,2010-04-01,SA,0,66,66,0
infliximab,2010-05-01,SA,0,108,108,0
infliximab,2010-06-01,SA,0,107,107,0
infliximab,2010-07-01,SA,0,88,88,0
infliximab,2010-08-01,SA,0,77,77,0
infliximab,2010-09-01,SA,0,100,100,0
infliximab,2010-10-01,SA,0,96,96,0
infliximab,2010-11-01,SA,0,108,108,0
infliximab,2010-12-01,SA,0,112,112,0
infliximab,2011-01-01,SA,0,86,86,0
infliximab,2011-02-01,SA,0,121,121,0
infliximab,2011-03-01,SA,0,92,92,0
infliximab,2011-04-01,SA,0,126,126,0
infliximab,2011-05-01,SA,0,118,118,0
infliximab,2011-06-01,SA,0,117,117,0
infliximab,2011-07-01,SA,0,132,132,0
infliximab,2011-08-01,SA,0,135,135,0
infliximab,2011-09-01,SA,0,151,151,0
infliximab,2011-10-01,SA,0,87,87,0
infliximab,2011-11-01,SA,0,167,167,0
infliximab,2011-12-01,SA,0,96,96,0
infliximab,2012-01-01,SA,0,119,119,0
infliximab,2012-02-01,SA,0,129,129,0
infliximab,2012-03-01,SA,0,158,158,0
infliximab,2012-04-01,SA,0,104,104,0
infliximab,2012-05-01,SA,0,144,144,0
infliximab,2012-06-01,SA,0,169,169,0
infliximab,2012-07-01,SA,0,134,134,0
infliximab,2012-08-01,SA,0,166,166,0
infliximab,2012-09-01,SA,0,144,144,0
infliximab,2012-10-01,SA,0,138,138,0
infliximab,2012-11-01,SA,0,179,179,0
infliximab,2012-12-01,SA,0,75,75,0
infliximab,2013-01-01,SA,0,230,230,0
infliximab,2013-02-01,SA,0,167,167,0
infliximab,2013-03-01,SA,0,170,170,0
infliximab,2013-04-01,SA,0,142,142,0
infliximab,2013-05-01,SA,0,196,196,0
infliximab,2013-06-01,SA,0,127,127,0
infliximab,2013-07-01,SA,0,209,209,0
infliximab,2013-08-01,SA,0,173,173,0
infliximab,2013-09-01,SA,0,236,236,0
infliximab,2013-10-01,SA,0,183,183,0
infliximab,2013-11-01,SA,0,208,208,0
infliximab,2013-12-01,SA,0,193,193,0
infliximab,2014-01-01,SA,0,206,206,0
infliximab,2014-02-01,SA,0,152,152,0
infliximab,2014-03-01,SA,0,212,212,0
infliximab,2014-04-01,SA,0,198,198,0
infliximab,2014-05-01,SA,0,256,256,0
infliximab,2014-06-01,SA,0,235,235,0
infliximab,2014-07-01,SA,0,191,191,0
infliximab,2014-08-01,SA,0,216,216,0
infliximab,2014-09-01,SA,0,217,217,0
infliximab,2014-10-01,SA,0,172,172,0
infliximab,2014-11-01,SA,0,258,258,0
infliximab,2014-12-01,SA,0,161,161,0
infliximab,2015-01-01,SA,0,357,357,0
infliximab,2015-02-01,SA,0,280,280,0
infliximab,2015-03-01,SA,0,259,259,0
infliximab,2015-04-01,SA,0,223,223,0
infliximab,2015-05-01,SA,0,434,434,0
infliximab,2015-06-01,SA,0,188,188,0
infliximab,2015-07-01,SA,0,349,349,0
infliximab,2015-08-01,SA,0,329,329,0
infliximab,2015-09-01,SA,0,318,318,0
infliximab,2015-10-01,SA,0,327,327,0
infliximab,2015-11-01,SA,0,255,255,0
infliximab,2015-12-01,SA,294,0,294,1
infliximab,2016-01-01,SA,347,1,348,0.9971264367816092
infliximab,2016-02-01,SA,194,0,194,1
infliximab,2016-03-01,SA,512,1,513,0.9980506822612085
infliximab,2016-04-01,SA,219,0,219,1
infliximab,2016-05-01,SA,344,0,344,1
infliximab,2016-06-01,SA,176,0,176,1
infliximab,2016-07-01,SA,470,0,470,1
infliximab,2016-08-01,SA,264,0,264,1
infliximab,2016-09-01,SA,370,0,370,1
infliximab,2016-10-01,SA,286,0,286,1
infliximab,2016-11-01,SA,293,0,293,1
infliximab,2016-12-01,SA,239,0,239,1
infliximab,2017-01-01,SA,398,0,398,1
infliximab,2017-02-01,SA,384,0,384,1
infliximab,2017-03-01,SA,460,0,460,1
infliximab,2017-04-01,SA,365,0,365,1
infliximab,2017-05-01,SA,276,0,276,1
infliximab,2017-06-01,SA,369,0,369,1
infliximab,2017-07-01,SA,335,0,335,1
infliximab,2017-08-01,SA,350,0,350,1
infliximab,2017-09-01,SA,350,0,350,1
infliximab,2017-10-01,SA,231,0,231,1
infliximab,2017-11-01,SA,435,0,435,1
infliximab,2017-12-01,SA,392,0,392,1
infliximab,2018-01-01,SA,192,0,192,1
infliximab,2018-02-01,SA,281,0,281,1
infliximab,2018-03-01,SA,538,0,538,1
infliximab,2018-04-01,SA,408,2,410,0.9951219512195122
infliximab,2018-05-01,SA,660,0,660,1
infliximab,2018-06-01,SA,425,0,425,1
infliximab,2018-07-01,SA,283,0,283,1
infliximab,2018-08-01,SA,451,0,451,1
infliximab,2018-09-01,SA,424,0,424,1
infliximab,2018-10-01,SA,385,0,385,1
infliximab,2018-11-01,SA,395,0,395,1
infliximab,2018-12-01,SA,469,1,470,0.997872340425532
infliximab,2019-01-01,SA,387,1,388,0.9974226804123711
infliximab,2019-02-01,SA,307,0,307,1
infliximab,2019-03-01,SA,429,0,429,1
infliximab,2019-04-01,SA,391,2,393,0.9949109414758269
infliximab,2019-05-01,SA,318,0,318,1
infliximab,2019-06-01,SA,622,1,623,0.9983948635634029
infliximab,2019-07-01,SA,484,0,484,1
infliximab,2019-08-01,SA,446,0,446,1
infliximab,2019-09-01,SA,323,0,323,1
infliximab,2019-10-01,SA,542,0,542,1
infliximab,2019-11-01,SA,516,0,516,1
infliximab,2019-12-01,SA,361,0,361,1
infliximab,2020-01-01,SA,585,0,585,1
infliximab,2020-02-01,SA,553,0,553,1
infliximab,2020-03-01,SA,289,0,289,1
infliximab,2020-04-01,SA,448,0,448,1
infliximab,2020-05-01,SA,518,0,518,1
infliximab,2020-06-01,SA,410,0,410,1
infliximab,2020-07-01,SA,527,0,527,1
infliximab,2020-08-01,SA,506,0,506,1
infliximab,2020-09-01,SA,394,0,394,1
infliximab,2020-10-01,SA,497,0,497,1
infliximab,2020-11-01,SA,456,0,456,1
infliximab,2020-12-01,SA,492,0,492,1
infliximab,2021-01-01,SA,502,0,502,1
infliximab,2021-02-01,SA,469,0,469,1
infliximab,2021-03-01,SA,483,0,483,1
infliximab,2021-04-01,SA,520,0,520,1
infliximab,2021-05-01,SA,471,0,471,1
infliximab,2021-06-01,SA,472,0,472,1
infliximab,2021-07-01,SA,490,0,490,1
infliximab,2021-08-01,SA,594,0,594,1
infliximab,2021-09-01,SA,544,1,545,0.998165137614679
infliximab,2021-10-01,SA,541,1,542,0.9981549815498155
infliximab,2021-11-01,SA,448,0,448,1
infliximab,2021-12-01,SA,504,0,504,1
infliximab,2022-01-01,SA,557,1,558,0.9982078853046595
infliximab,2022-02-01,SA,613,0,613,1
infliximab,2022-03-01,SA,513,0,513,1
infliximab,2022-04-01,SA,656,0,656,1
infliximab,2022-05-01,SA,505,0,505,1
infliximab,2022-06-01,SA,632,0,632,1
infliximab,2009-01-01,TAS,0,23,23,0
infliximab,2009-02-01,TAS,0,24,24,0
infliximab,2009-03-01,TAS,0,23,23,0
infliximab,2009-04-01,TAS,0,28,28,0
infliximab,2009-05-01,TAS,0,43,43,0
infliximab,2009-06-01,TAS,0,27,27,0
infliximab,2009-07-01,TAS,0,25,25,0
infliximab,2009-08-01,TAS,0,30,30,0
infliximab,2009-09-01,TAS,0,32,32,0
infliximab,2009-10-01,TAS,0,22,22,0
infliximab,2009-11-01,TAS,0,23,23,0
infliximab,2009-12-01,TAS,0,18,18,0
infliximab,2010-01-01,TAS,0,18,18,0
infliximab,2010-02-01,TAS,0,18,18,0
infliximab,2010-03-01,TAS,0,11,11,0
infliximab,2010-04-01,TAS,0,14,14,0
infliximab,2010-05-01,TAS,0,7,7,0
infliximab,2010-06-01,TAS,0,11,11,0
infliximab,2010-07-01,TAS,0,16,16,0
infliximab,2010-08-01,TAS,0,7,7,0
infliximab,2010-09-01,TAS,0,11,11,0
infliximab,2010-10-01,TAS,0,13,13,0
infliximab,2010-11-01,TAS,0,10,10,0
infliximab,2010-12-01,TAS,0,13,13,0
infliximab,2011-01-01,TAS,0,7,7,0
infliximab,2011-02-01,TAS,0,20,20,0
infliximab,2011-03-01,TAS,0,9,9,0
infliximab,2011-04-01,TAS,0,12,12,0
infliximab,2011-05-01,TAS,0,18,18,0
infliximab,2011-06-01,TAS,0,8,8,0
infliximab,2011-07-01,TAS,0,13,13,0
infliximab,2011-08-01,TAS,0,15,15,0
infliximab,2011-09-01,TAS,0,12,12,0
infliximab,2011-10-01,TAS,0,8,8,0
infliximab,2011-11-01,TAS,0,17,17,0
infliximab,2011-12-01,TAS,0,5,5,0
infliximab,2012-01-01,TAS,0,16,16,0
infliximab,2012-02-01,TAS,0,11,11,0
infliximab,2012-03-01,TAS,0,10,10,0
infliximab,2012-04-01,TAS,0,11,11,0
infliximab,2012-05-01,TAS,0,19,19,0
infliximab,2012-06-01,TAS,0,11,11,0
infliximab,2012-07-01,TAS,0,14,14,0
infliximab,2012-08-01,TAS,0,15,15,0
infliximab,2012-09-01,TAS,0,12,12,0
infliximab,2012-10-01,TAS,0,10,10,0
infliximab,2012-11-01,TAS,0,34,34,0
infliximab,2012-12-01,TAS,0,16,16,0
infliximab,2013-01-01,TAS,0,63,63,0
infliximab,2013-02-01,TAS,0,17,17,0
infliximab,2013-03-01,TAS,0,95,95,0
infliximab,2013-04-01,TAS,0,61,61,0
infliximab,2013-05-01,TAS,0,71,71,0
infliximab,2013-06-01,TAS,0,41,41,0
infliximab,2013-07-01,TAS,0,104,104,0
infliximab,2013-08-01,TAS,0,83,83,0
infliximab,2013-09-01,TAS,0,33,33,0
infliximab,2013-10-01,TAS,0,83,83,0
infliximab,2013-11-01,TAS,0,68,68,0
infliximab,2013-12-01,TAS,0,75,75,0
infliximab,2014-01-01,TAS,0,97,97,0
infliximab,2014-02-01,TAS,0,51,51,0
infliximab,2014-03-01,TAS,0,81,81,0
infliximab,2014-04-01,TAS,0,63,63,0
infliximab,2014-05-01,TAS,0,126,126,0
infliximab,2014-06-01,TAS,0,84,84,0
infliximab,2014-07-01,TAS,0,77,77,0
infliximab,2014-08-01,TAS,0,96,96,0
infliximab,2014-09-01,TAS,0,43,43,0
infliximab,2014-10-01,TAS,0,130,130,0
infliximab,2014-11-01,TAS,0,49,49,0
infliximab,2014-12-01,TAS,0,85,85,0
infliximab,2015-01-01,TAS,0,83,83,0
infliximab,2015-02-01,TAS,0,68,68,0
infliximab,2015-03-01,TAS,0,130,130,0
infliximab,2015-04-01,TAS,0,61,61,0
infliximab,2015-05-01,TAS,0,197,197,0
infliximab,2015-06-01,TAS,0,95,95,0
infliximab,2015-07-01,TAS,0,149,149,0
infliximab,2015-08-01,TAS,0,114,114,0
infliximab,2015-09-01,TAS,0,126,126,0
infliximab,2015-10-01,TAS,0,57,57,0
infliximab,2015-11-01,TAS,0,172,172,0
infliximab,2015-12-01,TAS,110,0,110,1
infliximab,2016-01-01,TAS,144,0,144,1
infliximab,2016-02-01,TAS,127,0,127,1
infliximab,2016-03-01,TAS,59,0,59,1
infliximab,2016-04-01,TAS,133,0,133,1
infliximab,2016-05-01,TAS,197,0,197,1
infliximab,2016-06-01,TAS,134,0,134,1
infliximab,2016-07-01,TAS,118,0,118,1
infliximab,2016-08-01,TAS,121,0,121,1
infliximab,2016-09-01,TAS,154,0,154,1
infliximab,2016-10-01,TAS,131,0,131,1
infliximab,2016-11-01,TAS,110,0,110,1
infliximab,2016-12-01,TAS,153,0,153,1
infliximab,2017-01-01,TAS,106,0,106,1
infliximab,2017-02-01,TAS,140,0,140,1
infliximab,2017-03-01,TAS,85,0,85,1
infliximab,2017-04-01,TAS,174,0,174,1
infliximab,2017-05-01,TAS,88,0,88,1
infliximab,2017-06-01,TAS,204,0,204,1
infliximab,2017-07-01,TAS,141,0,141,1
infliximab,2017-08-01,TAS,120,0,120,1
infliximab,2017-09-01,TAS,157,0,157,1
infliximab,2017-10-01,TAS,130,0,130,1
infliximab,2017-11-01,TAS,153,0,153,1
infliximab,2017-12-01,TAS,174,0,174,1
infliximab,2018-01-01,TAS,135,0,135,1
infliximab,2018-02-01,TAS,128,0,128,1
infliximab,2018-03-01,TAS,139,0,139,1
infliximab,2018-04-01,TAS,112,0,112,1
infliximab,2018-05-01,TAS,135,0,135,1
infliximab,2018-06-01,TAS,136,0,136,1
infliximab,2018-07-01,TAS,149,0,149,1
infliximab,2018-08-01,TAS,140,0,140,1
infliximab,2018-09-01,TAS,183,0,183,1
infliximab,2018-10-01,TAS,166,0,166,1
infliximab,2018-11-01,TAS,137,0,137,1
infliximab,2018-12-01,TAS,181,0,181,1
infliximab,2019-01-01,TAS,117,0,117,1
infliximab,2019-02-01,TAS,136,0,136,1
infliximab,2019-03-01,TAS,141,0,141,1
infliximab,2019-04-01,TAS,155,0,155,1
infliximab,2019-05-01,TAS,125,0,125,1
infliximab,2019-06-01,TAS,195,0,195,1
infliximab,2019-07-01,TAS,139,0,139,1
infliximab,2019-08-01,TAS,147,0,147,1
infliximab,2019-09-01,TAS,138,0,138,1
infliximab,2019-10-01,TAS,146,0,146,1
infliximab,2019-11-01,TAS,111,0,111,1
infliximab,2019-12-01,TAS,150,0,150,1
infliximab,2020-01-01,TAS,208,0,208,1
infliximab,2020-02-01,TAS,165,0,165,1
infliximab,2020-03-01,TAS,127,0,127,1
infliximab,2020-04-01,TAS,211,0,211,1
infliximab,2020-05-01,TAS,142,0,142,1
infliximab,2020-06-01,TAS,168,0,168,1
infliximab,2020-07-01,TAS,251,0,251,1
infliximab,2020-08-01,TAS,75,0,75,1
infliximab,2020-09-01,TAS,176,0,176,1
infliximab,2020-10-01,TAS,191,0,191,1
infliximab,2020-11-01,TAS,163,0,163,1
infliximab,2020-12-01,TAS,185,0,185,1
infliximab,2021-01-01,TAS,186,0,186,1
infliximab,2021-02-01,TAS,140,0,140,1
infliximab,2021-03-01,TAS,176,0,176,1
infliximab,2021-04-01,TAS,243,0,243,1
infliximab,2021-05-01,TAS,142,0,142,1
infliximab,2021-06-01,TAS,176,0,176,1
infliximab,2021-07-01,TAS,196,0,196,1
infliximab,2021-08-01,TAS,162,0,162,1
infliximab,2021-09-01,TAS,196,0,196,1
infliximab,2021-10-01,TAS,99,0,99,1
infliximab,2021-11-01,TAS,255,0,255,1
infliximab,2021-12-01,TAS,225,0,225,1
infliximab,2022-01-01,TAS,185,0,185,1
infliximab,2022-02-01,TAS,204,0,204,1
infliximab,2022-03-01,TAS,147,0,147,1
infliximab,2022-04-01,TAS,126,0,126,1
infliximab,2022-05-01,TAS,255,0,255,1
infliximab,2022-06-01,TAS,283,0,283,1
infliximab,2009-01-01,VIC,0,244,244,0
infliximab,2009-02-01,VIC,0,489,489,0
infliximab,2009-03-01,VIC,0,382,382,0
infliximab,2009-04-01,VIC,0,376,376,0
infliximab,2009-05-01,VIC,0,376,376,0
infliximab,2009-06-01,VIC,0,418,418,0
infliximab,2009-07-01,VIC,0,306,306,0
infliximab,2009-08-01,VIC,0,328,328,0
infliximab,2009-09-01,VIC,0,435,435,0
infliximab,2009-10-01,VIC,0,342,342,0
infliximab,2009-11-01,VIC,0,380,380,0
infliximab,2009-12-01,VIC,0,329,329,0
infliximab,2010-01-01,VIC,0,393,393,0
infliximab,2010-02-01,VIC,0,350,350,0
infliximab,2010-03-01,VIC,0,405,405,0
infliximab,2010-04-01,VIC,0,389,389,0
infliximab,2010-05-01,VIC,0,369,369,0
infliximab,2010-06-01,VIC,0,365,365,0
infliximab,2010-07-01,VIC,0,398,398,0
infliximab,2010-08-01,VIC,0,430,430,0
infliximab,2010-09-01,VIC,0,354,354,0
infliximab,2010-10-01,VIC,0,331,331,0
infliximab,2010-11-01,VIC,0,377,377,0
infliximab,2010-12-01,VIC,0,348,348,0
infliximab,2011-01-01,VIC,0,392,392,0
infliximab,2011-02-01,VIC,0,437,437,0
infliximab,2011-03-01,VIC,0,493,493,0
infliximab,2011-04-01,VIC,0,424,424,0
infliximab,2011-05-01,VIC,0,437,437,0
infliximab,2011-06-01,VIC,0,447,447,0
infliximab,2011-07-01,VIC,0,437,437,0
infliximab,2011-08-01,VIC,0,524,524,0
infliximab,2011-09-01,VIC,0,509,509,0
infliximab,2011-10-01,VIC,0,444,444,0
infliximab,2011-11-01,VIC,0,434,434,0
infliximab,2011-12-01,VIC,0,324,324,0
infliximab,2012-01-01,VIC,0,537,537,0
infliximab,2012-02-01,VIC,0,424,424,0
infliximab,2012-03-01,VIC,0,542,542,0
infliximab,2012-04-01,VIC,0,503,503,0
infliximab,2012-05-01,VIC,0,623,623,0
infliximab,2012-06-01,VIC,0,562,562,0
infliximab,2012-07-01,VIC,0,479,479,0
infliximab,2012-08-01,VIC,0,511,511,0
infliximab,2012-09-01,VIC,0,491,491,0
infliximab,2012-10-01,VIC,0,556,556,0
infliximab,2012-11-01,VIC,0,669,669,0
infliximab,2012-12-01,VIC,0,276,276,0
infliximab,2013-01-01,VIC,0,819,819,0
infliximab,2013-02-01,VIC,0,671,671,0
infliximab,2013-03-01,VIC,0,462,462,0
infliximab,2013-04-01,VIC,0,447,447,0
infliximab,2013-05-01,VIC,0,820,820,0
infliximab,2013-06-01,VIC,0,511,511,0
infliximab,2013-07-01,VIC,0,686,686,0
infliximab,2013-08-01,VIC,0,580,580,0
infliximab,2013-09-01,VIC,0,643,643,0
infliximab,2013-10-01,VIC,0,475,475,0
infliximab,2013-11-01,VIC,0,742,742,0
infliximab,2013-12-01,VIC,0,505,505,0
infliximab,2014-01-01,VIC,0,751,751,0
infliximab,2014-02-01,VIC,0,664,664,0
infliximab,2014-03-01,VIC,0,678,678,0
infliximab,2014-04-01,VIC,0,369,369,0
infliximab,2014-05-01,VIC,0,1196,1196,0
infliximab,2014-06-01,VIC,0,760,760,0
infliximab,2014-07-01,VIC,0,603,603,0
infliximab,2014-08-01,VIC,0,808,808,0
infliximab,2014-09-01,VIC,0,616,616,0
infliximab,2014-10-01,VIC,0,778,778,0
infliximab,2014-11-01,VIC,0,614,614,0
infliximab,2014-12-01,VIC,0,856,856,0
infliximab,2015-01-01,VIC,0,335,335,0
infliximab,2015-02-01,VIC,0,1420,1420,0
infliximab,2015-03-01,VIC,0,968,968,0
infliximab,2015-04-01,VIC,0,512,512,0
infliximab,2015-05-01,VIC,0,1367,1367,0
infliximab,2015-06-01,VIC,0,1267,1267,0
infliximab,2015-07-01,VIC,0,1256,1256,0
infliximab,2015-08-01,VIC,0,725,725,0
infliximab,2015-09-01,VIC,0,919,919,0
infliximab,2015-10-01,VIC,0,761,761,0
infliximab,2015-11-01,VIC,0,671,671,0
infliximab,2015-12-01,VIC,1206,0,1206,1
infliximab,2016-01-01,VIC,733,0,733,1
infliximab,2016-02-01,VIC,1182,1,1183,0.9991546914623838
infliximab,2016-03-01,VIC,1380,1,1381,0.999275887038378
infliximab,2016-04-01,VIC,970,0,970,1
infliximab,2016-05-01,VIC,880,1,881,0.9988649262202043
infliximab,2016-06-01,VIC,1285,0,1285,1
infliximab,2016-07-01,VIC,874,0,874,1
infliximab,2016-08-01,VIC,1307,2,1309,0.998472116119175
infliximab,2016-09-01,VIC,942,0,942,1
infliximab,2016-10-01,VIC,1219,1,1220,0.9991803278688525
infliximab,2016-11-01,VIC,947,0,947,1
infliximab,2016-12-01,VIC,1249,1,1250,0.9992
infliximab,2017-01-01,VIC,995,1,996,0.998995983935743
infliximab,2017-02-01,VIC,1076,0,1076,1
infliximab,2017-03-01,VIC,1656,0,1656,1
infliximab,2017-04-01,VIC,935,1,936,0.9989316239316239
infliximab,2017-05-01,VIC,1111,0,1111,1
infliximab,2017-06-01,VIC,1451,0,1451,1
infliximab,2017-07-01,VIC,1038,0,1038,1
infliximab,2017-08-01,VIC,1232,0,1232,1
infliximab,2017-09-01,VIC,1115,0,1115,1
infliximab,2017-10-01,VIC,1480,0,1480,1
infliximab,2017-11-01,VIC,1121,0,1121,1
infliximab,2017-12-01,VIC,1306,0,1306,1
infliximab,2018-01-01,VIC,1167,0,1167,1
infliximab,2018-02-01,VIC,1464,0,1464,1
infliximab,2018-03-01,VIC,1068,0,1068,1
infliximab,2018-04-01,VIC,1491,0,1491,1
infliximab,2018-05-01,VIC,1520,0,1520,1
infliximab,2018-06-01,VIC,1320,0,1320,1
infliximab,2018-07-01,VIC,1231,0,1231,1
infliximab,2018-08-01,VIC,1305,0,1305,1
infliximab,2018-09-01,VIC,1164,0,1164,1
infliximab,2018-10-01,VIC,1346,0,1346,1
infliximab,2018-11-01,VIC,1413,0,1413,1
infliximab,2018-12-01,VIC,1386,0,1386,1
infliximab,2019-01-01,VIC,1269,0,1269,1
infliximab,2019-02-01,VIC,1463,0,1463,1
infliximab,2019-03-01,VIC,1159,0,1159,1
infliximab,2019-04-01,VIC,1646,0,1646,1
infliximab,2019-05-01,VIC,1459,0,1459,1
infliximab,2019-06-01,VIC,1268,0,1268,1
infliximab,2019-07-01,VIC,1814,0,1814,1
infliximab,2019-08-01,VIC,1393,0,1393,1
infliximab,2019-09-01,VIC,1403,0,1403,1
infliximab,2019-10-01,VIC,1247,0,1247,1
infliximab,2019-11-01,VIC,1205,0,1205,1
infliximab,2019-12-01,VIC,1744,0,1744,1
infliximab,2020-01-01,VIC,1083,0,1083,1
infliximab,2020-02-01,VIC,1656,0,1656,1
infliximab,2020-03-01,VIC,1719,0,1719,1
infliximab,2020-04-01,VIC,1283,0,1283,1
infliximab,2020-05-01,VIC,1631,0,1631,1
infliximab,2020-06-01,VIC,1777,0,1777,1
infliximab,2020-07-01,VIC,1632,0,1632,1
infliximab,2020-08-01,VIC,1415,0,1415,1
infliximab,2020-09-01,VIC,1494,0,1494,1
infliximab,2020-10-01,VIC,1917,0,1917,1
infliximab,2020-11-01,VIC,1295,0,1295,1
infliximab,2020-12-01,VIC,1928,0,1928,1
infliximab,2021-01-01,VIC,1598,0,1598,1
infliximab,2021-02-01,VIC,1362,0,1362,1
infliximab,2021-03-01,VIC,1640,0,1640,1
infliximab,2021-04-01,VIC,1825,0,1825,1
infliximab,2021-05-01,VIC,1773,0,1773,1
infliximab,2021-06-01,VIC,1372,0,1372,1
infliximab,2021-07-01,VIC,1835,0,1835,1
infliximab,2021-08-01,VIC,1699,0,1699,1
infliximab,2021-09-01,VIC,1804,0,1804,1
infliximab,2021-10-01,VIC,1858,0,1858,1
infliximab,2021-11-01,VIC,1752,0,1752,1
infliximab,2021-12-01,VIC,2153,0,2153,1
infliximab,2022-01-01,VIC,1964,0,1964,1
infliximab,2022-02-01,VIC,1256,0,1256,1
infliximab,2022-03-01,VIC,2141,0,2141,1
infliximab,2022-04-01,VIC,1657,0,1657,1
infliximab,2022-05-01,VIC,2208,0,2208,1
infliximab,2022-06-01,VIC,1934,0,1934,1
infliximab,2009-01-01,WA,0,264,264,0
infliximab,2009-02-01,WA,0,151,151,0
infliximab,2009-03-01,WA,0,114,114,0
infliximab,2009-04-01,WA,0,209,209,0
infliximab,2009-05-01,WA,0,201,201,0
infliximab,2009-06-01,WA,0,233,233,0
infliximab,2009-07-01,WA,0,166,166,0
infliximab,2009-08-01,WA,0,161,161,0
infliximab,2009-09-01,WA,0,155,155,0
infliximab,2009-10-01,WA,0,240,240,0
infliximab,2009-11-01,WA,0,80,80,0
infliximab,2009-12-01,WA,0,185,185,0
infliximab,2010-01-01,WA,0,247,247,0
infliximab,2010-02-01,WA,0,173,173,0
infliximab,2010-03-01,WA,0,149,149,0
infliximab,2010-04-01,WA,0,171,171,0
infliximab,2010-05-01,WA,0,154,154,0
infliximab,2010-06-01,WA,0,89,89,0
infliximab,2010-07-01,WA,0,265,265,0
infliximab,2010-08-01,WA,0,69,69,0
infliximab,2010-09-01,WA,0,169,169,0
infliximab,2010-10-01,WA,0,213,213,0
infliximab,2010-11-01,WA,0,161,161,0
infliximab,2010-12-01,WA,0,141,141,0
infliximab,2011-01-01,WA,0,244,244,0
infliximab,2011-02-01,WA,0,137,137,0
infliximab,2011-03-01,WA,0,248,248,0
infliximab,2011-04-01,WA,0,148,148,0
infliximab,2011-05-01,WA,0,202,202,0
infliximab,2011-06-01,WA,0,221,221,0
infliximab,2011-07-01,WA,0,198,198,0
infliximab,2011-08-01,WA,0,294,294,0
infliximab,2011-09-01,WA,0,116,116,0
infliximab,2011-10-01,WA,0,261,261,0
infliximab,2011-11-01,WA,0,223,223,0
infliximab,2011-12-01,WA,0,148,148,0
infliximab,2012-01-01,WA,0,166,166,0
infliximab,2012-02-01,WA,0,154,154,0
infliximab,2012-03-01,WA,0,206,206,0
infliximab,2012-04-01,WA,0,174,174,0
infliximab,2012-05-01,WA,0,452,452,0
infliximab,2012-06-01,WA,0,310,310,0
infliximab,2012-07-01,WA,0,267,267,0
infliximab,2012-08-01,WA,0,248,248,0
infliximab,2012-09-01,WA,0,233,233,0
infliximab,2012-10-01,WA,0,400,400,0
infliximab,2012-11-01,WA,0,183,183,0
infliximab,2012-12-01,WA,0,247,247,0
infliximab,2013-01-01,WA,0,217,217,0
infliximab,2013-02-01,WA,0,268,268,0
infliximab,2013-03-01,WA,0,185,185,0
infliximab,2013-04-01,WA,0,293,293,0
infliximab,2013-05-01,WA,0,300,300,0
infliximab,2013-06-01,WA,0,212,212,0
infliximab,2013-07-01,WA,0,317,317,0
infliximab,2013-08-01,WA,0,237,237,0
infliximab,2013-09-01,WA,0,290,290,0
infliximab,2013-10-01,WA,0,259,259,0
infliximab,2013-11-01,WA,0,217,217,0
infliximab,2013-12-01,WA,0,244,244,0
infliximab,2014-01-01,WA,0,236,236,0
infliximab,2014-02-01,WA,0,281,281,0
infliximab,2014-03-01,WA,0,325,325,0
infliximab,2014-04-01,WA,0,325,325,0
infliximab,2014-05-01,WA,0,376,376,0
infliximab,2014-06-01,WA,0,331,331,0
infliximab,2014-07-01,WA,0,267,267,0
infliximab,2014-08-01,WA,0,299,299,0
infliximab,2014-09-01,WA,0,243,243,0
infliximab,2014-10-01,WA,0,313,313,0
infliximab,2014-11-01,WA,0,294,294,0
infliximab,2014-12-01,WA,0,143,143,0
infliximab,2015-01-01,WA,0,455,455,0
infliximab,2015-02-01,WA,0,221,221,0
infliximab,2015-03-01,WA,0,361,361,0
infliximab,2015-04-01,WA,0,226,226,0
infliximab,2015-05-01,WA,0,718,718,0
infliximab,2015-06-01,WA,0,384,384,0
infliximab,2015-07-01,WA,0,349,349,0
infliximab,2015-08-01,WA,0,420,420,0
infliximab,2015-09-01,WA,0,324,324,0
infliximab,2015-10-01,WA,0,389,389,0
infliximab,2015-11-01,WA,0,363,363,0
infliximab,2015-12-01,WA,357,0,357,1
infliximab,2016-01-01,WA,526,0,526,1
infliximab,2016-02-01,WA,337,0,337,1
infliximab,2016-03-01,WA,439,0,439,1
infliximab,2016-04-01,WA,323,0,323,1
infliximab,2016-05-01,WA,410,0,410,1
infliximab,2016-06-01,WA,363,0,363,1
infliximab,2016-07-01,WA,482,0,482,1
infliximab,2016-08-01,WA,494,0,494,1
infliximab,2016-09-01,WA,361,0,361,1
infliximab,2016-10-01,WA,385,0,385,1
infliximab,2016-11-01,WA,344,0,344,1
infliximab,2016-12-01,WA,488,0,488,1
infliximab,2017-01-01,WA,406,0,406,1
infliximab,2017-02-01,WA,352,0,352,1
infliximab,2017-03-01,WA,552,0,552,1
infliximab,2017-04-01,WA,471,0,471,1
infliximab,2017-05-01,WA,509,0,509,1
infliximab,2017-06-01,WA,448,0,448,1
infliximab,2017-07-01,WA,494,0,494,1
infliximab,2017-08-01,WA,337,0,337,1
infliximab,2017-09-01,WA,479,0,479,1
infliximab,2017-10-01,WA,423,0,423,1
infliximab,2017-11-01,WA,490,0,490,1
infliximab,2017-12-01,WA,402,0,402,1
infliximab,2018-01-01,WA,530,0,530,1
infliximab,2018-02-01,WA,341,0,341,1
infliximab,2018-03-01,WA,527,0,527,1
infliximab,2018-04-01,WA,466,0,466,1
infliximab,2018-05-01,WA,517,0,517,1
infliximab,2018-06-01,WA,429,0,429,1
infliximab,2018-07-01,WA,596,0,596,1
infliximab,2018-08-01,WA,550,0,550,1
infliximab,2018-09-01,WA,488,0,488,1
infliximab,2018-10-01,WA,573,0,573,1
infliximab,2018-11-01,WA,423,0,423,1
infliximab,2018-12-01,WA,458,0,458,1
infliximab,2019-01-01,WA,542,0,542,1
infliximab,2019-02-01,WA,428,0,428,1
infliximab,2019-03-01,WA,629,0,629,1
infliximab,2019-04-01,WA,384,0,384,1
infliximab,2019-05-01,WA,550,0,550,1
infliximab,2019-06-01,WA,604,0,604,1
infliximab,2019-07-01,WA,529,0,529,1
infliximab,2019-08-01,WA,476,1,477,0.9979035639412998
infliximab,2019-09-01,WA,525,0,525,1
infliximab,2019-10-01,WA,524,0,524,1
infliximab,2019-11-01,WA,542,1,543,0.998158379373849
infliximab,2019-12-01,WA,498,0,498,1
infliximab,2020-01-01,WA,576,0,576,1
infliximab,2020-02-01,WA,456,0,456,1
infliximab,2020-03-01,WA,458,0,458,1
infliximab,2020-04-01,WA,729,0,729,1
infliximab,2020-05-01,WA,407,0,407,1
infliximab,2020-06-01,WA,532,0,532,1
infliximab,2020-07-01,WA,607,0,607,1
infliximab,2020-08-01,WA,475,0,475,1
infliximab,2020-09-01,WA,564,0,564,1
infliximab,2020-10-01,WA,664,0,664,1
infliximab,2020-11-01,WA,586,0,586,1
infliximab,2020-12-01,WA,574,0,574,1
infliximab,2021-01-01,WA,670,0,670,1
infliximab,2021-02-01,WA,712,0,712,1
infliximab,2021-03-01,WA,491,0,491,1
infliximab,2021-04-01,WA,709,0,709,1
infliximab,2021-05-01,WA,520,0,520,1
infliximab,2021-06-01,WA,642,0,642,1
infliximab,2021-07-01,WA,779,0,779,1
infliximab,2021-08-01,WA,522,0,522,1
infliximab,2021-09-01,WA,701,0,701,1
infliximab,2021-10-01,WA,785,0,785,1
infliximab,2021-11-01,WA,609,2,611,0.9967266775777414
infliximab,2021-12-01,WA,596,0,596,1
infliximab,2022-01-01,WA,863,1,864,0.9988425925925926
infliximab,2022-02-01,WA,512,0,512,1
infliximab,2022-03-01,WA,898,0,898,1
infliximab,2022-04-01,WA,643,0,643,1
infliximab,2022-05-01,WA,625,0,625,1
infliximab,2022-06-01,WA,764,0,764,1
rituximab,2009-01-01,ACT,0,35,35,0
rituximab,2009-02-01,ACT,0,32,32,0
rituximab,2009-03-01,ACT,0,45,45,0
rituximab,2009-04-01,ACT,0,18,18,0
rituximab,2009-05-01,ACT,0,25,25,0
rituximab,2009-06-01,ACT,0,41,41,0
rituximab,2009-07-01,ACT,0,24,24,0
rituximab,2009-08-01,ACT,0,16,16,0
rituximab,2009-09-01,ACT,0,61,61,0
rituximab,2009-10-01,ACT,0,29,29,0
rituximab,2009-11-01,ACT,0,63,63,0
rituximab,2009-12-01,ACT,0,2,2,0
rituximab,2010-01-01,ACT,0,78,78,0
rituximab,2010-02-01,ACT,0,32,32,0
rituximab,2010-03-01,ACT,0,39,39,0
rituximab,2010-04-01,ACT,0,56,56,0
rituximab,2010-05-01,ACT,0,36,36,0
rituximab,2010-06-01,ACT,0,33,33,0
rituximab,2010-07-01,ACT,0,30,30,0
rituximab,2010-08-01,ACT,0,19,19,0
rituximab,2010-09-01,ACT,0,36,36,0
rituximab,2010-10-01,ACT,0,22,22,0
rituximab,2010-11-01,ACT,0,16,16,0
rituximab,2010-12-01,ACT,0,18,18,0
rituximab,2011-01-01,ACT,0,9,9,0
rituximab,2011-02-01,ACT,0,20,20,0
rituximab,2011-03-01,ACT,0,30,30,0
rituximab,2011-04-01,ACT,0,16,16,0
rituximab,2011-05-01,ACT,0,85,85,0
rituximab,2011-06-01,ACT,0,0,0,0
rituximab,2011-07-01,ACT,0,108,108,0
rituximab,2011-08-01,ACT,0,46,46,0
rituximab,2011-09-01,ACT,0,1,1,0
rituximab,2011-10-01,ACT,0,36,36,0
rituximab,2011-11-01,ACT,0,27,27,0
rituximab,2011-12-01,ACT,0,31,31,0
rituximab,2012-01-01,ACT,0,2,2,0
rituximab,2012-02-01,ACT,0,44,44,0
rituximab,2012-03-01,ACT,0,0,0,0
rituximab,2012-04-01,ACT,0,1,1,0
rituximab,2012-05-01,ACT,0,6,6,0
rituximab,2012-06-01,ACT,0,4,4,0
rituximab,2012-07-01,ACT,0,0,0,0
rituximab,2012-08-01,ACT,0,4,4,0
rituximab,2012-09-01,ACT,0,2,2,0
rituximab,2012-10-01,ACT,0,1,1,0
rituximab,2012-11-01,ACT,0,0,0,0
rituximab,2012-12-01,ACT,0,1,1,0
rituximab,2013-01-01,ACT,0,0,0,0
rituximab,2013-02-01,ACT,0,8,8,0
rituximab,2013-03-01,ACT,0,0,0,0
rituximab,2013-04-01,ACT,0,0,0,0
rituximab,2013-05-01,ACT,0,3,3,0
rituximab,2013-06-01,ACT,0,0,0,0
rituximab,2013-07-01,ACT,0,8,8,0
rituximab,2013-08-01,ACT,0,26,26,0
rituximab,2013-09-01,ACT,0,12,12,0
rituximab,2013-10-01,ACT,0,15,15,0
rituximab,2013-11-01,ACT,0,10,10,0
rituximab,2013-12-01,ACT,0,0,0,0
rituximab,2014-01-01,ACT,0,13,13,0
rituximab,2014-02-01,ACT,0,2,2,0
rituximab,2014-03-01,ACT,0,10,10,0
rituximab,2014-04-01,ACT,0,13,13,0
rituximab,2014-05-01,ACT,0,9,9,0
rituximab,2014-06-01,ACT,0,5,5,0
rituximab,2014-07-01,ACT,0,12,12,0
rituximab,2014-08-01,ACT,0,0,0,0
rituximab,2014-09-01,ACT,0,4,4,0
rituximab,2014-10-01,ACT,0,15,15,0
rituximab,2014-11-01,ACT,0,16,16,0
rituximab,2014-12-01,ACT,0,19,19,0
rituximab,2015-01-01,ACT,0,27,27,0
rituximab,2015-02-01,ACT,0,23,23,0
rituximab,2015-03-01,ACT,0,8,8,0
rituximab,2015-04-01,ACT,0,10,10,0
rituximab,2015-05-01,ACT,0,34,34,0
rituximab,2015-06-01,ACT,0,33,33,0
rituximab,2015-07-01,ACT,0,24,24,0
rituximab,2015-08-01,ACT,0,28,28,0
rituximab,2015-09-01,ACT,0,27,27,0
rituximab,2015-10-01,ACT,0,6,6,0
rituximab,2015-11-01,ACT,0,18,18,0
rituximab,2015-12-01,ACT,0,40,40,0
rituximab,2016-01-01,ACT,0,14,14,0
rituximab,2016-02-01,ACT,0,23,23,0
rituximab,2016-03-01,ACT,0,35,35,0
rituximab,2016-04-01,ACT,0,15,15,0
rituximab,2016-05-01,ACT,0,16,16,0
rituximab,2016-06-01,ACT,0,12,12,0
rituximab,2016-07-01,ACT,0,18,18,0
rituximab,2016-08-01,ACT,0,11,11,0
rituximab,2016-09-01,ACT,0,24,24,0
rituximab,2016-10-01,ACT,0,20,20,0
rituximab,2016-11-01,ACT,0,27,27,0
rituximab,2016-12-01,ACT,0,15,15,0
rituximab,2017-01-01,ACT,0,21,21,0
rituximab,2017-02-01,ACT,0,14,14,0
rituximab,2017-03-01,ACT,0,25,25,0
rituximab,2017-04-01,ACT,0,16,16,0
rituximab,2017-05-01,ACT,0,10,10,0
rituximab,2017-06-01,ACT,0,17,17,0
rituximab,2017-07-01,ACT,0,27,27,0
rituximab,2017-08-01,ACT,0,25,25,0
rituximab,2017-09-01,ACT,0,44,44,0
rituximab,2017-10-01,ACT,0,11,11,0
rituximab,2017-11-01,ACT,0,11,11,0
rituximab,2017-12-01,ACT,0,31,31,0
rituximab,2018-01-01,ACT,0,21,21,0
rituximab,2018-02-01,ACT,0,0,0,0
rituximab,2018-03-01,ACT,0,14,14,0
rituximab,2018-04-01,ACT,0,37,37,0
rituximab,2018-05-01,ACT,0,8,8,0
rituximab,2018-06-01,ACT,0,4,4,0
rituximab,2018-07-01,ACT,0,34,34,0
rituximab,2018-08-01,ACT,0,29,29,0
rituximab,2018-09-01,ACT,0,3,3,0
rituximab,2018-10-01,ACT,0,0,0,0
rituximab,2018-11-01,ACT,0,28,28,0
rituximab,2018-12-01,ACT,0,39,39,0
rituximab,2019-01-01,ACT,0,0,0,0
rituximab,2019-02-01,ACT,0,8,8,0
rituximab,2019-03-01,ACT,0,12,12,0
rituximab,2019-04-01,ACT,0,6,6,0
rituximab,2019-05-01,ACT,0,72,72,0
rituximab,2019-06-01,ACT,0,14,14,0
rituximab,2019-07-01,ACT,0,8,8,0
rituximab,2019-08-01,ACT,0,24,24,0
rituximab,2019-09-01,ACT,0,14,14,0
rituximab,2019-10-01,ACT,0,23,23,0
rituximab,2019-11-01,ACT,0,27,27,0
rituximab,2019-12-01,ACT,0,10,10,0
rituximab,2020-01-01,ACT,0,22,22,0
rituximab,2020-02-01,ACT,0,2,2,0
rituximab,2020-03-01,ACT,0,26,26,0
rituximab,2020-04-01,ACT,0,21,21,0
rituximab,2020-05-01,ACT,0,7,7,0
rituximab,2020-06-01,ACT,6,37,43,0.13953488372093023
rituximab,2020-07-01,ACT,1,10,11,0.09090909090909091
rituximab,2020-08-01,ACT,1,9,10,0.1
rituximab,2020-09-01,ACT,0,17,17,0
rituximab,2020-10-01,ACT,0,14,14,0
rituximab,2020-11-01,ACT,2,11,13,0.15384615384615385
rituximab,2020-12-01,ACT,2,12,14,0.14285714285714285
rituximab,2021-01-01,ACT,2,15,17,0.11764705882352941
rituximab,2021-02-01,ACT,0,22,22,0
rituximab,2021-03-01,ACT,2,21,23,0.08695652173913043
rituximab,2021-04-01,ACT,1,23,24,0.041666666666666664
rituximab,2021-05-01,ACT,0,9,9,0
rituximab,2021-06-01,ACT,0,33,33,0
rituximab,2021-07-01,ACT,1,8,9,0.1111111111111111
rituximab,2021-08-01,ACT,2,21,23,0.08695652173913043
rituximab,2021-09-01,ACT,0,16,16,0
rituximab,2021-10-01,ACT,0,8,8,0
rituximab,2021-11-01,ACT,0,20,20,0
rituximab,2021-12-01,ACT,0,16,16,0
rituximab,2022-01-01,ACT,0,12,12,0
rituximab,2022-02-01,ACT,1,10,11,0.09090909090909091
rituximab,2022-03-01,ACT,1,20,21,0.047619047619047616
rituximab,2022-04-01,ACT,0,21,21,0
rituximab,2022-05-01,ACT,0,22,22,0
rituximab,2022-06-01,ACT,1,15,16,0.0625
rituximab,2009-01-01,NSW,0,1265,1265,0
rituximab,2009-02-01,NSW,0,1182,1182,0
rituximab,2009-03-01,NSW,0,1728,1728,0
rituximab,2009-04-01,NSW,0,1635,1635,0
rituximab,2009-05-01,NSW,0,1307,1307,0
rituximab,2009-06-01,NSW,0,1581,1581,0
rituximab,2009-07-01,NSW,0,1573,1573,0
rituximab,2009-08-01,NSW,0,1330,1330,0
rituximab,2009-09-01,NSW,0,1057,1057,0
rituximab,2009-10-01,NSW,0,1351,1351,0
rituximab,2009-11-01,NSW,0,1105,1105,0
rituximab,2009-12-01,NSW,0,1064,1064,0
rituximab,2010-01-01,NSW,0,1761,1761,0
rituximab,2010-02-01,NSW,0,1421,1421,0
rituximab,2010-03-01,NSW,0,1695,1695,0
rituximab,2010-04-01,NSW,0,955,955,0
rituximab,2010-05-01,NSW,0,1582,1582,0
rituximab,2010-06-01,NSW,0,1395,1395,0
rituximab,2010-07-01,NSW,0,1588,1588,0
rituximab,2010-08-01,NSW,0,1754,1754,0
rituximab,2010-09-01,NSW,0,1451,1451,0
rituximab,2010-10-01,NSW,0,1592,1592,0
rituximab,2010-11-01,NSW,0,1444,1444,0
rituximab,2010-12-01,NSW,0,910,910,0
rituximab,2011-01-01,NSW,0,1417,1417,0
rituximab,2011-02-01,NSW,0,1387,1387,0
rituximab,2011-03-01,NSW,0,1560,1560,0
rituximab,2011-04-01,NSW,0,1591,1591,0
rituximab,2011-05-01,NSW,0,1327,1327,0
rituximab,2011-06-01,NSW,0,1537,1537,0
rituximab,2011-07-01,NSW,0,1875,1875,0
rituximab,2011-08-01,NSW,0,1429,1429,0
rituximab,2011-09-01,NSW,0,1701,1701,0
rituximab,2011-10-01,NSW,0,1211,1211,0
rituximab,2011-11-01,NSW,0,1346,1346,0
rituximab,2011-12-01,NSW,0,829,829,0
rituximab,2012-01-01,NSW,0,1164,1164,0
rituximab,2012-02-01,NSW,0,779,779,0
rituximab,2012-03-01,NSW,0,1273,1273,0
rituximab,2012-04-01,NSW,0,1038,1038,0
rituximab,2012-05-01,NSW,0,2104,2104,0
rituximab,2012-06-01,NSW,0,1287,1287,0
rituximab,2012-07-01,NSW,0,974,974,0
rituximab,2012-08-01,NSW,0,903,903,0
rituximab,2012-09-01,NSW,0,1758,1758,0
rituximab,2012-10-01,NSW,0,1138,1138,0
rituximab,2012-11-01,NSW,0,984,984,0
rituximab,2012-12-01,NSW,0,753,753,0
rituximab,2013-01-01,NSW,0,897,897,0
rituximab,2013-02-01,NSW,0,746,746,0
rituximab,2013-03-01,NSW,0,1247,1247,0
rituximab,2013-04-01,NSW,0,978,978,0
rituximab,2013-05-01,NSW,0,983,983,0
rituximab,2013-06-01,NSW,0,1240,1240,0
rituximab,2013-07-01,NSW,0,894,894,0
rituximab,2013-08-01,NSW,0,945,945,0
rituximab,2013-09-01,NSW,0,1285,1285,0
rituximab,2013-10-01,NSW,0,829,829,0
rituximab,2013-11-01,NSW,0,937,937,0
rituximab,2013-12-01,NSW,0,935,935,0
rituximab,2014-01-01,NSW,0,981,981,0
rituximab,2014-02-01,NSW,0,559,559,0
rituximab,2014-03-01,NSW,0,1410,1410,0
rituximab,2014-04-01,NSW,0,979,979,0
rituximab,2014-05-01,NSW,0,1548,1548,0
rituximab,2014-06-01,NSW,0,1268,1268,0
rituximab,2014-07-01,NSW,0,767,767,0
rituximab,2014-08-01,NSW,0,1071,1071,0
rituximab,2014-09-01,NSW,0,870,870,0
rituximab,2014-10-01,NSW,0,986,986,0
rituximab,2014-11-01,NSW,0,944,944,0
rituximab,2014-12-01,NSW,0,756,756,0
rituximab,2015-01-01,NSW,0,1171,1171,0
rituximab,2015-02-01,NSW,0,1295,1295,0
rituximab,2015-03-01,NSW,0,1585,1585,0
rituximab,2015-04-01,NSW,0,1264,1264,0
rituximab,2015-05-01,NSW,0,1529,1529,0
rituximab,2015-06-01,NSW,0,1169,1169,0
rituximab,2015-07-01,NSW,0,1176,1176,0
rituximab,2015-08-01,NSW,0,1130,1130,0
rituximab,2015-09-01,NSW,0,1055,1055,0
rituximab,2015-10-01,NSW,0,904,904,0
rituximab,2015-11-01,NSW,0,1134,1134,0
rituximab,2015-12-01,NSW,0,1136,1136,0
rituximab,2016-01-01,NSW,0,947,947,0
rituximab,2016-02-01,NSW,0,1020,1020,0
rituximab,2016-03-01,NSW,0,1004,1004,0
rituximab,2016-04-01,NSW,0,974,974,0
rituximab,2016-05-01,NSW,0,1235,1235,0
rituximab,2016-06-01,NSW,0,1341,1341,0
rituximab,2016-07-01,NSW,0,1162,1162,0
rituximab,2016-08-01,NSW,0,1193,1193,0
rituximab,2016-09-01,NSW,0,1180,1180,0
rituximab,2016-10-01,NSW,0,919,919,0
rituximab,2016-11-01,NSW,0,989,989,0
rituximab,2016-12-01,NSW,0,864,864,0
rituximab,2017-01-01,NSW,0,1005,1005,0
rituximab,2017-02-01,NSW,0,1069,1069,0
rituximab,2017-03-01,NSW,0,1280,1280,0
rituximab,2017-04-01,NSW,0,925,925,0
rituximab,2017-05-01,NSW,0,1047,1047,0
rituximab,2017-06-01,NSW,0,1351,1351,0
rituximab,2017-07-01,NSW,0,1042,1042,0
rituximab,2017-08-01,NSW,0,1059,1059,0
rituximab,2017-09-01,NSW,0,1191,1191,0
rituximab,2017-10-01,NSW,0,988,988,0
rituximab,2017-11-01,NSW,0,1192,1192,0
rituximab,2017-12-01,NSW,0,995,995,0
rituximab,2018-01-01,NSW,0,987,987,0
rituximab,2018-02-01,NSW,0,1020,1020,0
rituximab,2018-03-01,NSW,0,1015,1015,0
rituximab,2018-04-01,NSW,0,905,905,0
rituximab,2018-05-01,NSW,0,1314,1314,0
rituximab,2018-06-01,NSW,0,1092,1092,0
rituximab,2018-07-01,NSW,0,1012,1012,0
rituximab,2018-08-01,NSW,0,995,995,0
rituximab,2018-09-01,NSW,0,1062,1062,0
rituximab,2018-10-01,NSW,0,989,989,0
rituximab,2018-11-01,NSW,0,1105,1105,0
rituximab,2018-12-01,NSW,0,991,991,0
rituximab,2019-01-01,NSW,0,863,863,0
rituximab,2019-02-01,NSW,0,906,906,0
rituximab,2019-03-01,NSW,0,962,962,0
rituximab,2019-04-01,NSW,0,839,839,0
rituximab,2019-05-01,NSW,0,1080,1080,0
rituximab,2019-06-01,NSW,0,988,988,0
rituximab,2019-07-01,NSW,0,932,932,0
rituximab,2019-08-01,NSW,0,1131,1131,0
rituximab,2019-09-01,NSW,0,936,936,0
rituximab,2019-10-01,NSW,0,999,999,0
rituximab,2019-11-01,NSW,2,987,989,0.0020222446916076846
rituximab,2019-12-01,NSW,3,1015,1018,0.0029469548133595285
rituximab,2020-01-01,NSW,1,1030,1031,9.699321047526673e-4
rituximab,2020-02-01,NSW,3,1022,1025,0.002926829268292683
rituximab,2020-03-01,NSW,1,915,916,0.001091703056768559
rituximab,2020-04-01,NSW,4,1005,1009,0.003964321110009911
rituximab,2020-05-01,NSW,12,988,1000,0.012
rituximab,2020-06-01,NSW,8,1005,1013,0.007897334649555774
rituximab,2020-07-01,NSW,17,990,1007,0.016881827209533268
rituximab,2020-08-01,NSW,13,930,943,0.013785790031813362
rituximab,2020-09-01,NSW,23,990,1013,0.022704837117472853
rituximab,2020-10-01,NSW,15,1054,1069,0.01403180542563143
rituximab,2020-11-01,NSW,7,892,899,0.00778642936596218
rituximab,2020-12-01,NSW,24,1257,1281,0.01873536299765808
rituximab,2021-01-01,NSW,8,807,815,0.0098159509202454
rituximab,2021-02-01,NSW,24,1013,1037,0.023143683702989394
rituximab,2021-03-01,NSW,22,962,984,0.022357723577235773
rituximab,2021-04-01,NSW,26,1180,1206,0.02155887230514096
rituximab,2021-05-01,NSW,29,904,933,0.031082529474812434
rituximab,2021-06-01,NSW,38,1086,1124,0.033807829181494664
rituximab,2021-07-01,NSW,18,912,930,0.01935483870967742
rituximab,2021-08-01,NSW,49,1036,1085,0.04516129032258064
rituximab,2021-09-01,NSW,30,1072,1102,0.02722323049001815
rituximab,2021-10-01,NSW,32,849,881,0.036322360953461974
rituximab,2021-11-01,NSW,49,838,887,0.0552423900789177
rituximab,2021-12-01,NSW,61,933,994,0.0613682092555332
rituximab,2022-01-01,NSW,29,707,736,0.03940217391304348
rituximab,2022-02-01,NSW,32,758,790,0.04050632911392405
rituximab,2022-03-01,NSW,24,751,775,0.03096774193548387
rituximab,2022-04-01,NSW,37,931,968,0.038223140495867766
rituximab,2022-05-01,NSW,32,883,915,0.034972677595628415
rituximab,2022-06-01,NSW,53,1031,1084,0.048892988929889296
rituximab,2009-01-01,NT,0,18,18,0
rituximab,2009-02-01,NT,0,16,16,0
rituximab,2009-03-01,NT,0,11,11,0
rituximab,2009-04-01,NT,0,37,37,0
rituximab,2009-05-01,NT,0,19,19,0
rituximab,2009-06-01,NT,0,2,2,0
rituximab,2009-07-01,NT,0,12,12,0
rituximab,2009-08-01,NT,0,3,3,0
rituximab,2009-09-01,NT,0,8,8,0
rituximab,2009-10-01,NT,0,8,8,0
rituximab,2009-11-01,NT,0,6,6,0
rituximab,2009-12-01,NT,0,20,20,0
rituximab,2010-01-01,NT,0,28,28,0
rituximab,2010-02-01,NT,0,4,4,0
rituximab,2010-03-01,NT,0,20,20,0
rituximab,2010-04-01,NT,0,0,0,0
rituximab,2010-05-01,NT,0,31,31,0
rituximab,2010-06-01,NT,0,0,0,0
rituximab,2010-07-01,NT,0,21,21,0
rituximab,2010-08-01,NT,0,14,14,0
rituximab,2010-09-01,NT,0,6,6,0
rituximab,2010-10-01,NT,0,23,23,0
rituximab,2010-11-01,NT,0,40,40,0
rituximab,2010-12-01,NT,0,0,0,0
rituximab,2011-01-01,NT,0,55,55,0
rituximab,2011-02-01,NT,0,0,0,0
rituximab,2011-03-01,NT,0,30,30,0
rituximab,2011-04-01,NT,0,32,32,0
rituximab,2011-05-01,NT,0,16,16,0
rituximab,2011-06-01,NT,0,24,24,0
rituximab,2011-07-01,NT,0,0,0,0
rituximab,2011-08-01,NT,0,64,64,0
rituximab,2011-09-01,NT,0,18,18,0
rituximab,2011-10-01,NT,0,0,0,0
rituximab,2011-11-01,NT,0,21,21,0
rituximab,2011-12-01,NT,0,6,6,0
rituximab,2012-01-01,NT,0,9,9,0
rituximab,2012-02-01,NT,0,0,0,0
rituximab,2012-03-01,NT,0,32,32,0
rituximab,2012-04-01,NT,0,13,13,0
rituximab,2012-05-01,NT,0,17,17,0
rituximab,2012-06-01,NT,0,24,24,0
rituximab,2012-07-01,NT,0,20,20,0
rituximab,2012-08-01,NT,0,19,19,0
rituximab,2012-09-01,NT,0,24,24,0
rituximab,2012-10-01,NT,0,14,14,0
rituximab,2012-11-01,NT,0,12,12,0
rituximab,2012-12-01,NT,0,0,0,0
rituximab,2013-01-01,NT,0,26,26,0
rituximab,2013-02-01,NT,0,0,0,0
rituximab,2013-03-01,NT,0,11,11,0
rituximab,2013-04-01,NT,0,0,0,0
rituximab,2013-05-01,NT,0,15,15,0
rituximab,2013-06-01,NT,0,0,0,0
rituximab,2013-07-01,NT,0,6,6,0
rituximab,2013-08-01,NT,0,17,17,0
rituximab,2013-09-01,NT,0,20,20,0
rituximab,2013-10-01,NT,0,5,5,0
rituximab,2013-11-01,NT,0,0,0,0
rituximab,2013-12-01,NT,0,17,17,0
rituximab,2014-01-01,NT,0,12,12,0
rituximab,2014-02-01,NT,0,7,7,0
rituximab,2014-03-01,NT,0,25,25,0
rituximab,2014-04-01,NT,0,16,16,0
rituximab,2014-05-01,NT,0,12,12,0
rituximab,2014-06-01,NT,0,12,12,0
rituximab,2014-07-01,NT,0,6,6,0
rituximab,2014-08-01,NT,0,12,12,0
rituximab,2014-09-01,NT,0,11,11,0
rituximab,2014-10-01,NT,0,9,9,0
rituximab,2014-11-01,NT,0,3,3,0
rituximab,2014-12-01,NT,0,12,12,0
rituximab,2015-01-01,NT,0,12,12,0
rituximab,2015-02-01,NT,0,27,27,0
rituximab,2015-03-01,NT,0,4,4,0
rituximab,2015-04-01,NT,0,8,8,0
rituximab,2015-05-01,NT,0,9,9,0
rituximab,2015-06-01,NT,0,18,18,0
rituximab,2015-07-01,NT,0,9,9,0
rituximab,2015-08-01,NT,0,12,12,0
rituximab,2015-09-01,NT,0,12,12,0
rituximab,2015-10-01,NT,0,0,0,0
rituximab,2015-11-01,NT,0,10,10,0
rituximab,2015-12-01,NT,0,7,7,0
rituximab,2016-01-01,NT,0,8,8,0
rituximab,2016-02-01,NT,0,10,10,0
rituximab,2016-03-01,NT,0,10,10,0
rituximab,2016-04-01,NT,0,1,1,0
rituximab,2016-05-01,NT,0,3,3,0
rituximab,2016-06-01,NT,0,12,12,0
rituximab,2016-07-01,NT,0,0,0,0
rituximab,2016-08-01,NT,0,17,17,0
rituximab,2016-09-01,NT,0,1,1,0
rituximab,2016-10-01,NT,0,7,7,0
rituximab,2016-11-01,NT,0,12,12,0
rituximab,2016-12-01,NT,0,2,2,0
rituximab,2017-01-01,NT,0,9,9,0
rituximab,2017-02-01,NT,0,5,5,0
rituximab,2017-03-01,NT,0,9,9,0
rituximab,2017-04-01,NT,0,0,0,0
rituximab,2017-05-01,NT,0,6,6,0
rituximab,2017-06-01,NT,0,20,20,0
rituximab,2017-07-01,NT,0,9,9,0
rituximab,2017-08-01,NT,0,3,3,0
rituximab,2017-09-01,NT,0,8,8,0
rituximab,2017-10-01,NT,0,23,23,0
rituximab,2017-11-01,NT,0,16,16,0
rituximab,2017-12-01,NT,0,8,8,0
rituximab,2018-01-01,NT,0,16,16,0
rituximab,2018-02-01,NT,0,0,0,0
rituximab,2018-03-01,NT,0,14,14,0
rituximab,2018-04-01,NT,0,1,1,0
rituximab,2018-05-01,NT,0,9,9,0
rituximab,2018-06-01,NT,0,6,6,0
rituximab,2018-07-01,NT,0,12,12,0
rituximab,2018-08-01,NT,0,14,14,0
rituximab,2018-09-01,NT,0,3,3,0
rituximab,2018-10-01,NT,0,13,13,0
rituximab,2018-11-01,NT,0,13,13,0
rituximab,2018-12-01,NT,0,15,15,0
rituximab,2019-01-01,NT,0,1,1,0
rituximab,2019-02-01,NT,0,9,9,0
rituximab,2019-03-01,NT,0,5,5,0
rituximab,2019-04-01,NT,0,12,12,0
rituximab,2019-05-01,NT,0,10,10,0
rituximab,2019-06-01,NT,0,23,23,0
rituximab,2019-07-01,NT,0,3,3,0
rituximab,2019-08-01,NT,0,10,10,0
rituximab,2019-09-01,NT,0,11,11,0
rituximab,2019-10-01,NT,0,9,9,0
rituximab,2019-11-01,NT,0,9,9,0
rituximab,2019-12-01,NT,1,5,6,0.16666666666666666
rituximab,2020-01-01,NT,0,12,12,0
rituximab,2020-02-01,NT,0,6,6,0
rituximab,2020-03-01,NT,0,6,6,0
rituximab,2020-04-01,NT,0,2,2,0
rituximab,2020-05-01,NT,0,11,11,0
rituximab,2020-06-01,NT,0,5,5,0
rituximab,2020-07-01,NT,0,3,3,0
rituximab,2020-08-01,NT,0,3,3,0
rituximab,2020-09-01,NT,0,2,2,0
rituximab,2020-10-01,NT,0,5,5,0
rituximab,2020-11-01,NT,0,1,1,0
rituximab,2020-12-01,NT,0,12,12,0
rituximab,2021-01-01,NT,0,8,8,0
rituximab,2021-02-01,NT,0,7,7,0
rituximab,2021-03-01,NT,0,1,1,0
rituximab,2021-04-01,NT,2,9,11,0.18181818181818182
rituximab,2021-05-01,NT,0,5,5,0
rituximab,2021-06-01,NT,0,6,6,0
rituximab,2021-07-01,NT,1,9,10,0.1
rituximab,2021-08-01,NT,1,11,12,0.08333333333333333
rituximab,2021-09-01,NT,0,6,6,0
rituximab,2021-10-01,NT,0,11,11,0
rituximab,2021-11-01,NT,1,10,11,0.09090909090909091
rituximab,2021-12-01,NT,0,6,6,0
rituximab,2022-01-01,NT,0,9,9,0
rituximab,2022-02-01,NT,0,14,14,0
rituximab,2022-03-01,NT,1,7,8,0.125
rituximab,2022-04-01,NT,1,8,9,0.1111111111111111
rituximab,2022-05-01,NT,0,2,2,0
rituximab,2022-06-01,NT,1,27,28,0.03571428571428571
rituximab,2009-01-01,QLD,0,1226,1226,0
rituximab,2009-02-01,QLD,0,904,904,0
rituximab,2009-03-01,QLD,0,1260,1260,0
rituximab,2009-04-01,QLD,0,1131,1131,0
rituximab,2009-05-01,QLD,0,1415,1415,0
rituximab,2009-06-01,QLD,0,1120,1120,0
rituximab,2009-07-01,QLD,0,1353,1353,0
rituximab,2009-08-01,QLD,0,1087,1087,0
rituximab,2009-09-01,QLD,0,1340,1340,0
rituximab,2009-10-01,QLD,0,1290,1290,0
rituximab,2009-11-01,QLD,0,1297,1297,0
rituximab,2009-12-01,QLD,0,1268,1268,0
rituximab,2010-01-01,QLD,0,1200,1200,0
rituximab,2010-02-01,QLD,0,1231,1231,0
rituximab,2010-03-01,QLD,0,1181,1181,0
rituximab,2010-04-01,QLD,0,1104,1104,0
rituximab,2010-05-01,QLD,0,1076,1076,0
rituximab,2010-06-01,QLD,0,1483,1483,0
rituximab,2010-07-01,QLD,0,1360,1360,0
rituximab,2010-08-01,QLD,0,998,998,0
rituximab,2010-09-01,QLD,0,869,869,0
rituximab,2010-10-01,QLD,0,1288,1288,0
rituximab,2010-11-01,QLD,0,887,887,0
rituximab,2010-12-01,QLD,0,937,937,0
rituximab,2011-01-01,QLD,0,1484,1484,0
rituximab,2011-02-01,QLD,0,1265,1265,0
rituximab,2011-03-01,QLD,0,1139,1139,0
rituximab,2011-04-01,QLD,0,1372,1372,0
rituximab,2011-05-01,QLD,0,1314,1314,0
rituximab,2011-06-01,QLD,0,1169,1169,0
rituximab,2011-07-01,QLD,0,1482,1482,0
rituximab,2011-08-01,QLD,0,1420,1420,0
rituximab,2011-09-01,QLD,0,1321,1321,0
rituximab,2011-10-01,QLD,0,1421,1421,0
rituximab,2011-11-01,QLD,0,1074,1074,0
rituximab,2011-12-01,QLD,0,1419,1419,0
rituximab,2012-01-01,QLD,0,1920,1920,0
rituximab,2012-02-01,QLD,0,873,873,0
rituximab,2012-03-01,QLD,0,1423,1423,0
rituximab,2012-04-01,QLD,0,1114,1114,0
rituximab,2012-05-01,QLD,0,945,945,0
rituximab,2012-06-01,QLD,0,1296,1296,0
rituximab,2012-07-01,QLD,0,1352,1352,0
rituximab,2012-08-01,QLD,0,576,576,0
rituximab,2012-09-01,QLD,0,1404,1404,0
rituximab,2012-10-01,QLD,0,881,881,0
rituximab,2012-11-01,QLD,0,1032,1032,0
rituximab,2012-12-01,QLD,0,716,716,0
rituximab,2013-01-01,QLD,0,1134,1134,0
rituximab,2013-02-01,QLD,0,903,903,0
rituximab,2013-03-01,QLD,0,966,966,0
rituximab,2013-04-01,QLD,0,724,724,0
rituximab,2013-05-01,QLD,0,1049,1049,0
rituximab,2013-06-01,QLD,0,1167,1167,0
rituximab,2013-07-01,QLD,0,793,793,0
rituximab,2013-08-01,QLD,0,1107,1107,0
rituximab,2013-09-01,QLD,0,1037,1037,0
rituximab,2013-10-01,QLD,0,967,967,0
rituximab,2013-11-01,QLD,0,669,669,0
rituximab,2013-12-01,QLD,0,1267,1267,0
rituximab,2014-01-01,QLD,0,978,978,0
rituximab,2014-02-01,QLD,0,1165,1165,0
rituximab,2014-03-01,QLD,0,690,690,0
rituximab,2014-04-01,QLD,0,1571,1571,0
rituximab,2014-05-01,QLD,0,1445,1445,0
rituximab,2014-06-01,QLD,0,1088,1088,0
rituximab,2014-07-01,QLD,0,964,964,0
rituximab,2014-08-01,QLD,0,871,871,0
rituximab,2014-09-01,QLD,0,1036,1036,0
rituximab,2014-10-01,QLD,0,883,883,0
rituximab,2014-11-01,QLD,0,856,856,0
rituximab,2014-12-01,QLD,0,1026,1026,0
rituximab,2015-01-01,QLD,0,1001,1001,0
rituximab,2015-02-01,QLD,0,925,925,0
rituximab,2015-03-01,QLD,0,802,802,0
rituximab,2015-04-01,QLD,0,615,615,0
rituximab,2015-05-01,QLD,0,1592,1592,0
rituximab,2015-06-01,QLD,0,730,730,0
rituximab,2015-07-01,QLD,0,868,868,0
rituximab,2015-08-01,QLD,0,794,794,0
rituximab,2015-09-01,QLD,0,964,964,0
rituximab,2015-10-01,QLD,0,1129,1129,0
rituximab,2015-11-01,QLD,0,583,583,0
rituximab,2015-12-01,QLD,0,894,894,0
rituximab,2016-01-01,QLD,0,963,963,0
rituximab,2016-02-01,QLD,0,828,828,0
rituximab,2016-03-01,QLD,0,988,988,0
rituximab,2016-04-01,QLD,0,951,951,0
rituximab,2016-05-01,QLD,0,679,679,0
rituximab,2016-06-01,QLD,0,726,726,0
rituximab,2016-07-01,QLD,0,1175,1175,0
rituximab,2016-08-01,QLD,0,678,678,0
rituximab,2016-09-01,QLD,0,734,734,0
rituximab,2016-10-01,QLD,0,732,732,0
rituximab,2016-11-01,QLD,0,710,710,0
rituximab,2016-12-01,QLD,0,883,883,0
rituximab,2017-01-01,QLD,0,533,533,0
rituximab,2017-02-01,QLD,0,940,940,0
rituximab,2017-03-01,QLD,0,885,885,0
rituximab,2017-04-01,QLD,0,846,846,0
rituximab,2017-05-01,QLD,0,688,688,0
rituximab,2017-06-01,QLD,0,1082,1082,0
rituximab,2017-07-01,QLD,0,686,686,0
rituximab,2017-08-01,QLD,0,855,855,0
rituximab,2017-09-01,QLD,0,938,938,0
rituximab,2017-10-01,QLD,0,666,666,0
rituximab,2017-11-01,QLD,0,816,816,0
rituximab,2017-12-01,QLD,0,972,972,0
rituximab,2018-01-01,QLD,0,646,646,0
rituximab,2018-02-01,QLD,0,978,978,0
rituximab,2018-03-01,QLD,0,868,868,0
rituximab,2018-04-01,QLD,0,574,574,0
rituximab,2018-05-01,QLD,0,947,947,0
rituximab,2018-06-01,QLD,0,910,910,0
rituximab,2018-07-01,QLD,0,573,573,0
rituximab,2018-08-01,QLD,0,720,720,0
rituximab,2018-09-01,QLD,0,884,884,0
rituximab,2018-10-01,QLD,0,727,727,0
rituximab,2018-11-01,QLD,0,706,706,0
rituximab,2018-12-01,QLD,0,741,741,0
rituximab,2019-01-01,QLD,0,604,604,0
rituximab,2019-02-01,QLD,0,669,669,0
rituximab,2019-03-01,QLD,0,646,646,0
rituximab,2019-04-01,QLD,0,497,497,0
rituximab,2019-05-01,QLD,0,1066,1066,0
rituximab,2019-06-01,QLD,0,779,779,0
rituximab,2019-07-01,QLD,0,645,645,0
rituximab,2019-08-01,QLD,0,812,812,0
rituximab,2019-09-01,QLD,0,802,802,0
rituximab,2019-10-01,QLD,0,642,642,0
rituximab,2019-11-01,QLD,1,720,721,0.0013869625520110957
rituximab,2019-12-01,QLD,3,878,881,0.00340522133938706
rituximab,2020-01-01,QLD,2,715,717,0.002789400278940028
rituximab,2020-02-01,QLD,1,717,718,0.001392757660167131
rituximab,2020-03-01,QLD,3,580,583,0.005145797598627788
rituximab,2020-04-01,QLD,4,740,744,0.005376344086021506
rituximab,2020-05-01,QLD,7,665,672,0.010416666666666666
rituximab,2020-06-01,QLD,12,561,573,0.020942408376963352
rituximab,2020-07-01,QLD,29,716,745,0.038926174496644296
rituximab,2020-08-01,QLD,20,672,692,0.028901734104046242
rituximab,2020-09-01,QLD,16,621,637,0.02511773940345369
rituximab,2020-10-01,QLD,34,699,733,0.04638472032742155
rituximab,2020-11-01,QLD,29,617,646,0.04489164086687306
rituximab,2020-12-01,QLD,42,908,950,0.04421052631578947
rituximab,2021-01-01,QLD,16,720,736,0.021739130434782608
rituximab,2021-02-01,QLD,31,646,677,0.04579025110782865
rituximab,2021-03-01,QLD,47,672,719,0.06536856745479833
rituximab,2021-04-01,QLD,40,579,619,0.06462035541195477
rituximab,2021-05-01,QLD,35,620,655,0.05343511450381679
rituximab,2021-06-01,QLD,21,630,651,0.03225806451612903
rituximab,2021-07-01,QLD,52,672,724,0.0718232044198895
rituximab,2021-08-01,QLD,46,491,537,0.0856610800744879
rituximab,2021-09-01,QLD,33,699,732,0.045081967213114756
rituximab,2021-10-01,QLD,42,594,636,0.0660377358490566
rituximab,2021-11-01,QLD,49,505,554,0.08844765342960288
rituximab,2021-12-01,QLD,55,618,673,0.08172362555720654
rituximab,2022-01-01,QLD,49,461,510,0.09607843137254903
rituximab,2022-02-01,QLD,37,524,561,0.0659536541889483
rituximab,2022-03-01,QLD,55,560,615,0.08943089430894309
rituximab,2022-04-01,QLD,67,636,703,0.0953058321479374
rituximab,2022-05-01,QLD,77,499,576,0.13368055555555555
rituximab,2022-06-01,QLD,90,709,799,0.11264080100125157
rituximab,2009-01-01,SA,0,718,718,0
rituximab,2009-02-01,SA,0,427,427,0
rituximab,2009-03-01,SA,0,474,474,0
rituximab,2009-04-01,SA,0,342,342,0
rituximab,2009-05-01,SA,0,426,426,0
rituximab,2009-06-01,SA,0,391,391,0
rituximab,2009-07-01,SA,0,444,444,0
rituximab,2009-08-01,SA,0,543,543,0
rituximab,2009-09-01,SA,0,448,448,0
rituximab,2009-10-01,SA,0,492,492,0
rituximab,2009-11-01,SA,0,420,420,0
rituximab,2009-12-01,SA,0,429,429,0
rituximab,2010-01-01,SA,0,605,605,0
rituximab,2010-02-01,SA,0,395,395,0
rituximab,2010-03-01,SA,0,586,586,0
rituximab,2010-04-01,SA,0,377,377,0
rituximab,2010-05-01,SA,0,523,523,0
rituximab,2010-06-01,SA,0,451,451,0
rituximab,2010-07-01,SA,0,389,389,0
rituximab,2010-08-01,SA,0,514,514,0
rituximab,2010-09-01,SA,0,535,535,0
rituximab,2010-10-01,SA,0,556,556,0
rituximab,2010-11-01,SA,0,518,518,0
rituximab,2010-12-01,SA,0,615,615,0
rituximab,2011-01-01,SA,0,491,491,0
rituximab,2011-02-01,SA,0,540,540,0
rituximab,2011-03-01,SA,0,611,611,0
rituximab,2011-04-01,SA,0,502,502,0
rituximab,2011-05-01,SA,0,637,637,0
rituximab,2011-06-01,SA,0,561,561,0
rituximab,2011-07-01,SA,0,477,477,0
rituximab,2011-08-01,SA,0,731,731,0
rituximab,2011-09-01,SA,0,492,492,0
rituximab,2011-10-01,SA,0,510,510,0
rituximab,2011-11-01,SA,0,609,609,0
rituximab,2011-12-01,SA,0,473,473,0
rituximab,2012-01-01,SA,0,462,462,0
rituximab,2012-02-01,SA,0,414,414,0
rituximab,2012-03-01,SA,0,591,591,0
rituximab,2012-04-01,SA,0,319,319,0
rituximab,2012-05-01,SA,0,390,390,0
rituximab,2012-06-01,SA,0,362,362,0
rituximab,2012-07-01,SA,0,388,388,0
rituximab,2012-08-01,SA,0,381,381,0
rituximab,2012-09-01,SA,0,278,278,0
rituximab,2012-10-01,SA,0,282,282,0
rituximab,2012-11-01,SA,0,359,359,0
rituximab,2012-12-01,SA,0,115,115,0
rituximab,2013-01-01,SA,0,240,240,0
rituximab,2013-02-01,SA,0,241,241,0
rituximab,2013-03-01,SA,0,233,233,0
rituximab,2013-04-01,SA,0,196,196,0
rituximab,2013-05-01,SA,0,287,287,0
rituximab,2013-06-01,SA,0,161,161,0
rituximab,2013-07-01,SA,0,219,219,0
rituximab,2013-08-01,SA,0,244,244,0
rituximab,2013-09-01,SA,0,336,336,0
rituximab,2013-10-01,SA,0,253,253,0
rituximab,2013-11-01,SA,0,162,162,0
rituximab,2013-12-01,SA,0,264,264,0
rituximab,2014-01-01,SA,0,236,236,0
rituximab,2014-02-01,SA,0,195,195,0
rituximab,2014-03-01,SA,0,276,276,0
rituximab,2014-04-01,SA,0,264,264,0
rituximab,2014-05-01,SA,0,346,346,0
rituximab,2014-06-01,SA,0,336,336,0
rituximab,2014-07-01,SA,0,257,257,0
rituximab,2014-08-01,SA,0,245,245,0
rituximab,2014-09-01,SA,0,271,271,0
rituximab,2014-10-01,SA,0,219,219,0
rituximab,2014-11-01,SA,0,239,239,0
rituximab,2014-12-01,SA,0,184,184,0
rituximab,2015-01-01,SA,0,468,468,0
rituximab,2015-02-01,SA,0,281,281,0
rituximab,2015-03-01,SA,0,328,328,0
rituximab,2015-04-01,SA,0,281,281,0
rituximab,2015-05-01,SA,0,552,552,0
rituximab,2015-06-01,SA,0,229,229,0
rituximab,2015-07-01,SA,0,295,295,0
rituximab,2015-08-01,SA,0,385,385,0
rituximab,2015-09-01,SA,0,294,294,0
rituximab,2015-10-01,SA,0,296,296,0
rituximab,2015-11-01,SA,0,255,255,0
rituximab,2015-12-01,SA,0,290,290,0
rituximab,2016-01-01,SA,0,347,347,0
rituximab,2016-02-01,SA,0,218,218,0
rituximab,2016-03-01,SA,0,559,559,0
rituximab,2016-04-01,SA,0,280,280,0
rituximab,2016-05-01,SA,0,599,599,0
rituximab,2016-06-01,SA,0,163,163,0
rituximab,2016-07-01,SA,0,600,600,0
rituximab,2016-08-01,SA,0,163,163,0
rituximab,2016-09-01,SA,0,368,368,0
rituximab,2016-10-01,SA,0,295,295,0
rituximab,2016-11-01,SA,0,233,233,0
rituximab,2016-12-01,SA,0,262,262,0
rituximab,2017-01-01,SA,0,244,244,0
rituximab,2017-02-01,SA,0,252,252,0
rituximab,2017-03-01,SA,0,449,449,0
rituximab,2017-04-01,SA,0,295,295,0
rituximab,2017-05-01,SA,0,196,196,0
rituximab,2017-06-01,SA,0,283,283,0
rituximab,2017-07-01,SA,0,267,267,0
rituximab,2017-08-01,SA,0,233,233,0
rituximab,2017-09-01,SA,0,258,258,0
rituximab,2017-10-01,SA,0,131,131,0
rituximab,2017-11-01,SA,0,296,296,0
rituximab,2017-12-01,SA,0,211,211,0
rituximab,2018-01-01,SA,0,179,179,0
rituximab,2018-02-01,SA,0,297,297,0
rituximab,2018-03-01,SA,0,379,379,0
rituximab,2018-04-01,SA,0,242,242,0
rituximab,2018-05-01,SA,0,250,250,0
rituximab,2018-06-01,SA,0,183,183,0
rituximab,2018-07-01,SA,0,151,151,0
rituximab,2018-08-01,SA,0,300,300,0
rituximab,2018-09-01,SA,0,221,221,0
rituximab,2018-10-01,SA,0,249,249,0
rituximab,2018-11-01,SA,0,281,281,0
rituximab,2018-12-01,SA,0,247,247,0
rituximab,2019-01-01,SA,0,264,264,0
rituximab,2019-02-01,SA,0,209,209,0
rituximab,2019-03-01,SA,0,229,229,0
rituximab,2019-04-01,SA,0,246,246,0
rituximab,2019-05-01,SA,0,254,254,0
rituximab,2019-06-01,SA,0,512,512,0
rituximab,2019-07-01,SA,0,259,259,0
rituximab,2019-08-01,SA,0,299,299,0
rituximab,2019-09-01,SA,0,156,156,0
rituximab,2019-10-01,SA,0,305,305,0
rituximab,2019-11-01,SA,0,282,282,0
rituximab,2019-12-01,SA,1,243,244,0.004098360655737705
rituximab,2020-01-01,SA,2,269,271,0.007380073800738007
rituximab,2020-02-01,SA,0,213,213,0
rituximab,2020-03-01,SA,1,174,175,0.005714285714285714
rituximab,2020-04-01,SA,1,206,207,0.004830917874396135
rituximab,2020-05-01,SA,3,212,215,0.013953488372093023
rituximab,2020-06-01,SA,5,174,179,0.027932960893854747
rituximab,2020-07-01,SA,11,292,303,0.036303630363036306
rituximab,2020-08-01,SA,5,225,230,0.021739130434782608
rituximab,2020-09-01,SA,9,186,195,0.046153846153846156
rituximab,2020-10-01,SA,6,185,191,0.031413612565445025
rituximab,2020-11-01,SA,8,339,347,0.023054755043227664
rituximab,2020-12-01,SA,7,256,263,0.026615969581749048
rituximab,2021-01-01,SA,1,151,152,0.006578947368421052
rituximab,2021-02-01,SA,6,214,220,0.02727272727272727
rituximab,2021-03-01,SA,5,229,234,0.021367521367521368
rituximab,2021-04-01,SA,6,281,287,0.020905923344947737
rituximab,2021-05-01,SA,4,267,271,0.014760147601476014
rituximab,2021-06-01,SA,6,145,151,0.039735099337748346
rituximab,2021-07-01,SA,5,309,314,0.01592356687898089
rituximab,2021-08-01,SA,5,193,198,0.025252525252525252
rituximab,2021-09-01,SA,7,234,241,0.029045643153526972
rituximab,2021-10-01,SA,8,208,216,0.037037037037037035
rituximab,2021-11-01,SA,12,273,285,0.042105263157894736
rituximab,2021-12-01,SA,14,273,287,0.04878048780487805
rituximab,2022-01-01,SA,11,186,197,0.05583756345177665
rituximab,2022-02-01,SA,10,199,209,0.04784688995215311
rituximab,2022-03-01,SA,10,262,272,0.03676470588235294
rituximab,2022-04-01,SA,12,201,213,0.056338028169014086
rituximab,2022-05-01,SA,17,171,188,0.09042553191489362
rituximab,2022-06-01,SA,19,272,291,0.06529209621993128
rituximab,2009-01-01,TAS,0,176,176,0
rituximab,2009-02-01,TAS,0,207,207,0
rituximab,2009-03-01,TAS,0,105,105,0
rituximab,2009-04-01,TAS,0,149,149,0
rituximab,2009-05-01,TAS,0,158,158,0
rituximab,2009-06-01,TAS,0,194,194,0
rituximab,2009-07-01,TAS,0,153,153,0
rituximab,2009-08-01,TAS,0,187,187,0
rituximab,2009-09-01,TAS,0,163,163,0
rituximab,2009-10-01,TAS,0,133,133,0
rituximab,2009-11-01,TAS,0,142,142,0
rituximab,2009-12-01,TAS,0,190,190,0
rituximab,2010-01-01,TAS,0,126,126,0
rituximab,2010-02-01,TAS,0,277,277,0
rituximab,2010-03-01,TAS,0,327,327,0
rituximab,2010-04-01,TAS,0,173,173,0
rituximab,2010-05-01,TAS,0,88,88,0
rituximab,2010-06-01,TAS,0,120,120,0
rituximab,2010-07-01,TAS,0,232,232,0
rituximab,2010-08-01,TAS,0,147,147,0
rituximab,2010-09-01,TAS,0,146,146,0
rituximab,2010-10-01,TAS,0,246,246,0
rituximab,2010-11-01,TAS,0,229,229,0
rituximab,2010-12-01,TAS,0,198,198,0
rituximab,2011-01-01,TAS,0,106,106,0
rituximab,2011-02-01,TAS,0,198,198,0
rituximab,2011-03-01,TAS,0,188,188,0
rituximab,2011-04-01,TAS,0,113,113,0
rituximab,2011-05-01,TAS,0,191,191,0
rituximab,2011-06-01,TAS,0,117,117,0
rituximab,2011-07-01,TAS,0,174,174,0
rituximab,2011-08-01,TAS,0,265,265,0
rituximab,2011-09-01,TAS,0,177,177,0
rituximab,2011-10-01,TAS,0,187,187,0
rituximab,2011-11-01,TAS,0,247,247,0
rituximab,2011-12-01,TAS,0,128,128,0
rituximab,2012-01-01,TAS,0,225,225,0
rituximab,2012-02-01,TAS,0,74,74,0
rituximab,2012-03-01,TAS,0,128,128,0
rituximab,2012-04-01,TAS,0,127,127,0
rituximab,2012-05-01,TAS,0,195,195,0
rituximab,2012-06-01,TAS,0,112,112,0
rituximab,2012-07-01,TAS,0,134,134,0
rituximab,2012-08-01,TAS,0,85,85,0
rituximab,2012-09-01,TAS,0,125,125,0
rituximab,2012-10-01,TAS,0,102,102,0
rituximab,2012-11-01,TAS,0,94,94,0
rituximab,2012-12-01,TAS,0,105,105,0
rituximab,2013-01-01,TAS,0,143,143,0
rituximab,2013-02-01,TAS,0,42,42,0
rituximab,2013-03-01,TAS,0,75,75,0
rituximab,2013-04-01,TAS,0,82,82,0
rituximab,2013-05-01,TAS,0,140,140,0
rituximab,2013-06-01,TAS,0,161,161,0
rituximab,2013-07-01,TAS,0,90,90,0
rituximab,2013-08-01,TAS,0,107,107,0
rituximab,2013-09-01,TAS,0,116,116,0
rituximab,2013-10-01,TAS,0,133,133,0
rituximab,2013-11-01,TAS,0,166,166,0
rituximab,2013-12-01,TAS,0,100,100,0
rituximab,2014-01-01,TAS,0,96,96,0
rituximab,2014-02-01,TAS,0,94,94,0
rituximab,2014-03-01,TAS,0,87,87,0
rituximab,2014-04-01,TAS,0,128,128,0
rituximab,2014-05-01,TAS,0,107,107,0
rituximab,2014-06-01,TAS,0,145,145,0
rituximab,2014-07-01,TAS,0,47,47,0
rituximab,2014-08-01,TAS,0,153,153,0
rituximab,2014-09-01,TAS,0,118,118,0
rituximab,2014-10-01,TAS,0,102,102,0
rituximab,2014-11-01,TAS,0,88,88,0
rituximab,2014-12-01,TAS,0,118,118,0
rituximab,2015-01-01,TAS,0,166,166,0
rituximab,2015-02-01,TAS,0,106,106,0
rituximab,2015-03-01,TAS,0,119,119,0
rituximab,2015-04-01,TAS,0,94,94,0
rituximab,2015-05-01,TAS,0,229,229,0
rituximab,2015-06-01,TAS,0,135,135,0
rituximab,2015-07-01,TAS,0,177,177,0
rituximab,2015-08-01,TAS,0,85,85,0
rituximab,2015-09-01,TAS,0,97,97,0
rituximab,2015-10-01,TAS,0,74,74,0
rituximab,2015-11-01,TAS,0,122,122,0
rituximab,2015-12-01,TAS,0,116,116,0
rituximab,2016-01-01,TAS,0,71,71,0
rituximab,2016-02-01,TAS,0,115,115,0
rituximab,2016-03-01,TAS,0,125,125,0
rituximab,2016-04-01,TAS,0,64,64,0
rituximab,2016-05-01,TAS,0,114,114,0
rituximab,2016-06-01,TAS,0,126,126,0
rituximab,2016-07-01,TAS,0,70,70,0
rituximab,2016-08-01,TAS,0,103,103,0
rituximab,2016-09-01,TAS,0,88,88,0
rituximab,2016-10-01,TAS,0,93,93,0
rituximab,2016-11-01,TAS,0,107,107,0
rituximab,2016-12-01,TAS,0,85,85,0
rituximab,2017-01-01,TAS,0,82,82,0
rituximab,2017-02-01,TAS,0,60,60,0
rituximab,2017-03-01,TAS,0,167,167,0
rituximab,2017-04-01,TAS,0,95,95,0
rituximab,2017-05-01,TAS,0,153,153,0
rituximab,2017-06-01,TAS,0,166,166,0
rituximab,2017-07-01,TAS,0,112,112,0
rituximab,2017-08-01,TAS,0,80,80,0
rituximab,2017-09-01,TAS,0,50,50,0
rituximab,2017-10-01,TAS,0,118,118,0
rituximab,2017-11-01,TAS,0,83,83,0
rituximab,2017-12-01,TAS,0,131,131,0
rituximab,2018-01-01,TAS,0,73,73,0
rituximab,2018-02-01,TAS,0,68,68,0
rituximab,2018-03-01,TAS,0,92,92,0
rituximab,2018-04-01,TAS,0,43,43,0
rituximab,2018-05-01,TAS,0,118,118,0
rituximab,2018-06-01,TAS,0,56,56,0
rituximab,2018-07-01,TAS,0,59,59,0
rituximab,2018-08-01,TAS,0,166,166,0
rituximab,2018-09-01,TAS,0,80,80,0
rituximab,2018-10-01,TAS,0,96,96,0
rituximab,2018-11-01,TAS,0,76,76,0
rituximab,2018-12-01,TAS,0,116,116,0
rituximab,2019-01-01,TAS,0,92,92,0
rituximab,2019-02-01,TAS,0,77,77,0
rituximab,2019-03-01,TAS,0,132,132,0
rituximab,2019-04-01,TAS,0,80,80,0
rituximab,2019-05-01,TAS,0,81,81,0
rituximab,2019-06-01,TAS,0,152,152,0
rituximab,2019-07-01,TAS,0,27,27,0
rituximab,2019-08-01,TAS,0,109,109,0
rituximab,2019-09-01,TAS,0,121,121,0
rituximab,2019-10-01,TAS,0,101,101,0
rituximab,2019-11-01,TAS,0,95,95,0
rituximab,2019-12-01,TAS,0,71,71,0
rituximab,2020-01-01,TAS,0,171,171,0
rituximab,2020-02-01,TAS,0,91,91,0
rituximab,2020-03-01,TAS,0,85,85,0
rituximab,2020-04-01,TAS,0,138,138,0
rituximab,2020-05-01,TAS,0,98,98,0
rituximab,2020-06-01,TAS,0,102,102,0
rituximab,2020-07-01,TAS,0,142,142,0
rituximab,2020-08-01,TAS,0,61,61,0
rituximab,2020-09-01,TAS,0,90,90,0
rituximab,2020-10-01,TAS,0,88,88,0
rituximab,2020-11-01,TAS,1,72,73,0.0136986301369863
rituximab,2020-12-01,TAS,1,92,93,0.010752688172043012
rituximab,2021-01-01,TAS,7,113,120,0.058333333333333334
rituximab,2021-02-01,TAS,0,86,86,0
rituximab,2021-03-01,TAS,2,110,112,0.017857142857142856
rituximab,2021-04-01,TAS,6,122,128,0.046875
rituximab,2021-05-01,TAS,1,85,86,0.011627906976744186
rituximab,2021-06-01,TAS,5,91,96,0.052083333333333336
rituximab,2021-07-01,TAS,6,81,87,0.06896551724137931
rituximab,2021-08-01,TAS,11,92,103,0.10679611650485436
rituximab,2021-09-01,TAS,5,109,114,0.043859649122807015
rituximab,2021-10-01,TAS,3,51,54,0.05555555555555555
rituximab,2021-11-01,TAS,6,98,104,0.057692307692307696
rituximab,2021-12-01,TAS,11,114,125,0.088
rituximab,2022-01-01,TAS,9,82,91,0.0989010989010989
rituximab,2022-02-01,TAS,9,90,99,0.09090909090909091
rituximab,2022-03-01,TAS,9,88,97,0.09278350515463918
rituximab,2022-04-01,TAS,0,50,50,0
rituximab,2022-05-01,TAS,10,66,76,0.13157894736842105
rituximab,2022-06-01,TAS,8,73,81,0.09876543209876543
rituximab,2009-01-01,VIC,0,1038,1038,0
rituximab,2009-02-01,VIC,0,1963,1963,0
rituximab,2009-03-01,VIC,0,1551,1551,0
rituximab,2009-04-01,VIC,0,1507,1507,0
rituximab,2009-05-01,VIC,0,1357,1357,0
rituximab,2009-06-01,VIC,0,1554,1554,0
rituximab,2009-07-01,VIC,0,1332,1332,0
rituximab,2009-08-01,VIC,0,1374,1374,0
rituximab,2009-09-01,VIC,0,1438,1438,0
rituximab,2009-10-01,VIC,0,1456,1456,0
rituximab,2009-11-01,VIC,0,1429,1429,0
rituximab,2009-12-01,VIC,0,1448,1448,0
rituximab,2010-01-01,VIC,0,1583,1583,0
rituximab,2010-02-01,VIC,0,1254,1254,0
rituximab,2010-03-01,VIC,0,1927,1927,0
rituximab,2010-04-01,VIC,0,1576,1576,0
rituximab,2010-05-01,VIC,0,1335,1335,0
rituximab,2010-06-01,VIC,0,1651,1651,0
rituximab,2010-07-01,VIC,0,1505,1505,0
rituximab,2010-08-01,VIC,0,1437,1437,0
rituximab,2010-09-01,VIC,0,1544,1544,0
rituximab,2010-10-01,VIC,0,1414,1414,0
rituximab,2010-11-01,VIC,0,1525,1525,0
rituximab,2010-12-01,VIC,0,1352,1352,0
rituximab,2011-01-01,VIC,0,1517,1517,0
rituximab,2011-02-01,VIC,0,1262,1262,0
rituximab,2011-03-01,VIC,0,1700,1700,0
rituximab,2011-04-01,VIC,0,1649,1649,0
rituximab,2011-05-01,VIC,0,1556,1556,0
rituximab,2011-06-01,VIC,0,1900,1900,0
rituximab,2011-07-01,VIC,0,1888,1888,0
rituximab,2011-08-01,VIC,0,1630,1630,0
rituximab,2011-09-01,VIC,0,1794,1794,0
rituximab,2011-10-01,VIC,0,1558,1558,0
rituximab,2011-11-01,VIC,0,1469,1469,0
rituximab,2011-12-01,VIC,0,1279,1279,0
rituximab,2012-01-01,VIC,0,1377,1377,0
rituximab,2012-02-01,VIC,0,1033,1033,0
rituximab,2012-03-01,VIC,0,1189,1189,0
rituximab,2012-04-01,VIC,0,1213,1213,0
rituximab,2012-05-01,VIC,0,1240,1240,0
rituximab,2012-06-01,VIC,0,986,986,0
rituximab,2012-07-01,VIC,0,707,707,0
rituximab,2012-08-01,VIC,0,782,782,0
rituximab,2012-09-01,VIC,0,878,878,0
rituximab,2012-10-01,VIC,0,793,793,0
rituximab,2012-11-01,VIC,0,1303,1303,0
rituximab,2012-12-01,VIC,0,433,433,0
rituximab,2013-01-01,VIC,0,1372,1372,0
rituximab,2013-02-01,VIC,0,1020,1020,0
rituximab,2013-03-01,VIC,0,925,925,0
rituximab,2013-04-01,VIC,0,739,739,0
rituximab,2013-05-01,VIC,0,1221,1221,0
rituximab,2013-06-01,VIC,0,848,848,0
rituximab,2013-07-01,VIC,0,869,869,0
rituximab,2013-08-01,VIC,0,955,955,0
rituximab,2013-09-01,VIC,0,891,891,0
rituximab,2013-10-01,VIC,0,719,719,0
rituximab,2013-11-01,VIC,0,1101,1101,0
rituximab,2013-12-01,VIC,0,853,853,0
rituximab,2014-01-01,VIC,0,986,986,0
rituximab,2014-02-01,VIC,0,867,867,0
rituximab,2014-03-01,VIC,0,1021,1021,0
rituximab,2014-04-01,VIC,0,798,798,0
rituximab,2014-05-01,VIC,0,1405,1405,0
rituximab,2014-06-01,VIC,0,1041,1041,0
rituximab,2014-07-01,VIC,0,778,778,0
rituximab,2014-08-01,VIC,0,1043,1043,0
rituximab,2014-09-01,VIC,0,886,886,0
rituximab,2014-10-01,VIC,0,1030,1030,0
rituximab,2014-11-01,VIC,0,798,798,0
rituximab,2014-12-01,VIC,0,1031,1031,0
rituximab,2015-01-01,VIC,0,464,464,0
rituximab,2015-02-01,VIC,0,1396,1396,0
rituximab,2015-03-01,VIC,0,1145,1145,0
rituximab,2015-04-01,VIC,0,654,654,0
rituximab,2015-05-01,VIC,0,1492,1492,0
rituximab,2015-06-01,VIC,0,1253,1253,0
rituximab,2015-07-01,VIC,0,1328,1328,0
rituximab,2015-08-01,VIC,0,855,855,0
rituximab,2015-09-01,VIC,0,782,782,0
rituximab,2015-10-01,VIC,0,828,828,0
rituximab,2015-11-01,VIC,0,867,867,0
rituximab,2015-12-01,VIC,0,1013,1013,0
rituximab,2016-01-01,VIC,0,867,867,0
rituximab,2016-02-01,VIC,0,1055,1055,0
rituximab,2016-03-01,VIC,0,1350,1350,0
rituximab,2016-04-01,VIC,0,923,923,0
rituximab,2016-05-01,VIC,0,845,845,0
rituximab,2016-06-01,VIC,0,995,995,0
rituximab,2016-07-01,VIC,0,1042,1042,0
rituximab,2016-08-01,VIC,0,1081,1081,0
rituximab,2016-09-01,VIC,0,953,953,0
rituximab,2016-10-01,VIC,0,1034,1034,0
rituximab,2016-11-01,VIC,0,922,922,0
rituximab,2016-12-01,VIC,0,1213,1213,0
rituximab,2017-01-01,VIC,0,951,951,0
rituximab,2017-02-01,VIC,0,943,943,0
rituximab,2017-03-01,VIC,0,1326,1326,0
rituximab,2017-04-01,VIC,0,669,669,0
rituximab,2017-05-01,VIC,0,1015,1015,0
rituximab,2017-06-01,VIC,0,1002,1002,0
rituximab,2017-07-01,VIC,0,762,762,0
rituximab,2017-08-01,VIC,0,1411,1411,0
rituximab,2017-09-01,VIC,0,796,796,0
rituximab,2017-10-01,VIC,0,942,942,0
rituximab,2017-11-01,VIC,0,923,923,0
rituximab,2017-12-01,VIC,0,767,767,0
rituximab,2018-01-01,VIC,0,790,790,0
rituximab,2018-02-01,VIC,0,1113,1113,0
rituximab,2018-03-01,VIC,0,798,798,0
rituximab,2018-04-01,VIC,0,987,987,0
rituximab,2018-05-01,VIC,0,1622,1622,0
rituximab,2018-06-01,VIC,0,938,938,0
rituximab,2018-07-01,VIC,0,722,722,0
rituximab,2018-08-01,VIC,0,879,879,0
rituximab,2018-09-01,VIC,0,725,725,0
rituximab,2018-10-01,VIC,0,786,786,0
rituximab,2018-11-01,VIC,0,1025,1025,0
rituximab,2018-12-01,VIC,0,816,816,0
rituximab,2019-01-01,VIC,0,962,962,0
rituximab,2019-02-01,VIC,0,894,894,0
rituximab,2019-03-01,VIC,0,1139,1139,0
rituximab,2019-04-01,VIC,0,816,816,0
rituximab,2019-05-01,VIC,0,941,941,0
rituximab,2019-06-01,VIC,0,835,835,0
rituximab,2019-07-01,VIC,0,1063,1063,0
rituximab,2019-08-01,VIC,0,864,864,0
rituximab,2019-09-01,VIC,0,724,724,0
rituximab,2019-10-01,VIC,0,796,796,0
rituximab,2019-11-01,VIC,1,836,837,0.0011947431302270011
rituximab,2019-12-01,VIC,4,877,881,0.004540295119182747
rituximab,2020-01-01,VIC,0,1413,1413,0
rituximab,2020-02-01,VIC,0,938,938,0
rituximab,2020-03-01,VIC,1,930,931,0.0010741138560687433
rituximab,2020-04-01,VIC,2,868,870,0.0022988505747126436
rituximab,2020-05-01,VIC,8,917,925,0.008648648648648649
rituximab,2020-06-01,VIC,10,824,834,0.011990407673860911
rituximab,2020-07-01,VIC,31,827,858,0.03613053613053613
rituximab,2020-08-01,VIC,39,1143,1182,0.03299492385786802
rituximab,2020-09-01,VIC,55,805,860,0.06395348837209303
rituximab,2020-10-01,VIC,42,874,916,0.04585152838427948
rituximab,2020-11-01,VIC,31,588,619,0.050080775444264945
rituximab,2020-12-01,VIC,42,850,892,0.04708520179372197
rituximab,2021-01-01,VIC,30,776,806,0.03722084367245657
rituximab,2021-02-01,VIC,65,1127,1192,0.05453020134228188
rituximab,2021-03-01,VIC,40,1703,1743,0.022948938611589215
rituximab,2021-04-01,VIC,49,1003,1052,0.04657794676806084
rituximab,2021-05-01,VIC,62,1111,1173,0.05285592497868713
rituximab,2021-06-01,VIC,37,744,781,0.04737516005121639
rituximab,2021-07-01,VIC,51,824,875,0.05828571428571429
rituximab,2021-08-01,VIC,42,825,867,0.04844290657439446
rituximab,2021-09-01,VIC,45,998,1043,0.04314477468839885
rituximab,2021-10-01,VIC,69,782,851,0.08108108108108109
rituximab,2021-11-01,VIC,90,1036,1126,0.07992895204262877
rituximab,2021-12-01,VIC,87,882,969,0.08978328173374613
rituximab,2022-01-01,VIC,63,621,684,0.09210526315789473
rituximab,2022-02-01,VIC,50,518,568,0.0880281690140845
rituximab,2022-03-01,VIC,56,749,805,0.06956521739130435
rituximab,2022-04-01,VIC,41,567,608,0.06743421052631579
rituximab,2022-05-01,VIC,94,897,991,0.09485368314833502
rituximab,2022-06-01,VIC,76,717,793,0.09583858764186633
rituximab,2009-01-01,WA,0,316,316,0
rituximab,2009-02-01,WA,0,253,253,0
rituximab,2009-03-01,WA,0,208,208,0
rituximab,2009-04-01,WA,0,315,315,0
rituximab,2009-05-01,WA,0,297,297,0
rituximab,2009-06-01,WA,0,392,392,0
rituximab,2009-07-01,WA,0,284,284,0
rituximab,2009-08-01,WA,0,291,291,0
rituximab,2009-09-01,WA,0,304,304,0
rituximab,2009-10-01,WA,0,318,318,0
rituximab,2009-11-01,WA,0,300,300,0
rituximab,2009-12-01,WA,0,322,322,0
rituximab,2010-01-01,WA,0,406,406,0
rituximab,2010-02-01,WA,0,328,328,0
rituximab,2010-03-01,WA,0,255,255,0
rituximab,2010-04-01,WA,0,389,389,0
rituximab,2010-05-01,WA,0,364,364,0
rituximab,2010-06-01,WA,0,311,311,0
rituximab,2010-07-01,WA,0,418,418,0
rituximab,2010-08-01,WA,0,251,251,0
rituximab,2010-09-01,WA,0,371,371,0
rituximab,2010-10-01,WA,0,338,338,0
rituximab,2010-11-01,WA,0,197,197,0
rituximab,2010-12-01,WA,0,489,489,0
rituximab,2011-01-01,WA,0,487,487,0
rituximab,2011-02-01,WA,0,336,336,0
rituximab,2011-03-01,WA,0,591,591,0
rituximab,2011-04-01,WA,0,273,273,0
rituximab,2011-05-01,WA,0,394,394,0
rituximab,2011-06-01,WA,0,467,467,0
rituximab,2011-07-01,WA,0,271,271,0
rituximab,2011-08-01,WA,0,403,403,0
rituximab,2011-09-01,WA,0,284,284,0
rituximab,2011-10-01,WA,0,428,428,0
rituximab,2011-11-01,WA,0,495,495,0
rituximab,2011-12-01,WA,0,199,199,0
rituximab,2012-01-01,WA,0,362,362,0
rituximab,2012-02-01,WA,0,191,191,0
rituximab,2012-03-01,WA,0,440,440,0
rituximab,2012-04-01,WA,0,284,284,0
rituximab,2012-05-01,WA,0,803,803,0
rituximab,2012-06-01,WA,0,323,323,0
rituximab,2012-07-01,WA,0,242,242,0
rituximab,2012-08-01,WA,0,306,306,0
rituximab,2012-09-01,WA,0,195,195,0
rituximab,2012-10-01,WA,0,392,392,0
rituximab,2012-11-01,WA,0,328,328,0
rituximab,2012-12-01,WA,0,270,270,0
rituximab,2013-01-01,WA,0,278,278,0
rituximab,2013-02-01,WA,0,200,200,0
rituximab,2013-03-01,WA,0,281,281,0
rituximab,2013-04-01,WA,0,285,285,0
rituximab,2013-05-01,WA,0,340,340,0
rituximab,2013-06-01,WA,0,319,319,0
rituximab,2013-07-01,WA,0,321,321,0
rituximab,2013-08-01,WA,0,278,278,0
rituximab,2013-09-01,WA,0,303,303,0
rituximab,2013-10-01,WA,0,342,342,0
rituximab,2013-11-01,WA,0,234,234,0
rituximab,2013-12-01,WA,0,177,177,0
rituximab,2014-01-01,WA,0,333,333,0
rituximab,2014-02-01,WA,0,275,275,0
rituximab,2014-03-01,WA,0,285,285,0
rituximab,2014-04-01,WA,0,376,376,0
rituximab,2014-05-01,WA,0,393,393,0
rituximab,2014-06-01,WA,0,292,292,0
rituximab,2014-07-01,WA,0,290,290,0
rituximab,2014-08-01,WA,0,300,300,0
rituximab,2014-09-01,WA,0,262,262,0
rituximab,2014-10-01,WA,0,322,322,0
rituximab,2014-11-01,WA,0,322,322,0
rituximab,2014-12-01,WA,0,212,212,0
rituximab,2015-01-01,WA,0,440,440,0
rituximab,2015-02-01,WA,0,231,231,0
rituximab,2015-03-01,WA,0,356,356,0
rituximab,2015-04-01,WA,0,228,228,0
rituximab,2015-05-01,WA,0,558,558,0
rituximab,2015-06-01,WA,0,330,330,0
rituximab,2015-07-01,WA,0,325,325,0
rituximab,2015-08-01,WA,0,326,326,0
rituximab,2015-09-01,WA,0,269,269,0
rituximab,2015-10-01,WA,0,254,254,0
rituximab,2015-11-01,WA,0,279,279,0
rituximab,2015-12-01,WA,0,225,225,0
rituximab,2016-01-01,WA,0,445,445,0
rituximab,2016-02-01,WA,0,312,312,0
rituximab,2016-03-01,WA,0,342,342,0
rituximab,2016-04-01,WA,0,269,269,0
rituximab,2016-05-01,WA,0,333,333,0
rituximab,2016-06-01,WA,0,289,289,0
rituximab,2016-07-01,WA,0,360,360,0
rituximab,2016-08-01,WA,0,342,342,0
rituximab,2016-09-01,WA,0,329,329,0
rituximab,2016-10-01,WA,0,322,322,0
rituximab,2016-11-01,WA,0,328,328,0
rituximab,2016-12-01,WA,0,362,362,0
rituximab,2017-01-01,WA,0,335,335,0
rituximab,2017-02-01,WA,0,261,261,0
rituximab,2017-03-01,WA,0,511,511,0
rituximab,2017-04-01,WA,0,457,457,0
rituximab,2017-05-01,WA,0,414,414,0
rituximab,2017-06-01,WA,0,313,313,0
rituximab,2017-07-01,WA,0,381,381,0
rituximab,2017-08-01,WA,0,293,293,0
rituximab,2017-09-01,WA,0,328,328,0
rituximab,2017-10-01,WA,0,316,316,0
rituximab,2017-11-01,WA,0,359,359,0
rituximab,2017-12-01,WA,0,308,308,0
rituximab,2018-01-01,WA,0,386,386,0
rituximab,2018-02-01,WA,0,364,364,0
rituximab,2018-03-01,WA,0,369,369,0
rituximab,2018-04-01,WA,0,335,335,0
rituximab,2018-05-01,WA,0,387,387,0
rituximab,2018-06-01,WA,0,260,260,0
rituximab,2018-07-01,WA,0,400,400,0
rituximab,2018-08-01,WA,0,398,398,0
rituximab,2018-09-01,WA,0,369,369,0
rituximab,2018-10-01,WA,0,395,395,0
rituximab,2018-11-01,WA,0,307,307,0
rituximab,2018-12-01,WA,0,338,338,0
rituximab,2019-01-01,WA,0,346,346,0
rituximab,2019-02-01,WA,0,344,344,0
rituximab,2019-03-01,WA,0,377,377,0
rituximab,2019-04-01,WA,0,268,268,0
rituximab,2019-05-01,WA,0,428,428,0
rituximab,2019-06-01,WA,0,401,401,0
rituximab,2019-07-01,WA,0,343,343,0
rituximab,2019-08-01,WA,0,333,333,0
rituximab,2019-09-01,WA,0,325,325,0
rituximab,2019-10-01,WA,0,276,276,0
rituximab,2019-11-01,WA,1,330,331,0.0030211480362537764
rituximab,2019-12-01,WA,6,341,347,0.01729106628242075
rituximab,2020-01-01,WA,1,324,325,0.003076923076923077
rituximab,2020-02-01,WA,2,355,357,0.0056022408963585435
rituximab,2020-03-01,WA,2,267,269,0.007434944237918215
rituximab,2020-04-01,WA,4,362,366,0.01092896174863388
rituximab,2020-05-01,WA,2,293,295,0.006779661016949152
rituximab,2020-06-01,WA,5,277,282,0.01773049645390071
rituximab,2020-07-01,WA,0,314,314,0
rituximab,2020-08-01,WA,3,311,314,0.009554140127388535
rituximab,2020-09-01,WA,5,282,287,0.017421602787456445
rituximab,2020-10-01,WA,5,292,297,0.016835016835016835
rituximab,2020-11-01,WA,3,302,305,0.009836065573770493
rituximab,2020-12-01,WA,9,316,325,0.027692307692307693
rituximab,2021-01-01,WA,9,298,307,0.029315960912052116
rituximab,2021-02-01,WA,12,291,303,0.039603960396039604
rituximab,2021-03-01,WA,11,255,266,0.041353383458646614
rituximab,2021-04-01,WA,9,325,334,0.02694610778443114
rituximab,2021-05-01,WA,6,213,219,0.0273972602739726
rituximab,2021-06-01,WA,14,306,320,0.04375
rituximab,2021-07-01,WA,17,296,313,0.054313099041533544
rituximab,2021-08-01,WA,22,263,285,0.07719298245614035
rituximab,2021-09-01,WA,12,336,348,0.034482758620689655
rituximab,2021-10-01,WA,15,298,313,0.04792332268370607
rituximab,2021-11-01,WA,12,292,304,0.039473684210526314
rituximab,2021-12-01,WA,25,259,284,0.0880281690140845
rituximab,2022-01-01,WA,17,283,300,0.056666666666666664
rituximab,2022-02-01,WA,19,202,221,0.08597285067873303
rituximab,2022-03-01,WA,18,259,277,0.06498194945848375
rituximab,2022-04-01,WA,14,246,260,0.05384615384615385
rituximab,2022-05-01,WA,19,219,238,0.07983193277310924
rituximab,2022-06-01,WA,20,257,277,0.07220216606498195
trastuzumab,2009-01-01,ACT,0,0,0,0
trastuzumab,2009-02-01,ACT,0,27,27,0
trastuzumab,2009-03-01,ACT,0,17,17,0
trastuzumab,2009-04-01,ACT,0,8,8,0
trastuzumab,2009-05-01,ACT,0,0,0,0
trastuzumab,2009-06-01,ACT,0,0,0,0
trastuzumab,2009-07-01,ACT,0,0,0,0
trastuzumab,2009-08-01,ACT,0,77,77,0
trastuzumab,2009-09-01,ACT,0,44,44,0
trastuzumab,2009-10-01,ACT,0,20,20,0
trastuzumab,2009-11-01,ACT,0,48,48,0
trastuzumab,2009-12-01,ACT,0,48,48,0
trastuzumab,2010-01-01,ACT,0,0,0,0
trastuzumab,2010-02-01,ACT,0,0,0,0
trastuzumab,2010-03-01,ACT,0,38,38,0
trastuzumab,2010-04-01,ACT,0,12,12,0
trastuzumab,2010-05-01,ACT,0,0,0,0
trastuzumab,2010-06-01,ACT,0,22,22,0
trastuzumab,2010-07-01,ACT,0,10,10,0
trastuzumab,2010-08-01,ACT,0,21,21,0
trastuzumab,2010-09-01,ACT,0,81,81,0
trastuzumab,2010-10-01,ACT,0,18,18,0
trastuzumab,2010-11-01,ACT,0,17,17,0
trastuzumab,2010-12-01,ACT,0,35,35,0
trastuzumab,2011-01-01,ACT,0,22,22,0
trastuzumab,2011-02-01,ACT,0,20,20,0
trastuzumab,2011-03-01,ACT,0,20,20,0
trastuzumab,2011-04-01,ACT,0,17,17,0
trastuzumab,2011-05-01,ACT,0,64,64,0
trastuzumab,2011-06-01,ACT,0,0,0,0
trastuzumab,2011-07-01,ACT,0,53,53,0
trastuzumab,2011-08-01,ACT,0,31,31,0
trastuzumab,2011-09-01,ACT,0,12,12,0
trastuzumab,2011-10-01,ACT,0,28,28,0
trastuzumab,2011-11-01,ACT,0,31,31,0
trastuzumab,2011-12-01,ACT,0,37,37,0
trastuzumab,2012-01-01,ACT,0,15,15,0
trastuzumab,2012-02-01,ACT,0,19,19,0
trastuzumab,2012-03-01,ACT,0,15,15,0
trastuzumab,2012-04-01,ACT,0,28,28,0
trastuzumab,2012-05-01,ACT,0,32,32,0
trastuzumab,2012-06-01,ACT,0,12,12,0
trastuzumab,2012-07-01,ACT,0,0,0,0
trastuzumab,2012-08-01,ACT,0,13,13,0
trastuzumab,2012-09-01,ACT,0,20,20,0
trastuzumab,2012-10-01,ACT,0,9,9,0
trastuzumab,2012-11-01,ACT,0,0,0,0
trastuzumab,2012-12-01,ACT,0,7,7,0
trastuzumab,2013-01-01,ACT,0,0,0,0
trastuzumab,2013-02-01,ACT,0,12,12,0
trastuzumab,2013-03-01,ACT,0,0,0,0
trastuzumab,2013-04-01,ACT,0,0,0,0
trastuzumab,2013-05-01,ACT,0,4,4,0
trastuzumab,2013-06-01,ACT,0,0,0,0
trastuzumab,2013-07-01,ACT,0,13,13,0
trastuzumab,2013-08-01,ACT,0,52,52,0
trastuzumab,2013-09-01,ACT,0,40,40,0
trastuzumab,2013-10-01,ACT,0,42,42,0
trastuzumab,2013-11-01,ACT,0,39,39,0
trastuzumab,2013-12-01,ACT,0,0,0,0
trastuzumab,2014-01-01,ACT,0,44,44,0
trastuzumab,2014-02-01,ACT,0,0,0,0
trastuzumab,2014-03-01,ACT,0,0,0,0
trastuzumab,2014-04-01,ACT,0,22,22,0
trastuzumab,2014-05-01,ACT,0,0,0,0
trastuzumab,2014-06-01,ACT,0,0,0,0
trastuzumab,2014-07-01,ACT,0,20,20,0
trastuzumab,2014-08-01,ACT,0,0,0,0
trastuzumab,2014-09-01,ACT,0,0,0,0
trastuzumab,2014-10-01,ACT,0,21,21,0
trastuzumab,2014-11-01,ACT,0,29,29,0
trastuzumab,2014-12-01,ACT,0,24,24,0
trastuzumab,2015-01-01,ACT,0,3,3,0
trastuzumab,2015-02-01,ACT,0,36,36,0
trastuzumab,2015-03-01,ACT,0,8,8,0
trastuzumab,2015-04-01,ACT,0,0,0,0
trastuzumab,2015-05-01,ACT,0,37,37,0
trastuzumab,2015-06-01,ACT,0,26,26,0
trastuzumab,2015-07-01,ACT,0,37,37,0
trastuzumab,2015-08-01,ACT,0,24,24,0
trastuzumab,2015-09-01,ACT,0,45,45,0
trastuzumab,2015-10-01,ACT,0,13,13,0
trastuzumab,2015-11-01,ACT,0,25,25,0
trastuzumab,2015-12-01,ACT,0,115,115,0
trastuzumab,2016-01-01,ACT,0,67,67,0
trastuzumab,2016-02-01,ACT,0,46,46,0
trastuzumab,2016-03-01,ACT,0,71,71,0
trastuzumab,2016-04-01,ACT,0,28,28,0
trastuzumab,2016-05-01,ACT,0,34,34,0
trastuzumab,2016-06-01,ACT,0,62,62,0
trastuzumab,2016-07-01,ACT,0,67,67,0
trastuzumab,2016-08-01,ACT,0,31,31,0
trastuzumab,2016-09-01,ACT,0,35,35,0
trastuzumab,2016-10-01,ACT,0,26,26,0
trastuzumab,2016-11-01,ACT,0,76,76,0
trastuzumab,2016-12-01,ACT,0,30,30,0
trastuzumab,2017-01-01,ACT,0,20,20,0
trastuzumab,2017-02-01,ACT,0,24,24,0
trastuzumab,2017-03-01,ACT,0,26,26,0
trastuzumab,2017-04-01,ACT,0,20,20,0
trastuzumab,2017-05-01,ACT,0,24,24,0
trastuzumab,2017-06-01,ACT,0,34,34,0
trastuzumab,2017-07-01,ACT,0,47,47,0
trastuzumab,2017-08-01,ACT,0,23,23,0
trastuzumab,2017-09-01,ACT,0,118,118,0
trastuzumab,2017-10-01,ACT,0,6,6,0
trastuzumab,2017-11-01,ACT,0,2,2,0
trastuzumab,2017-12-01,ACT,0,43,43,0
trastuzumab,2018-01-01,ACT,0,48,48,0
trastuzumab,2018-02-01,ACT,0,0,0,0
trastuzumab,2018-03-01,ACT,0,41,41,0
trastuzumab,2018-04-01,ACT,0,21,21,0
trastuzumab,2018-05-01,ACT,0,0,0,0
trastuzumab,2018-06-01,ACT,0,0,0,0
trastuzumab,2018-07-01,ACT,0,23,23,0
trastuzumab,2018-08-01,ACT,0,48,48,0
trastuzumab,2018-09-01,ACT,0,0,0,0
trastuzumab,2018-10-01,ACT,0,0,0,0
trastuzumab,2018-11-01,ACT,0,29,29,0
trastuzumab,2018-12-01,ACT,0,74,74,0
trastuzumab,2019-01-01,ACT,0,0,0,0
trastuzumab,2019-02-01,ACT,0,21,21,0
trastuzumab,2019-03-01,ACT,0,23,23,0
trastuzumab,2019-04-01,ACT,0,16,16,0
trastuzumab,2019-05-01,ACT,0,62,62,0
trastuzumab,2019-06-01,ACT,0,15,15,0
trastuzumab,2019-07-01,ACT,0,0,0,0
trastuzumab,2019-08-01,ACT,17,6,23,0.7391304347826086
trastuzumab,2019-09-01,ACT,15,2,17,0.8823529411764706
trastuzumab,2019-10-01,ACT,54,11,65,0.8307692307692308
trastuzumab,2019-11-01,ACT,26,1,27,0.9629629629629629
trastuzumab,2019-12-01,ACT,16,12,28,0.5714285714285714
trastuzumab,2020-01-01,ACT,35,2,37,0.9459459459459459
trastuzumab,2020-02-01,ACT,15,1,16,0.9375
trastuzumab,2020-03-01,ACT,39,8,47,0.8297872340425532
trastuzumab,2020-04-01,ACT,23,8,31,0.7419354838709677
trastuzumab,2020-05-01,ACT,15,3,18,0.8333333333333334
trastuzumab,2020-06-01,ACT,48,17,65,0.7384615384615385
trastuzumab,2020-07-01,ACT,14,4,18,0.7777777777777778
trastuzumab,2020-08-01,ACT,35,16,51,0.6862745098039216
trastuzumab,2020-09-01,ACT,31,8,39,0.7948717948717948
trastuzumab,2020-10-01,ACT,34,9,43,0.7906976744186046
trastuzumab,2020-11-01,ACT,24,7,31,0.7741935483870968
trastuzumab,2020-12-01,ACT,28,9,37,0.7567567567567568
trastuzumab,2021-01-01,ACT,24,1,25,0.96
trastuzumab,2021-02-01,ACT,62,16,78,0.7948717948717948
trastuzumab,2021-03-01,ACT,27,6,33,0.8181818181818182
trastuzumab,2021-04-01,ACT,27,6,33,0.8181818181818182
trastuzumab,2021-05-01,ACT,48,5,53,0.9056603773584906
trastuzumab,2021-06-01,ACT,15,3,18,0.8333333333333334
trastuzumab,2021-07-01,ACT,13,2,15,0.8666666666666667
trastuzumab,2021-08-01,ACT,54,9,63,0.8571428571428571
trastuzumab,2021-09-01,ACT,32,5,37,0.8648648648648649
trastuzumab,2021-10-01,ACT,6,1,7,0.8571428571428571
trastuzumab,2021-11-01,ACT,52,2,54,0.9629629629629629
trastuzumab,2021-12-01,ACT,16,3,19,0.8421052631578947
trastuzumab,2022-01-01,ACT,11,0,11,1
trastuzumab,2022-02-01,ACT,41,0,41,1
trastuzumab,2022-03-01,ACT,36,1,37,0.972972972972973
trastuzumab,2022-04-01,ACT,9,0,9,1
trastuzumab,2022-05-01,ACT,47,4,51,0.9215686274509803
trastuzumab,2022-06-01,ACT,22,0,22,1
trastuzumab,2009-01-01,NSW,0,528,528,0
trastuzumab,2009-02-01,NSW,0,412,412,0
trastuzumab,2009-03-01,NSW,0,626,626,0
trastuzumab,2009-04-01,NSW,0,672,672,0
trastuzumab,2009-05-01,NSW,0,469,469,0
trastuzumab,2009-06-01,NSW,0,548,548,0
trastuzumab,2009-07-01,NSW,0,606,606,0
trastuzumab,2009-08-01,NSW,0,531,531,0
trastuzumab,2009-09-01,NSW,0,448,448,0
trastuzumab,2009-10-01,NSW,0,602,602,0
trastuzumab,2009-11-01,NSW,0,500,500,0
trastuzumab,2009-12-01,NSW,0,496,496,0
trastuzumab,2010-01-01,NSW,0,636,636,0
trastuzumab,2010-02-01,NSW,0,565,565,0
trastuzumab,2010-03-01,NSW,0,719,719,0
trastuzumab,2010-04-01,NSW,0,454,454,0
trastuzumab,2010-05-01,NSW,0,591,591,0
trastuzumab,2010-06-01,NSW,0,566,566,0
trastuzumab,2010-07-01,NSW,0,690,690,0
trastuzumab,2010-08-01,NSW,0,734,734,0
trastuzumab,2010-09-01,NSW,0,509,509,0
trastuzumab,2010-10-01,NSW,0,652,652,0
trastuzumab,2010-11-01,NSW,0,622,622,0
trastuzumab,2010-12-01,NSW,0,401,401,0
trastuzumab,2011-01-01,NSW,0,623,623,0
trastuzumab,2011-02-01,NSW,0,592,592,0
trastuzumab,2011-03-01,NSW,0,654,654,0
trastuzumab,2011-04-01,NSW,0,611,611,0
trastuzumab,2011-05-01,NSW,0,545,545,0
trastuzumab,2011-06-01,NSW,0,597,597,0
trastuzumab,2011-07-01,NSW,0,805,805,0
trastuzumab,2011-08-01,NSW,0,541,541,0
trastuzumab,2011-09-01,NSW,0,754,754,0
trastuzumab,2011-10-01,NSW,0,490,490,0
trastuzumab,2011-11-01,NSW,0,635,635,0
trastuzumab,2011-12-01,NSW,0,358,358,0
trastuzumab,2012-01-01,NSW,0,507,507,0
trastuzumab,2012-02-01,NSW,0,360,360,0
trastuzumab,2012-03-01,NSW,0,555,555,0
trastuzumab,2012-04-01,NSW,0,503,503,0
trastuzumab,2012-05-01,NSW,0,1218,1218,0
trastuzumab,2012-06-01,NSW,0,851,851,0
trastuzumab,2012-07-01,NSW,0,590,590,0
trastuzumab,2012-08-01,NSW,0,503,503,0
trastuzumab,2012-09-01,NSW,0,1170,1170,0
trastuzumab,2012-10-01,NSW,0,679,679,0
trastuzumab,2012-11-01,NSW,0,632,632,0
trastuzumab,2012-12-01,NSW,0,479,479,0
trastuzumab,2013-01-01,NSW,0,752,752,0
trastuzumab,2013-02-01,NSW,0,486,486,0
trastuzumab,2013-03-01,NSW,0,968,968,0
trastuzumab,2013-04-01,NSW,0,820,820,0
trastuzumab,2013-05-01,NSW,0,494,494,0
trastuzumab,2013-06-01,NSW,0,989,989,0
trastuzumab,2013-07-01,NSW,0,615,615,0
trastuzumab,2013-08-01,NSW,0,782,782,0
trastuzumab,2013-09-01,NSW,0,933,933,0
trastuzumab,2013-10-01,NSW,0,650,650,0
trastuzumab,2013-11-01,NSW,0,768,768,0
trastuzumab,2013-12-01,NSW,0,758,758,0
trastuzumab,2014-01-01,NSW,0,891,891,0
trastuzumab,2014-02-01,NSW,0,360,360,0
trastuzumab,2014-03-01,NSW,0,1127,1127,0
trastuzumab,2014-04-01,NSW,0,827,827,0
trastuzumab,2014-05-01,NSW,0,1279,1279,0
trastuzumab,2014-06-01,NSW,0,1010,1010,0
trastuzumab,2014-07-01,NSW,0,678,678,0
trastuzumab,2014-08-01,NSW,0,936,936,0
trastuzumab,2014-09-01,NSW,0,746,746,0
trastuzumab,2014-10-01,NSW,0,784,784,0
trastuzumab,2014-11-01,NSW,0,800,800,0
trastuzumab,2014-12-01,NSW,0,592,592,0
trastuzumab,2015-01-01,NSW,0,844,844,0
trastuzumab,2015-02-01,NSW,0,1175,1175,0
trastuzumab,2015-03-01,NSW,0,1255,1255,0
trastuzumab,2015-04-01,NSW,0,968,968,0
trastuzumab,2015-05-01,NSW,0,1299,1299,0
trastuzumab,2015-06-01,NSW,0,936,936,0
trastuzumab,2015-07-01,NSW,0,1080,1080,0
trastuzumab,2015-08-01,NSW,0,1209,1209,0
trastuzumab,2015-09-01,NSW,0,1272,1272,0
trastuzumab,2015-10-01,NSW,0,1245,1245,0
trastuzumab,2015-11-01,NSW,0,1424,1424,0
trastuzumab,2015-12-01,NSW,0,1450,1450,0
trastuzumab,2016-01-01,NSW,0,1153,1153,0
trastuzumab,2016-02-01,NSW,0,1371,1371,0
trastuzumab,2016-03-01,NSW,0,1391,1391,0
trastuzumab,2016-04-01,NSW,0,1303,1303,0
trastuzumab,2016-05-01,NSW,0,1589,1589,0
trastuzumab,2016-06-01,NSW,0,1542,1542,0
trastuzumab,2016-07-01,NSW,0,1408,1408,0
trastuzumab,2016-08-01,NSW,0,1310,1310,0
trastuzumab,2016-09-01,NSW,0,1555,1555,0
trastuzumab,2016-10-01,NSW,0,1186,1186,0
trastuzumab,2016-11-01,NSW,0,1277,1277,0
trastuzumab,2016-12-01,NSW,0,1269,1269,0
trastuzumab,2017-01-01,NSW,0,1513,1513,0
trastuzumab,2017-02-01,NSW,0,1561,1561,0
trastuzumab,2017-03-01,NSW,0,1547,1547,0
trastuzumab,2017-04-01,NSW,0,1188,1188,0
trastuzumab,2017-05-01,NSW,0,1400,1400,0
trastuzumab,2017-06-01,NSW,0,1846,1846,0
trastuzumab,2017-07-01,NSW,0,1422,1422,0
trastuzumab,2017-08-01,NSW,0,1483,1483,0
trastuzumab,2017-09-01,NSW,0,1530,1530,0
trastuzumab,2017-10-01,NSW,0,1404,1404,0
trastuzumab,2017-11-01,NSW,0,1708,1708,0
trastuzumab,2017-12-01,NSW,0,1406,1406,0
trastuzumab,2018-01-01,NSW,0,1449,1449,0
trastuzumab,2018-02-01,NSW,0,1445,1445,0
trastuzumab,2018-03-01,NSW,0,1580,1580,0
trastuzumab,2018-04-01,NSW,0,1339,1339,0
trastuzumab,2018-05-01,NSW,0,1896,1896,0
trastuzumab,2018-06-01,NSW,0,1614,1614,0
trastuzumab,2018-07-01,NSW,0,1496,1496,0
trastuzumab,2018-08-01,NSW,0,1595,1595,0
trastuzumab,2018-09-01,NSW,0,1637,1637,0
trastuzumab,2018-10-01,NSW,0,1636,1636,0
trastuzumab,2018-11-01,NSW,0,1573,1573,0
trastuzumab,2018-12-01,NSW,0,1679,1679,0
trastuzumab,2019-01-01,NSW,0,1605,1605,0
trastuzumab,2019-02-01,NSW,0,1501,1501,0
trastuzumab,2019-03-01,NSW,0,1844,1844,0
trastuzumab,2019-04-01,NSW,0,1510,1510,0
trastuzumab,2019-05-01,NSW,0,1848,1848,0
trastuzumab,2019-06-01,NSW,0,1667,1667,0
trastuzumab,2019-07-01,NSW,0,1555,1555,0
trastuzumab,2019-08-01,NSW,1346,367,1713,0.7857559836544075
trastuzumab,2019-09-01,NSW,1117,384,1501,0.7441705529646903
trastuzumab,2019-10-01,NSW,1239,343,1582,0.7831858407079646
trastuzumab,2019-11-01,NSW,1259,425,1684,0.747624703087886
trastuzumab,2019-12-01,NSW,1268,365,1633,0.7764849969381507
trastuzumab,2020-01-01,NSW,1218,367,1585,0.7684542586750789
trastuzumab,2020-02-01,NSW,1235,331,1566,0.7886334610472542
trastuzumab,2020-03-01,NSW,1166,346,1512,0.7711640211640212
trastuzumab,2020-04-01,NSW,1405,372,1777,0.7906584130557118
trastuzumab,2020-05-01,NSW,1126,375,1501,0.7501665556295802
trastuzumab,2020-06-01,NSW,1253,334,1587,0.7895400126023945
trastuzumab,2020-07-01,NSW,1284,368,1652,0.7772397094430993
trastuzumab,2020-08-01,NSW,1175,373,1548,0.7590439276485789
trastuzumab,2020-09-01,NSW,1185,358,1543,0.7679844458846403
trastuzumab,2020-10-01,NSW,1324,279,1603,0.825951341235184
trastuzumab,2020-11-01,NSW,1132,275,1407,0.8045486851457001
trastuzumab,2020-12-01,NSW,1295,380,1675,0.7731343283582089
trastuzumab,2021-01-01,NSW,1050,265,1315,0.7984790874524715
trastuzumab,2021-02-01,NSW,1083,292,1375,0.7876363636363637
trastuzumab,2021-03-01,NSW,1246,358,1604,0.7768079800498753
trastuzumab,2021-04-01,NSW,1485,473,1958,0.7584269662921348
trastuzumab,2021-05-01,NSW,1169,306,1475,0.792542372881356
trastuzumab,2021-06-01,NSW,1346,423,1769,0.7608818541548897
trastuzumab,2021-07-01,NSW,1202,295,1497,0.802939211756847
trastuzumab,2021-08-01,NSW,1351,433,1784,0.7572869955156951
trastuzumab,2021-09-01,NSW,1328,374,1702,0.7802585193889542
trastuzumab,2021-10-01,NSW,1089,345,1434,0.7594142259414226
trastuzumab,2021-11-01,NSW,1254,362,1616,0.775990099009901
trastuzumab,2021-12-01,NSW,1279,464,1743,0.7337923121055652
trastuzumab,2022-01-01,NSW,1115,343,1458,0.7647462277091907
trastuzumab,2022-02-01,NSW,1128,380,1508,0.7480106100795756
trastuzumab,2022-03-01,NSW,925,357,1282,0.7215288611544461
trastuzumab,2022-04-01,NSW,1408,453,1861,0.7565824825362708
trastuzumab,2022-05-01,NSW,1294,439,1733,0.7466820542412003
trastuzumab,2022-06-01,NSW,1371,512,1883,0.7280934678704195
trastuzumab,2009-01-01,NT,0,11,11,0
trastuzumab,2009-02-01,NT,0,21,21,0
trastuzumab,2009-03-01,NT,0,7,7,0
trastuzumab,2009-04-01,NT,0,10,10,0
trastuzumab,2009-05-01,NT,0,13,13,0
trastuzumab,2009-06-01,NT,0,5,5,0
trastuzumab,2009-07-01,NT,0,11,11,0
trastuzumab,2009-08-01,NT,0,7,7,0
trastuzumab,2009-09-01,NT,0,15,15,0
trastuzumab,2009-10-01,NT,0,7,7,0
trastuzumab,2009-11-01,NT,0,0,0,0
trastuzumab,2009-12-01,NT,0,11,11,0
trastuzumab,2010-01-01,NT,0,12,12,0
trastuzumab,2010-02-01,NT,0,5,5,0
trastuzumab,2010-03-01,NT,0,5,5,0
trastuzumab,2010-04-01,NT,0,0,0,0
trastuzumab,2010-05-01,NT,0,16,16,0
trastuzumab,2010-06-01,NT,0,0,0,0
trastuzumab,2010-07-01,NT,0,17,17,0
trastuzumab,2010-08-01,NT,0,16,16,0
trastuzumab,2010-09-01,NT,0,12,12,0
trastuzumab,2010-10-01,NT,0,15,15,0
trastuzumab,2010-11-01,NT,0,14,14,0
trastuzumab,2010-12-01,NT,0,0,0,0
trastuzumab,2011-01-01,NT,0,18,18,0
trastuzumab,2011-02-01,NT,0,0,0,0
trastuzumab,2011-03-01,NT,0,11,11,0
trastuzumab,2011-04-01,NT,0,7,7,0
trastuzumab,2011-05-01,NT,0,19,19,0
trastuzumab,2011-06-01,NT,0,10,10,0
trastuzumab,2011-07-01,NT,0,0,0,0
trastuzumab,2011-08-01,NT,0,42,42,0
trastuzumab,2011-09-01,NT,0,9,9,0
trastuzumab,2011-10-01,NT,0,0,0,0
trastuzumab,2011-11-01,NT,0,50,50,0
trastuzumab,2011-12-01,NT,0,14,14,0
trastuzumab,2012-01-01,NT,0,15,15,0
trastuzumab,2012-02-01,NT,0,0,0,0
trastuzumab,2012-03-01,NT,0,45,45,0
trastuzumab,2012-04-01,NT,0,7,7,0
trastuzumab,2012-05-01,NT,0,22,22,0
trastuzumab,2012-06-01,NT,0,27,27,0
trastuzumab,2012-07-01,NT,0,40,40,0
trastuzumab,2012-08-01,NT,0,27,27,0
trastuzumab,2012-09-01,NT,0,33,33,0
trastuzumab,2012-10-01,NT,0,13,13,0
trastuzumab,2012-11-01,NT,0,14,14,0
trastuzumab,2012-12-01,NT,0,0,0,0
trastuzumab,2013-01-01,NT,0,27,27,0
trastuzumab,2013-02-01,NT,0,0,0,0
trastuzumab,2013-03-01,NT,0,39,39,0
trastuzumab,2013-04-01,NT,0,0,0,0
trastuzumab,2013-05-01,NT,0,42,42,0
trastuzumab,2013-06-01,NT,0,0,0,0
trastuzumab,2013-07-01,NT,0,16,16,0
trastuzumab,2013-08-01,NT,0,21,21,0
trastuzumab,2013-09-01,NT,0,20,20,0
trastuzumab,2013-10-01,NT,0,13,13,0
trastuzumab,2013-11-01,NT,0,0,0,0
trastuzumab,2013-12-01,NT,0,19,19,0
trastuzumab,2014-01-01,NT,0,12,12,0
trastuzumab,2014-02-01,NT,0,13,13,0
trastuzumab,2014-03-01,NT,0,40,40,0
trastuzumab,2014-04-01,NT,0,13,13,0
trastuzumab,2014-05-01,NT,0,23,23,0
trastuzumab,2014-06-01,NT,0,17,17,0
trastuzumab,2014-07-01,NT,0,23,23,0
trastuzumab,2014-08-01,NT,0,26,26,0
trastuzumab,2014-09-01,NT,0,26,26,0
trastuzumab,2014-10-01,NT,0,31,31,0
trastuzumab,2014-11-01,NT,0,0,0,0
trastuzumab,2014-12-01,NT,0,27,27,0
trastuzumab,2015-01-01,NT,0,21,21,0
trastuzumab,2015-02-01,NT,0,45,45,0
trastuzumab,2015-03-01,NT,0,0,0,0
trastuzumab,2015-04-01,NT,0,25,25,0
trastuzumab,2015-05-01,NT,0,20,20,0
trastuzumab,2015-06-01,NT,0,40,40,0
trastuzumab,2015-07-01,NT,0,15,15,0
trastuzumab,2015-08-01,NT,0,15,15,0
trastuzumab,2015-09-01,NT,0,17,17,0
trastuzumab,2015-10-01,NT,0,0,0,0
trastuzumab,2015-11-01,NT,0,14,14,0
trastuzumab,2015-12-01,NT,0,17,17,0
trastuzumab,2016-01-01,NT,0,12,12,0
trastuzumab,2016-02-01,NT,0,17,17,0
trastuzumab,2016-03-01,NT,0,50,50,0
trastuzumab,2016-04-01,NT,0,25,25,0
trastuzumab,2016-05-01,NT,0,31,31,0
trastuzumab,2016-06-01,NT,0,63,63,0
trastuzumab,2016-07-01,NT,0,27,27,0
trastuzumab,2016-08-01,NT,0,70,70,0
trastuzumab,2016-09-01,NT,0,6,6,0
trastuzumab,2016-10-01,NT,0,25,25,0
trastuzumab,2016-11-01,NT,0,71,71,0
trastuzumab,2016-12-01,NT,0,33,33,0
trastuzumab,2017-01-01,NT,0,40,40,0
trastuzumab,2017-02-01,NT,0,31,31,0
trastuzumab,2017-03-01,NT,0,40,40,0
trastuzumab,2017-04-01,NT,0,5,5,0
trastuzumab,2017-05-01,NT,0,25,25,0
trastuzumab,2017-06-01,NT,0,47,47,0
trastuzumab,2017-07-01,NT,0,26,26,0
trastuzumab,2017-08-01,NT,0,4,4,0
trastuzumab,2017-09-01,NT,0,23,23,0
trastuzumab,2017-10-01,NT,0,26,26,0
trastuzumab,2017-11-01,NT,0,30,30,0
trastuzumab,2017-12-01,NT,0,25,25,0
trastuzumab,2018-01-01,NT,0,34,34,0
trastuzumab,2018-02-01,NT,0,0,0,0
trastuzumab,2018-03-01,NT,0,50,50,0
trastuzumab,2018-04-01,NT,0,2,2,0
trastuzumab,2018-05-01,NT,0,27,27,0
trastuzumab,2018-06-01,NT,0,33,33,0
trastuzumab,2018-07-01,NT,0,64,64,0
trastuzumab,2018-08-01,NT,0,40,40,0
trastuzumab,2018-09-01,NT,0,3,3,0
trastuzumab,2018-10-01,NT,0,34,34,0
trastuzumab,2018-11-01,NT,0,33,33,0
trastuzumab,2018-12-01,NT,0,64,64,0
trastuzumab,2019-01-01,NT,0,4,4,0
trastuzumab,2019-02-01,NT,0,59,59,0
trastuzumab,2019-03-01,NT,0,20,20,0
trastuzumab,2019-04-01,NT,0,33,33,0
trastuzumab,2019-05-01,NT,0,53,53,0
trastuzumab,2019-06-01,NT,0,64,64,0
trastuzumab,2019-07-01,NT,0,13,13,0
trastuzumab,2019-08-01,NT,42,3,45,0.9333333333333333
trastuzumab,2019-09-01,NT,38,3,41,0.926829268292683
trastuzumab,2019-10-01,NT,37,1,38,0.9736842105263158
trastuzumab,2019-11-01,NT,47,1,48,0.9791666666666666
trastuzumab,2019-12-01,NT,37,2,39,0.9487179487179487
trastuzumab,2020-01-01,NT,101,1,102,0.9901960784313726
trastuzumab,2020-02-01,NT,47,2,49,0.9591836734693877
trastuzumab,2020-03-01,NT,62,2,64,0.96875
trastuzumab,2020-04-01,NT,6,0,6,1
trastuzumab,2020-05-01,NT,44,2,46,0.9565217391304348
trastuzumab,2020-06-01,NT,45,0,45,1
trastuzumab,2020-07-01,NT,48,2,50,0.96
trastuzumab,2020-08-01,NT,42,4,46,0.9130434782608695
trastuzumab,2020-09-01,NT,31,1,32,0.96875
trastuzumab,2020-10-01,NT,25,2,27,0.9259259259259259
trastuzumab,2020-11-01,NT,9,0,9,1
trastuzumab,2020-12-01,NT,32,2,34,0.9411764705882353
trastuzumab,2021-01-01,NT,42,4,46,0.9130434782608695
trastuzumab,2021-02-01,NT,40,1,41,0.975609756097561
trastuzumab,2021-03-01,NT,3,0,3,1
trastuzumab,2021-04-01,NT,30,4,34,0.8823529411764706
trastuzumab,2021-05-01,NT,26,2,28,0.9285714285714286
trastuzumab,2021-06-01,NT,33,4,37,0.8918918918918919
trastuzumab,2021-07-01,NT,44,6,50,0.88
trastuzumab,2021-08-01,NT,33,6,39,0.8461538461538461
trastuzumab,2021-09-01,NT,28,0,28,1
trastuzumab,2021-10-01,NT,35,3,38,0.9210526315789473
trastuzumab,2021-11-01,NT,57,5,62,0.9193548387096774
trastuzumab,2021-12-01,NT,19,2,21,0.9047619047619048
trastuzumab,2022-01-01,NT,45,3,48,0.9375
trastuzumab,2022-02-01,NT,46,4,50,0.92
trastuzumab,2022-03-01,NT,40,5,45,0.8888888888888888
trastuzumab,2022-04-01,NT,34,1,35,0.9714285714285714
trastuzumab,2022-05-01,NT,7,0,7,1
trastuzumab,2022-06-01,NT,55,7,62,0.8870967741935484
trastuzumab,2009-01-01,QLD,0,455,455,0
trastuzumab,2009-02-01,QLD,0,337,337,0
trastuzumab,2009-03-01,QLD,0,376,376,0
trastuzumab,2009-04-01,QLD,0,396,396,0
trastuzumab,2009-05-01,QLD,0,477,477,0
trastuzumab,2009-06-01,QLD,0,351,351,0
trastuzumab,2009-07-01,QLD,0,445,445,0
trastuzumab,2009-08-01,QLD,0,452,452,0
trastuzumab,2009-09-01,QLD,0,426,426,0
trastuzumab,2009-10-01,QLD,0,463,463,0
trastuzumab,2009-11-01,QLD,0,470,470,0
trastuzumab,2009-12-01,QLD,0,363,363,0
trastuzumab,2010-01-01,QLD,0,461,461,0
trastuzumab,2010-02-01,QLD,0,479,479,0
trastuzumab,2010-03-01,QLD,0,416,416,0
trastuzumab,2010-04-01,QLD,0,381,381,0
trastuzumab,2010-05-01,QLD,0,426,426,0
trastuzumab,2010-06-01,QLD,0,452,452,0
trastuzumab,2010-07-01,QLD,0,446,446,0
trastuzumab,2010-08-01,QLD,0,276,276,0
trastuzumab,2010-09-01,QLD,0,340,340,0
trastuzumab,2010-10-01,QLD,0,393,393,0
trastuzumab,2010-11-01,QLD,0,346,346,0
trastuzumab,2010-12-01,QLD,0,306,306,0
trastuzumab,2011-01-01,QLD,0,486,486,0
trastuzumab,2011-02-01,QLD,0,411,411,0
trastuzumab,2011-03-01,QLD,0,415,415,0
trastuzumab,2011-04-01,QLD,0,442,442,0
trastuzumab,2011-05-01,QLD,0,449,449,0
trastuzumab,2011-06-01,QLD,0,492,492,0
trastuzumab,2011-07-01,QLD,0,602,602,0
trastuzumab,2011-08-01,QLD,0,493,493,0
trastuzumab,2011-09-01,QLD,0,589,589,0
trastuzumab,2011-10-01,QLD,0,510,510,0
trastuzumab,2011-11-01,QLD,0,515,515,0
trastuzumab,2011-12-01,QLD,0,588,588,0
trastuzumab,2012-01-01,QLD,0,680,680,0
trastuzumab,2012-02-01,QLD,0,463,463,0
trastuzumab,2012-03-01,QLD,0,634,634,0
trastuzumab,2012-04-01,QLD,0,581,581,0
trastuzumab,2012-05-01,QLD,0,468,468,0
trastuzumab,2012-06-01,QLD,0,578,578,0
trastuzumab,2012-07-01,QLD,0,760,760,0
trastuzumab,2012-08-01,QLD,0,330,330,0
trastuzumab,2012-09-01,QLD,0,803,803,0
trastuzumab,2012-10-01,QLD,0,457,457,0
trastuzumab,2012-11-01,QLD,0,533,533,0
trastuzumab,2012-12-01,QLD,0,336,336,0
trastuzumab,2013-01-01,QLD,0,596,596,0
trastuzumab,2013-02-01,QLD,0,504,504,0
trastuzumab,2013-03-01,QLD,0,500,500,0
trastuzumab,2013-04-01,QLD,0,448,448,0
trastuzumab,2013-05-01,QLD,0,560,560,0
trastuzumab,2013-06-01,QLD,0,552,552,0
trastuzumab,2013-07-01,QLD,0,454,454,0
trastuzumab,2013-08-01,QLD,0,615,615,0
trastuzumab,2013-09-01,QLD,0,687,687,0
trastuzumab,2013-10-01,QLD,0,522,522,0
trastuzumab,2013-11-01,QLD,0,395,395,0
trastuzumab,2013-12-01,QLD,0,728,728,0
trastuzumab,2014-01-01,QLD,0,601,601,0
trastuzumab,2014-02-01,QLD,0,719,719,0
trastuzumab,2014-03-01,QLD,0,429,429,0
trastuzumab,2014-04-01,QLD,0,773,773,0
trastuzumab,2014-05-01,QLD,0,836,836,0
trastuzumab,2014-06-01,QLD,0,623,623,0
trastuzumab,2014-07-01,QLD,0,558,558,0
trastuzumab,2014-08-01,QLD,0,464,464,0
trastuzumab,2014-09-01,QLD,0,538,538,0
trastuzumab,2014-10-01,QLD,0,539,539,0
trastuzumab,2014-11-01,QLD,0,499,499,0
trastuzumab,2014-12-01,QLD,0,522,522,0
trastuzumab,2015-01-01,QLD,0,627,627,0
trastuzumab,2015-02-01,QLD,0,444,444,0
trastuzumab,2015-03-01,QLD,0,465,465,0
trastuzumab,2015-04-01,QLD,0,400,400,0
trastuzumab,2015-05-01,QLD,0,961,961,0
trastuzumab,2015-06-01,QLD,0,481,481,0
trastuzumab,2015-07-01,QLD,0,549,549,0
trastuzumab,2015-08-01,QLD,0,597,597,0
trastuzumab,2015-09-01,QLD,0,853,853,0
trastuzumab,2015-10-01,QLD,0,969,969,0
trastuzumab,2015-11-01,QLD,0,580,580,0
trastuzumab,2015-12-01,QLD,0,828,828,0
trastuzumab,2016-01-01,QLD,0,851,851,0
trastuzumab,2016-02-01,QLD,0,930,930,0
trastuzumab,2016-03-01,QLD,0,921,921,0
trastuzumab,2016-04-01,QLD,0,876,876,0
trastuzumab,2016-05-01,QLD,0,695,695,0
trastuzumab,2016-06-01,QLD,0,543,543,0
trastuzumab,2016-07-01,QLD,0,1316,1316,0
trastuzumab,2016-08-01,QLD,0,810,810,0
trastuzumab,2016-09-01,QLD,0,682,682,0
trastuzumab,2016-10-01,QLD,0,689,689,0
trastuzumab,2016-11-01,QLD,0,785,785,0
trastuzumab,2016-12-01,QLD,0,927,927,0
trastuzumab,2017-01-01,QLD,0,556,556,0
trastuzumab,2017-02-01,QLD,0,1242,1242,0
trastuzumab,2017-03-01,QLD,0,883,883,0
trastuzumab,2017-04-01,QLD,0,753,753,0
trastuzumab,2017-05-01,QLD,0,725,725,0
trastuzumab,2017-06-01,QLD,0,1194,1194,0
trastuzumab,2017-07-01,QLD,0,783,783,0
trastuzumab,2017-08-01,QLD,0,904,904,0
trastuzumab,2017-09-01,QLD,0,1133,1133,0
trastuzumab,2017-10-01,QLD,0,713,713,0
trastuzumab,2017-11-01,QLD,0,871,871,0
trastuzumab,2017-12-01,QLD,0,992,992,0
trastuzumab,2018-01-01,QLD,0,674,674,0
trastuzumab,2018-02-01,QLD,0,1288,1288,0
trastuzumab,2018-03-01,QLD,0,950,950,0
trastuzumab,2018-04-01,QLD,0,657,657,0
trastuzumab,2018-05-01,QLD,0,1416,1416,0
trastuzumab,2018-06-01,QLD,0,1047,1047,0
trastuzumab,2018-07-01,QLD,0,637,637,0
trastuzumab,2018-08-01,QLD,0,752,752,0
trastuzumab,2018-09-01,QLD,0,1070,1070,0
trastuzumab,2018-10-01,QLD,0,816,816,0
trastuzumab,2018-11-01,QLD,0,825,825,0
trastuzumab,2018-12-01,QLD,0,1167,1167,0
trastuzumab,2019-01-01,QLD,0,752,752,0
trastuzumab,2019-02-01,QLD,0,795,795,0
trastuzumab,2019-03-01,QLD,0,842,842,0
trastuzumab,2019-04-01,QLD,0,661,661,0
trastuzumab,2019-05-01,QLD,0,1647,1647,0
trastuzumab,2019-06-01,QLD,0,1030,1030,0
trastuzumab,2019-07-01,QLD,0,1077,1077,0
trastuzumab,2019-08-01,QLD,1042,59,1101,0.9464123524069028
trastuzumab,2019-09-01,QLD,973,68,1041,0.9346781940441883
trastuzumab,2019-10-01,QLD,911,59,970,0.9391752577319588
trastuzumab,2019-11-01,QLD,1150,65,1215,0.9465020576131687
trastuzumab,2019-12-01,QLD,1153,77,1230,0.9373983739837398
trastuzumab,2020-01-01,QLD,988,56,1044,0.946360153256705
trastuzumab,2020-02-01,QLD,1112,71,1183,0.9399830938292477
trastuzumab,2020-03-01,QLD,850,58,908,0.9361233480176211
trastuzumab,2020-04-01,QLD,1157,60,1217,0.9506984387838948
trastuzumab,2020-05-01,QLD,1085,80,1165,0.9313304721030042
trastuzumab,2020-06-01,QLD,829,77,906,0.9150110375275938
trastuzumab,2020-07-01,QLD,1079,84,1163,0.9277730008598453
trastuzumab,2020-08-01,QLD,1027,49,1076,0.9544609665427509
trastuzumab,2020-09-01,QLD,998,74,1072,0.9309701492537313
trastuzumab,2020-10-01,QLD,1042,56,1098,0.9489981785063752
trastuzumab,2020-11-01,QLD,864,63,927,0.9320388349514563
trastuzumab,2020-12-01,QLD,1240,57,1297,0.9560524286815728
trastuzumab,2021-01-01,QLD,1048,64,1112,0.9424460431654677
trastuzumab,2021-02-01,QLD,934,72,1006,0.9284294234592445
trastuzumab,2021-03-01,QLD,908,68,976,0.930327868852459
trastuzumab,2021-04-01,QLD,862,39,901,0.9567147613762487
trastuzumab,2021-05-01,QLD,1004,54,1058,0.9489603024574669
trastuzumab,2021-06-01,QLD,837,95,932,0.898068669527897
trastuzumab,2021-07-01,QLD,1121,79,1200,0.9341666666666667
trastuzumab,2021-08-01,QLD,832,72,904,0.9203539823008849
trastuzumab,2021-09-01,QLD,963,68,1031,0.9340446168768186
trastuzumab,2021-10-01,QLD,962,93,1055,0.9118483412322275
trastuzumab,2021-11-01,QLD,833,90,923,0.9024918743228603
trastuzumab,2021-12-01,QLD,1033,97,1130,0.9141592920353983
trastuzumab,2022-01-01,QLD,858,56,914,0.9387308533916849
trastuzumab,2022-02-01,QLD,955,90,1045,0.9138755980861244
trastuzumab,2022-03-01,QLD,1066,69,1135,0.9392070484581497
trastuzumab,2022-04-01,QLD,1109,111,1220,0.909016393442623
trastuzumab,2022-05-01,QLD,894,66,960,0.93125
trastuzumab,2022-06-01,QLD,1134,70,1204,0.9418604651162791
trastuzumab,2009-01-01,SA,0,215,215,0
trastuzumab,2009-02-01,SA,0,159,159,0
trastuzumab,2009-03-01,SA,0,234,234,0
trastuzumab,2009-04-01,SA,0,153,153,0
trastuzumab,2009-05-01,SA,0,137,137,0
trastuzumab,2009-06-01,SA,0,114,114,0
trastuzumab,2009-07-01,SA,0,130,130,0
trastuzumab,2009-08-01,SA,0,116,116,0
trastuzumab,2009-09-01,SA,0,137,137,0
trastuzumab,2009-10-01,SA,0,147,147,0
trastuzumab,2009-11-01,SA,0,99,99,0
trastuzumab,2009-12-01,SA,0,137,137,0
trastuzumab,2010-01-01,SA,0,154,154,0
trastuzumab,2010-02-01,SA,0,124,124,0
trastuzumab,2010-03-01,SA,0,139,139,0
trastuzumab,2010-04-01,SA,0,109,109,0
trastuzumab,2010-05-01,SA,0,141,141,0
trastuzumab,2010-06-01,SA,0,128,128,0
trastuzumab,2010-07-01,SA,0,120,120,0
trastuzumab,2010-08-01,SA,0,124,124,0
trastuzumab,2010-09-01,SA,0,134,134,0
trastuzumab,2010-10-01,SA,0,151,151,0
trastuzumab,2010-11-01,SA,0,121,121,0
trastuzumab,2010-12-01,SA,0,129,129,0
trastuzumab,2011-01-01,SA,0,100,100,0
trastuzumab,2011-02-01,SA,0,128,128,0
trastuzumab,2011-03-01,SA,0,163,163,0
trastuzumab,2011-04-01,SA,0,159,159,0
trastuzumab,2011-05-01,SA,0,166,166,0
trastuzumab,2011-06-01,SA,0,177,177,0
trastuzumab,2011-07-01,SA,0,200,200,0
trastuzumab,2011-08-01,SA,0,189,189,0
trastuzumab,2011-09-01,SA,0,215,215,0
trastuzumab,2011-10-01,SA,0,146,146,0
trastuzumab,2011-11-01,SA,0,200,200,0
trastuzumab,2011-12-01,SA,0,138,138,0
trastuzumab,2012-01-01,SA,0,142,142,0
trastuzumab,2012-02-01,SA,0,96,96,0
trastuzumab,2012-03-01,SA,0,159,159,0
trastuzumab,2012-04-01,SA,0,84,84,0
trastuzumab,2012-05-01,SA,0,117,117,0
trastuzumab,2012-06-01,SA,0,129,129,0
trastuzumab,2012-07-01,SA,0,228,228,0
trastuzumab,2012-08-01,SA,0,128,128,0
trastuzumab,2012-09-01,SA,0,145,145,0
trastuzumab,2012-10-01,SA,0,110,110,0
trastuzumab,2012-11-01,SA,0,205,205,0
trastuzumab,2012-12-01,SA,0,67,67,0
trastuzumab,2013-01-01,SA,0,146,146,0
trastuzumab,2013-02-01,SA,0,155,155,0
trastuzumab,2013-03-01,SA,0,142,142,0
trastuzumab,2013-04-01,SA,0,149,149,0
trastuzumab,2013-05-01,SA,0,197,197,0
trastuzumab,2013-06-01,SA,0,159,159,0
trastuzumab,2013-07-01,SA,0,140,140,0
trastuzumab,2013-08-01,SA,0,137,137,0
trastuzumab,2013-09-01,SA,0,226,226,0
trastuzumab,2013-10-01,SA,0,168,168,0
trastuzumab,2013-11-01,SA,0,99,99,0
trastuzumab,2013-12-01,SA,0,184,184,0
trastuzumab,2014-01-01,SA,0,185,185,0
trastuzumab,2014-02-01,SA,0,146,146,0
trastuzumab,2014-03-01,SA,0,183,183,0
trastuzumab,2014-04-01,SA,0,137,137,0
trastuzumab,2014-05-01,SA,0,227,227,0
trastuzumab,2014-06-01,SA,0,221,221,0
trastuzumab,2014-07-01,SA,0,151,151,0
trastuzumab,2014-08-01,SA,0,142,142,0
trastuzumab,2014-09-01,SA,0,188,188,0
trastuzumab,2014-10-01,SA,0,106,106,0
trastuzumab,2014-11-01,SA,0,202,202,0
trastuzumab,2014-12-01,SA,0,156,156,0
trastuzumab,2015-01-01,SA,0,321,321,0
trastuzumab,2015-02-01,SA,0,172,172,0
trastuzumab,2015-03-01,SA,0,201,201,0
trastuzumab,2015-04-01,SA,0,133,133,0
trastuzumab,2015-05-01,SA,0,332,332,0
trastuzumab,2015-06-01,SA,0,142,142,0
trastuzumab,2015-07-01,SA,0,220,220,0
trastuzumab,2015-08-01,SA,0,263,263,0
trastuzumab,2015-09-01,SA,0,320,320,0
trastuzumab,2015-10-01,SA,0,331,331,0
trastuzumab,2015-11-01,SA,0,254,254,0
trastuzumab,2015-12-01,SA,0,317,317,0
trastuzumab,2016-01-01,SA,0,333,333,0
trastuzumab,2016-02-01,SA,0,236,236,0
trastuzumab,2016-03-01,SA,0,471,471,0
trastuzumab,2016-04-01,SA,0,262,262,0
trastuzumab,2016-05-01,SA,0,491,491,0
trastuzumab,2016-06-01,SA,0,173,173,0
trastuzumab,2016-07-01,SA,0,457,457,0
trastuzumab,2016-08-01,SA,0,262,262,0
trastuzumab,2016-09-01,SA,0,423,423,0
trastuzumab,2016-10-01,SA,0,287,287,0
trastuzumab,2016-11-01,SA,0,284,284,0
trastuzumab,2016-12-01,SA,0,258,258,0
trastuzumab,2017-01-01,SA,0,301,301,0
trastuzumab,2017-02-01,SA,0,324,324,0
trastuzumab,2017-03-01,SA,0,432,432,0
trastuzumab,2017-04-01,SA,0,323,323,0
trastuzumab,2017-05-01,SA,0,286,286,0
trastuzumab,2017-06-01,SA,0,334,334,0
trastuzumab,2017-07-01,SA,0,381,381,0
trastuzumab,2017-08-01,SA,0,293,293,0
trastuzumab,2017-09-01,SA,0,295,295,0
trastuzumab,2017-10-01,SA,0,215,215,0
trastuzumab,2017-11-01,SA,0,450,450,0
trastuzumab,2017-12-01,SA,0,287,287,0
trastuzumab,2018-01-01,SA,0,202,202,0
trastuzumab,2018-02-01,SA,0,423,423,0
trastuzumab,2018-03-01,SA,0,467,467,0
trastuzumab,2018-04-01,SA,0,480,480,0
trastuzumab,2018-05-01,SA,0,362,362,0
trastuzumab,2018-06-01,SA,0,356,356,0
trastuzumab,2018-07-01,SA,0,273,273,0
trastuzumab,2018-08-01,SA,0,417,417,0
trastuzumab,2018-09-01,SA,0,373,373,0
trastuzumab,2018-10-01,SA,0,336,336,0
trastuzumab,2018-11-01,SA,0,359,359,0
trastuzumab,2018-12-01,SA,0,423,423,0
trastuzumab,2019-01-01,SA,0,391,391,0
trastuzumab,2019-02-01,SA,0,289,289,0
trastuzumab,2019-03-01,SA,0,270,270,0
trastuzumab,2019-04-01,SA,0,341,341,0
trastuzumab,2019-05-01,SA,0,329,329,0
trastuzumab,2019-06-01,SA,0,623,623,0
trastuzumab,2019-07-01,SA,0,429,429,0
trastuzumab,2019-08-01,SA,348,28,376,0.925531914893617
trastuzumab,2019-09-01,SA,221,29,250,0.884
trastuzumab,2019-10-01,SA,380,18,398,0.9547738693467337
trastuzumab,2019-11-01,SA,396,12,408,0.9705882352941176
trastuzumab,2019-12-01,SA,338,14,352,0.9602272727272727
trastuzumab,2020-01-01,SA,457,28,485,0.9422680412371134
trastuzumab,2020-02-01,SA,350,2,352,0.9943181818181818
trastuzumab,2020-03-01,SA,269,9,278,0.9676258992805755
trastuzumab,2020-04-01,SA,423,6,429,0.986013986013986
trastuzumab,2020-05-01,SA,343,4,347,0.9884726224783862
trastuzumab,2020-06-01,SA,388,2,390,0.9948717948717949
trastuzumab,2020-07-01,SA,487,6,493,0.9878296146044625
trastuzumab,2020-08-01,SA,352,2,354,0.9943502824858758
trastuzumab,2020-09-01,SA,303,3,306,0.9901960784313726
trastuzumab,2020-10-01,SA,299,12,311,0.9614147909967846
trastuzumab,2020-11-01,SA,471,8,479,0.9832985386221295
trastuzumab,2020-12-01,SA,399,18,417,0.9568345323741008
trastuzumab,2021-01-01,SA,241,8,249,0.9678714859437751
trastuzumab,2021-02-01,SA,343,12,355,0.9661971830985916
trastuzumab,2021-03-01,SA,327,7,334,0.9790419161676647
trastuzumab,2021-04-01,SA,335,14,349,0.9598853868194842
trastuzumab,2021-05-01,SA,411,13,424,0.9693396226415094
trastuzumab,2021-06-01,SA,222,11,233,0.9527896995708155
trastuzumab,2021-07-01,SA,423,17,440,0.9613636363636363
trastuzumab,2021-08-01,SA,296,19,315,0.9396825396825397
trastuzumab,2021-09-01,SA,375,8,383,0.97911227154047
trastuzumab,2021-10-01,SA,352,14,366,0.9617486338797814
trastuzumab,2021-11-01,SA,420,11,431,0.974477958236659
trastuzumab,2021-12-01,SA,460,21,481,0.9563409563409564
trastuzumab,2022-01-01,SA,325,4,329,0.9878419452887538
trastuzumab,2022-02-01,SA,315,8,323,0.9752321981424149
trastuzumab,2022-03-01,SA,488,8,496,0.9838709677419355
trastuzumab,2022-04-01,SA,405,8,413,0.9806295399515739
trastuzumab,2022-05-01,SA,397,7,404,0.9826732673267327
trastuzumab,2022-06-01,SA,529,13,542,0.9760147601476015
trastuzumab,2009-01-01,TAS,0,11,11,0
trastuzumab,2009-02-01,TAS,0,9,9,0
trastuzumab,2009-03-01,TAS,0,11,11,0
trastuzumab,2009-04-01,TAS,0,16,16,0
trastuzumab,2009-05-01,TAS,0,14,14,0
trastuzumab,2009-06-01,TAS,0,10,10,0
trastuzumab,2009-07-01,TAS,0,14,14,0
trastuzumab,2009-08-01,TAS,0,12,12,0
trastuzumab,2009-09-01,TAS,0,15,15,0
trastuzumab,2009-10-01,TAS,0,13,13,0
trastuzumab,2009-11-01,TAS,0,16,16,0
trastuzumab,2009-12-01,TAS,0,14,14,0
trastuzumab,2010-01-01,TAS,0,34,34,0
trastuzumab,2010-02-01,TAS,0,23,23,0
trastuzumab,2010-03-01,TAS,0,37,37,0
trastuzumab,2010-04-01,TAS,0,22,22,0
trastuzumab,2010-05-01,TAS,0,12,12,0
trastuzumab,2010-06-01,TAS,0,30,30,0
trastuzumab,2010-07-01,TAS,0,18,18,0
trastuzumab,2010-08-01,TAS,0,26,26,0
trastuzumab,2010-09-01,TAS,0,19,19,0
trastuzumab,2010-10-01,TAS,0,17,17,0
trastuzumab,2010-11-01,TAS,0,12,12,0
trastuzumab,2010-12-01,TAS,0,14,14,0
trastuzumab,2011-01-01,TAS,0,7,7,0
trastuzumab,2011-02-01,TAS,0,7,7,0
trastuzumab,2011-03-01,TAS,0,14,14,0
trastuzumab,2011-04-01,TAS,0,5,5,0
trastuzumab,2011-05-01,TAS,0,32,32,0
trastuzumab,2011-06-01,TAS,0,5,5,0
trastuzumab,2011-07-01,TAS,0,18,18,0
trastuzumab,2011-08-01,TAS,0,14,14,0
trastuzumab,2011-09-01,TAS,0,11,11,0
trastuzumab,2011-10-01,TAS,0,14,14,0
trastuzumab,2011-11-01,TAS,0,18,18,0
trastuzumab,2011-12-01,TAS,0,8,8,0
trastuzumab,2012-01-01,TAS,0,22,22,0
trastuzumab,2012-02-01,TAS,0,12,12,0
trastuzumab,2012-03-01,TAS,0,27,27,0
trastuzumab,2012-04-01,TAS,0,11,11,0
trastuzumab,2012-05-01,TAS,0,22,22,0
trastuzumab,2012-06-01,TAS,0,208,208,0
trastuzumab,2012-07-01,TAS,0,42,42,0
trastuzumab,2012-08-01,TAS,0,77,77,0
trastuzumab,2012-09-01,TAS,0,90,90,0
trastuzumab,2012-10-01,TAS,0,76,76,0
trastuzumab,2012-11-01,TAS,0,78,78,0
trastuzumab,2012-12-01,TAS,0,51,51,0
trastuzumab,2013-01-01,TAS,0,77,77,0
trastuzumab,2013-02-01,TAS,0,38,38,0
trastuzumab,2013-03-01,TAS,0,75,75,0
trastuzumab,2013-04-01,TAS,0,56,56,0
trastuzumab,2013-05-01,TAS,0,75,75,0
trastuzumab,2013-06-01,TAS,0,57,57,0
trastuzumab,2013-07-01,TAS,0,40,40,0
trastuzumab,2013-08-01,TAS,0,64,64,0
trastuzumab,2013-09-01,TAS,0,52,52,0
trastuzumab,2013-10-01,TAS,0,56,56,0
trastuzumab,2013-11-01,TAS,0,55,55,0
trastuzumab,2013-12-01,TAS,0,65,65,0
trastuzumab,2014-01-01,TAS,0,73,73,0
trastuzumab,2014-02-01,TAS,0,50,50,0
trastuzumab,2014-03-01,TAS,0,55,55,0
trastuzumab,2014-04-01,TAS,0,79,79,0
trastuzumab,2014-05-01,TAS,0,73,73,0
trastuzumab,2014-06-01,TAS,0,105,105,0
trastuzumab,2014-07-01,TAS,0,54,54,0
trastuzumab,2014-08-01,TAS,0,91,91,0
trastuzumab,2014-09-01,TAS,0,76,76,0
trastuzumab,2014-10-01,TAS,0,97,97,0
trastuzumab,2014-11-01,TAS,0,63,63,0
trastuzumab,2014-12-01,TAS,0,66,66,0
trastuzumab,2015-01-01,TAS,0,102,102,0
trastuzumab,2015-02-01,TAS,0,66,66,0
trastuzumab,2015-03-01,TAS,0,89,89,0
trastuzumab,2015-04-01,TAS,0,35,35,0
trastuzumab,2015-05-01,TAS,0,151,151,0
trastuzumab,2015-06-01,TAS,0,73,73,0
trastuzumab,2015-07-01,TAS,0,80,80,0
trastuzumab,2015-08-01,TAS,0,106,106,0
trastuzumab,2015-09-01,TAS,0,99,99,0
trastuzumab,2015-10-01,TAS,0,75,75,0
trastuzumab,2015-11-01,TAS,0,119,119,0
trastuzumab,2015-12-01,TAS,0,94,94,0
trastuzumab,2016-01-01,TAS,0,70,70,0
trastuzumab,2016-02-01,TAS,0,109,109,0
trastuzumab,2016-03-01,TAS,0,101,101,0
trastuzumab,2016-04-01,TAS,0,64,64,0
trastuzumab,2016-05-01,TAS,0,135,135,0
trastuzumab,2016-06-01,TAS,0,130,130,0
trastuzumab,2016-07-01,TAS,0,72,72,0
trastuzumab,2016-08-01,TAS,0,97,97,0
trastuzumab,2016-09-01,TAS,0,76,76,0
trastuzumab,2016-10-01,TAS,0,66,66,0
trastuzumab,2016-11-01,TAS,0,67,67,0
trastuzumab,2016-12-01,TAS,0,134,134,0
trastuzumab,2017-01-01,TAS,0,84,84,0
trastuzumab,2017-02-01,TAS,0,52,52,0
trastuzumab,2017-03-01,TAS,0,118,118,0
trastuzumab,2017-04-01,TAS,0,106,106,0
trastuzumab,2017-05-01,TAS,0,113,113,0
trastuzumab,2017-06-01,TAS,0,96,96,0
trastuzumab,2017-07-01,TAS,0,121,121,0
trastuzumab,2017-08-01,TAS,0,72,72,0
trastuzumab,2017-09-01,TAS,0,97,97,0
trastuzumab,2017-10-01,TAS,0,106,106,0
trastuzumab,2017-11-01,TAS,0,68,68,0
trastuzumab,2017-12-01,TAS,0,155,155,0
trastuzumab,2018-01-01,TAS,0,74,74,0
trastuzumab,2018-02-01,TAS,0,92,92,0
trastuzumab,2018-03-01,TAS,0,63,63,0
trastuzumab,2018-04-01,TAS,0,61,61,0
trastuzumab,2018-05-01,TAS,0,109,109,0
trastuzumab,2018-06-01,TAS,0,44,44,0
trastuzumab,2018-07-01,TAS,0,68,68,0
trastuzumab,2018-08-01,TAS,0,123,123,0
trastuzumab,2018-09-01,TAS,0,89,89,0
trastuzumab,2018-10-01,TAS,0,81,81,0
trastuzumab,2018-11-01,TAS,0,47,47,0
trastuzumab,2018-12-01,TAS,0,59,59,0
trastuzumab,2019-01-01,TAS,0,106,106,0
trastuzumab,2019-02-01,TAS,0,72,72,0
trastuzumab,2019-03-01,TAS,0,123,123,0
trastuzumab,2019-04-01,TAS,0,89,89,0
trastuzumab,2019-05-01,TAS,0,95,95,0
trastuzumab,2019-06-01,TAS,0,93,93,0
trastuzumab,2019-07-01,TAS,0,34,34,0
trastuzumab,2019-08-01,TAS,81,27,108,0.75
trastuzumab,2019-09-01,TAS,125,37,162,0.7716049382716049
trastuzumab,2019-10-01,TAS,71,18,89,0.797752808988764
trastuzumab,2019-11-01,TAS,59,18,77,0.7662337662337663
trastuzumab,2019-12-01,TAS,51,8,59,0.864406779661017
trastuzumab,2020-01-01,TAS,138,36,174,0.7931034482758621
trastuzumab,2020-02-01,TAS,63,10,73,0.863013698630137
trastuzumab,2020-03-01,TAS,50,14,64,0.78125
trastuzumab,2020-04-01,TAS,118,25,143,0.8251748251748252
trastuzumab,2020-05-01,TAS,54,19,73,0.7397260273972602
trastuzumab,2020-06-01,TAS,95,11,106,0.8962264150943396
trastuzumab,2020-07-01,TAS,81,28,109,0.7431192660550459
trastuzumab,2020-08-01,TAS,95,10,105,0.9047619047619048
trastuzumab,2020-09-01,TAS,72,19,91,0.7912087912087912
trastuzumab,2020-10-01,TAS,101,18,119,0.8487394957983193
trastuzumab,2020-11-01,TAS,89,15,104,0.8557692307692307
trastuzumab,2020-12-01,TAS,91,15,106,0.8584905660377359
trastuzumab,2021-01-01,TAS,102,14,116,0.8793103448275862
trastuzumab,2021-02-01,TAS,84,22,106,0.7924528301886793
trastuzumab,2021-03-01,TAS,100,17,117,0.8547008547008547
trastuzumab,2021-04-01,TAS,123,29,152,0.8092105263157895
trastuzumab,2021-05-01,TAS,79,21,100,0.79
trastuzumab,2021-06-01,TAS,125,34,159,0.7861635220125787
trastuzumab,2021-07-01,TAS,70,13,83,0.8433734939759037
trastuzumab,2021-08-01,TAS,94,22,116,0.8103448275862069
trastuzumab,2021-09-01,TAS,89,24,113,0.7876106194690266
trastuzumab,2021-10-01,TAS,63,24,87,0.7241379310344828
trastuzumab,2021-11-01,TAS,132,38,170,0.7764705882352941
trastuzumab,2021-12-01,TAS,70,14,84,0.8333333333333334
trastuzumab,2022-01-01,TAS,97,21,118,0.8220338983050848
trastuzumab,2022-02-01,TAS,104,24,128,0.8125
trastuzumab,2022-03-01,TAS,68,21,89,0.7640449438202247
trastuzumab,2022-04-01,TAS,81,21,102,0.7941176470588235
trastuzumab,2022-05-01,TAS,81,10,91,0.8901098901098901
trastuzumab,2022-06-01,TAS,116,37,153,0.7581699346405228
trastuzumab,2009-01-01,VIC,0,297,297,0
trastuzumab,2009-02-01,VIC,0,551,551,0
trastuzumab,2009-03-01,VIC,0,431,431,0
trastuzumab,2009-04-01,VIC,0,483,483,0
trastuzumab,2009-05-01,VIC,0,488,488,0
trastuzumab,2009-06-01,VIC,0,473,473,0
trastuzumab,2009-07-01,VIC,0,413,413,0
trastuzumab,2009-08-01,VIC,0,484,484,0
trastuzumab,2009-09-01,VIC,0,483,483,0
trastuzumab,2009-10-01,VIC,0,506,506,0
trastuzumab,2009-11-01,VIC,0,490,490,0
trastuzumab,2009-12-01,VIC,0,544,544,0
trastuzumab,2010-01-01,VIC,0,639,639,0
trastuzumab,2010-02-01,VIC,0,440,440,0
trastuzumab,2010-03-01,VIC,0,618,618,0
trastuzumab,2010-04-01,VIC,0,466,466,0
trastuzumab,2010-05-01,VIC,0,509,509,0
trastuzumab,2010-06-01,VIC,0,542,542,0
trastuzumab,2010-07-01,VIC,0,548,548,0
trastuzumab,2010-08-01,VIC,0,457,457,0
trastuzumab,2010-09-01,VIC,0,507,507,0
trastuzumab,2010-10-01,VIC,0,585,585,0
trastuzumab,2010-11-01,VIC,0,547,547,0
trastuzumab,2010-12-01,VIC,0,444,444,0
trastuzumab,2011-01-01,VIC,0,524,524,0
trastuzumab,2011-02-01,VIC,0,555,555,0
trastuzumab,2011-03-01,VIC,0,616,616,0
trastuzumab,2011-04-01,VIC,0,702,702,0
trastuzumab,2011-05-01,VIC,0,578,578,0
trastuzumab,2011-06-01,VIC,0,688,688,0
trastuzumab,2011-07-01,VIC,0,827,827,0
trastuzumab,2011-08-01,VIC,0,713,713,0
trastuzumab,2011-09-01,VIC,0,673,673,0
trastuzumab,2011-10-01,VIC,0,700,700,0
trastuzumab,2011-11-01,VIC,0,564,564,0
trastuzumab,2011-12-01,VIC,0,607,607,0
trastuzumab,2012-01-01,VIC,0,775,775,0
trastuzumab,2012-02-01,VIC,0,519,519,0
trastuzumab,2012-03-01,VIC,0,677,677,0
trastuzumab,2012-04-01,VIC,0,776,776,0
trastuzumab,2012-05-01,VIC,0,738,738,0
trastuzumab,2012-06-01,VIC,0,733,733,0
trastuzumab,2012-07-01,VIC,0,462,462,0
trastuzumab,2012-08-01,VIC,0,549,549,0
trastuzumab,2012-09-01,VIC,0,597,597,0
trastuzumab,2012-10-01,VIC,0,476,476,0
trastuzumab,2012-11-01,VIC,0,794,794,0
trastuzumab,2012-12-01,VIC,0,266,266,0
trastuzumab,2013-01-01,VIC,0,858,858,0
trastuzumab,2013-02-01,VIC,0,620,620,0
trastuzumab,2013-03-01,VIC,0,669,669,0
trastuzumab,2013-04-01,VIC,0,453,453,0
trastuzumab,2013-05-01,VIC,0,755,755,0
trastuzumab,2013-06-01,VIC,0,513,513,0
trastuzumab,2013-07-01,VIC,0,619,619,0
trastuzumab,2013-08-01,VIC,0,678,678,0
trastuzumab,2013-09-01,VIC,0,535,535,0
trastuzumab,2013-10-01,VIC,0,496,496,0
trastuzumab,2013-11-01,VIC,0,630,630,0
trastuzumab,2013-12-01,VIC,0,576,576,0
trastuzumab,2014-01-01,VIC,0,623,623,0
trastuzumab,2014-02-01,VIC,0,594,594,0
trastuzumab,2014-03-01,VIC,0,769,769,0
trastuzumab,2014-04-01,VIC,0,410,410,0
trastuzumab,2014-05-01,VIC,0,1042,1042,0
trastuzumab,2014-06-01,VIC,0,680,680,0
trastuzumab,2014-07-01,VIC,0,550,550,0
trastuzumab,2014-08-01,VIC,0,700,700,0
trastuzumab,2014-09-01,VIC,0,556,556,0
trastuzumab,2014-10-01,VIC,0,643,643,0
trastuzumab,2014-11-01,VIC,0,652,652,0
trastuzumab,2014-12-01,VIC,0,656,656,0
trastuzumab,2015-01-01,VIC,0,350,350,0
trastuzumab,2015-02-01,VIC,0,936,936,0
trastuzumab,2015-03-01,VIC,0,809,809,0
trastuzumab,2015-04-01,VIC,0,500,500,0
trastuzumab,2015-05-01,VIC,0,1073,1073,0
trastuzumab,2015-06-01,VIC,0,802,802,0
trastuzumab,2015-07-01,VIC,0,865,865,0
trastuzumab,2015-08-01,VIC,0,841,841,0
trastuzumab,2015-09-01,VIC,0,896,896,0
trastuzumab,2015-10-01,VIC,0,967,967,0
trastuzumab,2015-11-01,VIC,0,980,980,0
trastuzumab,2015-12-01,VIC,0,1254,1254,0
trastuzumab,2016-01-01,VIC,0,989,989,0
trastuzumab,2016-02-01,VIC,0,1174,1174,0
trastuzumab,2016-03-01,VIC,0,1466,1466,0
trastuzumab,2016-04-01,VIC,0,1078,1078,0
trastuzumab,2016-05-01,VIC,0,1050,1050,0
trastuzumab,2016-06-01,VIC,0,951,951,0
trastuzumab,2016-07-01,VIC,0,1376,1376,0
trastuzumab,2016-08-01,VIC,0,1165,1165,0
trastuzumab,2016-09-01,VIC,0,915,915,0
trastuzumab,2016-10-01,VIC,0,1178,1178,0
trastuzumab,2016-11-01,VIC,0,969,969,0
trastuzumab,2016-12-01,VIC,0,1622,1622,0
trastuzumab,2017-01-01,VIC,0,1018,1018,0
trastuzumab,2017-02-01,VIC,0,1075,1075,0
trastuzumab,2017-03-01,VIC,0,1401,1401,0
trastuzumab,2017-04-01,VIC,0,865,865,0
trastuzumab,2017-05-01,VIC,0,1213,1213,0
trastuzumab,2017-06-01,VIC,0,1223,1223,0
trastuzumab,2017-07-01,VIC,0,890,890,0
trastuzumab,2017-08-01,VIC,0,1910,1910,0
trastuzumab,2017-09-01,VIC,0,895,895,0
trastuzumab,2017-10-01,VIC,0,1075,1075,0
trastuzumab,2017-11-01,VIC,0,1116,1116,0
trastuzumab,2017-12-01,VIC,0,1126,1126,0
trastuzumab,2018-01-01,VIC,0,921,921,0
trastuzumab,2018-02-01,VIC,0,1509,1509,0
trastuzumab,2018-03-01,VIC,0,982,982,0
trastuzumab,2018-04-01,VIC,0,1258,1258,0
trastuzumab,2018-05-01,VIC,0,2218,2218,0
trastuzumab,2018-06-01,VIC,0,1160,1160,0
trastuzumab,2018-07-01,VIC,0,820,820,0
trastuzumab,2018-08-01,VIC,0,1097,1097,0
trastuzumab,2018-09-01,VIC,0,998,998,0
trastuzumab,2018-10-01,VIC,0,916,916,0
trastuzumab,2018-11-01,VIC,0,1224,1224,0
trastuzumab,2018-12-01,VIC,0,1236,1236,0
trastuzumab,2019-01-01,VIC,0,1292,1292,0
trastuzumab,2019-02-01,VIC,0,1105,1105,0
trastuzumab,2019-03-01,VIC,0,1636,1636,0
trastuzumab,2019-04-01,VIC,0,954,954,0
trastuzumab,2019-05-01,VIC,0,1303,1303,0
trastuzumab,2019-06-01,VIC,0,1141,1141,0
trastuzumab,2019-07-01,VIC,0,1461,1461,0
trastuzumab,2019-08-01,VIC,1001,126,1127,0.8881987577639752
trastuzumab,2019-09-01,VIC,849,108,957,0.8871473354231975
trastuzumab,2019-10-01,VIC,860,118,978,0.8793456032719836
trastuzumab,2019-11-01,VIC,1088,92,1180,0.9220338983050848
trastuzumab,2019-12-01,VIC,938,173,1111,0.8442844284428442
trastuzumab,2020-01-01,VIC,2086,191,2277,0.9161176987263944
trastuzumab,2020-02-01,VIC,1001,159,1160,0.8629310344827587
trastuzumab,2020-03-01,VIC,1036,126,1162,0.891566265060241
trastuzumab,2020-04-01,VIC,1127,103,1230,0.916260162601626
trastuzumab,2020-05-01,VIC,1259,189,1448,0.869475138121547
trastuzumab,2020-06-01,VIC,983,189,1172,0.8387372013651877
trastuzumab,2020-07-01,VIC,1041,170,1211,0.8596201486374897
trastuzumab,2020-08-01,VIC,1970,231,2201,0.8950477055883689
trastuzumab,2020-09-01,VIC,929,245,1174,0.7913117546848382
trastuzumab,2020-10-01,VIC,1015,212,1227,0.8272208638956805
trastuzumab,2020-11-01,VIC,830,93,923,0.8992416034669556
trastuzumab,2020-12-01,VIC,1002,209,1211,0.8274153592072667
trastuzumab,2021-01-01,VIC,935,144,1079,0.8665430954587581
trastuzumab,2021-02-01,VIC,1592,269,1861,0.8554540569586244
trastuzumab,2021-03-01,VIC,2442,235,2677,0.9122151662308554
trastuzumab,2021-04-01,VIC,1124,293,1417,0.7932251235003529
trastuzumab,2021-05-01,VIC,1437,230,1667,0.8620275944811038
trastuzumab,2021-06-01,VIC,1006,103,1109,0.9071235347159603
trastuzumab,2021-07-01,VIC,921,225,1146,0.8036649214659686
trastuzumab,2021-08-01,VIC,1008,119,1127,0.8944099378881988
trastuzumab,2021-09-01,VIC,1225,243,1468,0.8344686648501363
trastuzumab,2021-10-01,VIC,864,136,1000,0.864
trastuzumab,2021-11-01,VIC,1479,180,1659,0.891500904159132
trastuzumab,2021-12-01,VIC,1357,261,1618,0.8386897404202719
trastuzumab,2022-01-01,VIC,929,109,1038,0.894990366088632
trastuzumab,2022-02-01,VIC,891,130,1021,0.8726738491674828
trastuzumab,2022-03-01,VIC,902,187,1089,0.8282828282828283
trastuzumab,2022-04-01,VIC,805,120,925,0.8702702702702703
trastuzumab,2022-05-01,VIC,1390,222,1612,0.8622828784119106
trastuzumab,2022-06-01,VIC,877,129,1006,0.8717693836978131
trastuzumab,2009-01-01,WA,0,157,157,0
trastuzumab,2009-02-01,WA,0,120,120,0
trastuzumab,2009-03-01,WA,0,84,84,0
trastuzumab,2009-04-01,WA,0,113,113,0
trastuzumab,2009-05-01,WA,0,108,108,0
trastuzumab,2009-06-01,WA,0,109,109,0
trastuzumab,2009-07-01,WA,0,120,120,0
trastuzumab,2009-08-01,WA,0,103,103,0
trastuzumab,2009-09-01,WA,0,105,105,0
trastuzumab,2009-10-01,WA,0,154,154,0
trastuzumab,2009-11-01,WA,0,83,83,0
trastuzumab,2009-12-01,WA,0,100,100,0
trastuzumab,2010-01-01,WA,0,137,137,0
trastuzumab,2010-02-01,WA,0,111,111,0
trastuzumab,2010-03-01,WA,0,62,62,0
trastuzumab,2010-04-01,WA,0,124,124,0
trastuzumab,2010-05-01,WA,0,120,120,0
trastuzumab,2010-06-01,WA,0,95,95,0
trastuzumab,2010-07-01,WA,0,134,134,0
trastuzumab,2010-08-01,WA,0,92,92,0
trastuzumab,2010-09-01,WA,0,119,119,0
trastuzumab,2010-10-01,WA,0,138,138,0
trastuzumab,2010-11-01,WA,0,112,112,0
trastuzumab,2010-12-01,WA,0,134,134,0
trastuzumab,2011-01-01,WA,0,131,131,0
trastuzumab,2011-02-01,WA,0,130,130,0
trastuzumab,2011-03-01,WA,0,198,198,0
trastuzumab,2011-04-01,WA,0,110,110,0
trastuzumab,2011-05-01,WA,0,148,148,0
trastuzumab,2011-06-01,WA,0,184,184,0
trastuzumab,2011-07-01,WA,0,157,157,0
trastuzumab,2011-08-01,WA,0,243,243,0
trastuzumab,2011-09-01,WA,0,113,113,0
trastuzumab,2011-10-01,WA,0,221,221,0
trastuzumab,2011-11-01,WA,0,281,281,0
trastuzumab,2011-12-01,WA,0,129,129,0
trastuzumab,2012-01-01,WA,0,253,253,0
trastuzumab,2012-02-01,WA,0,128,128,0
trastuzumab,2012-03-01,WA,0,229,229,0
trastuzumab,2012-04-01,WA,0,220,220,0
trastuzumab,2012-05-01,WA,0,406,406,0
trastuzumab,2012-06-01,WA,0,181,181,0
trastuzumab,2012-07-01,WA,0,198,198,0
trastuzumab,2012-08-01,WA,0,219,219,0
trastuzumab,2012-09-01,WA,0,150,150,0
trastuzumab,2012-10-01,WA,0,246,246,0
trastuzumab,2012-11-01,WA,0,222,222,0
trastuzumab,2012-12-01,WA,0,195,195,0
trastuzumab,2013-01-01,WA,0,185,185,0
trastuzumab,2013-02-01,WA,0,138,138,0
trastuzumab,2013-03-01,WA,0,188,188,0
trastuzumab,2013-04-01,WA,0,263,263,0
trastuzumab,2013-05-01,WA,0,229,229,0
trastuzumab,2013-06-01,WA,0,221,221,0
trastuzumab,2013-07-01,WA,0,240,240,0
trastuzumab,2013-08-01,WA,0,144,144,0
trastuzumab,2013-09-01,WA,0,298,298,0
trastuzumab,2013-10-01,WA,0,191,191,0
trastuzumab,2013-11-01,WA,0,223,223,0
trastuzumab,2013-12-01,WA,0,158,158,0
trastuzumab,2014-01-01,WA,0,137,137,0
trastuzumab,2014-02-01,WA,0,277,277,0
trastuzumab,2014-03-01,WA,0,367,367,0
trastuzumab,2014-04-01,WA,0,306,306,0
trastuzumab,2014-05-01,WA,0,333,333,0
trastuzumab,2014-06-01,WA,0,252,252,0
trastuzumab,2014-07-01,WA,0,224,224,0
trastuzumab,2014-08-01,WA,0,198,198,0
trastuzumab,2014-09-01,WA,0,256,256,0
trastuzumab,2014-10-01,WA,0,236,236,0
trastuzumab,2014-11-01,WA,0,220,220,0
trastuzumab,2014-12-01,WA,0,169,169,0
trastuzumab,2015-01-01,WA,0,384,384,0
trastuzumab,2015-02-01,WA,0,220,220,0
trastuzumab,2015-03-01,WA,0,240,240,0
trastuzumab,2015-04-01,WA,0,180,180,0
trastuzumab,2015-05-01,WA,0,366,366,0
trastuzumab,2015-06-01,WA,0,294,294,0
trastuzumab,2015-07-01,WA,0,260,260,0
trastuzumab,2015-08-01,WA,0,331,331,0
trastuzumab,2015-09-01,WA,0,315,315,0
trastuzumab,2015-10-01,WA,0,444,444,0
trastuzumab,2015-11-01,WA,0,408,408,0
trastuzumab,2015-12-01,WA,0,342,342,0
trastuzumab,2016-01-01,WA,0,463,463,0
trastuzumab,2016-02-01,WA,0,464,464,0
trastuzumab,2016-03-01,WA,0,462,462,0
trastuzumab,2016-04-01,WA,0,368,368,0
trastuzumab,2016-05-01,WA,0,462,462,0
trastuzumab,2016-06-01,WA,0,413,413,0
trastuzumab,2016-07-01,WA,0,456,456,0
trastuzumab,2016-08-01,WA,0,523,523,0
trastuzumab,2016-09-01,WA,0,405,405,0
trastuzumab,2016-10-01,WA,0,414,414,0
trastuzumab,2016-11-01,WA,0,369,369,0
trastuzumab,2016-12-01,WA,0,502,502,0
trastuzumab,2017-01-01,WA,0,490,490,0
trastuzumab,2017-02-01,WA,0,401,401,0
trastuzumab,2017-03-01,WA,0,582,582,0
trastuzumab,2017-04-01,WA,0,525,525,0
trastuzumab,2017-05-01,WA,0,541,541,0
trastuzumab,2017-06-01,WA,0,430,430,0
trastuzumab,2017-07-01,WA,0,474,474,0
trastuzumab,2017-08-01,WA,0,341,341,0
trastuzumab,2017-09-01,WA,0,643,643,0
trastuzumab,2017-10-01,WA,0,422,422,0
trastuzumab,2017-11-01,WA,0,535,535,0
trastuzumab,2017-12-01,WA,0,381,381,0
trastuzumab,2018-01-01,WA,0,566,566,0
trastuzumab,2018-02-01,WA,0,453,453,0
trastuzumab,2018-03-01,WA,0,515,515,0
trastuzumab,2018-04-01,WA,0,457,457,0
trastuzumab,2018-05-01,WA,0,489,489,0
trastuzumab,2018-06-01,WA,0,374,374,0
trastuzumab,2018-07-01,WA,0,578,578,0
trastuzumab,2018-08-01,WA,0,491,491,0
trastuzumab,2018-09-01,WA,0,466,466,0
trastuzumab,2018-10-01,WA,0,534,534,0
trastuzumab,2018-11-01,WA,0,421,421,0
trastuzumab,2018-12-01,WA,0,473,473,0
trastuzumab,2019-01-01,WA,0,462,462,0
trastuzumab,2019-02-01,WA,0,465,465,0
trastuzumab,2019-03-01,WA,0,459,459,0
trastuzumab,2019-04-01,WA,0,372,372,0
trastuzumab,2019-05-01,WA,0,680,680,0
trastuzumab,2019-06-01,WA,0,582,582,0
trastuzumab,2019-07-01,WA,0,558,558,0
trastuzumab,2019-08-01,WA,382,84,466,0.8197424892703863
trastuzumab,2019-09-01,WA,422,118,540,0.7814814814814814
trastuzumab,2019-10-01,WA,378,110,488,0.7745901639344263
trastuzumab,2019-11-01,WA,465,111,576,0.8072916666666666
trastuzumab,2019-12-01,WA,440,116,556,0.7913669064748201
trastuzumab,2020-01-01,WA,436,138,574,0.759581881533101
trastuzumab,2020-02-01,WA,472,111,583,0.8096054888507719
trastuzumab,2020-03-01,WA,384,98,482,0.7966804979253111
trastuzumab,2020-04-01,WA,596,140,736,0.8097826086956522
trastuzumab,2020-05-01,WA,463,104,567,0.8165784832451499
trastuzumab,2020-06-01,WA,392,110,502,0.7808764940239044
trastuzumab,2020-07-01,WA,544,141,685,0.7941605839416058
trastuzumab,2020-08-01,WA,356,93,449,0.7928730512249443
trastuzumab,2020-09-01,WA,445,151,596,0.7466442953020134
trastuzumab,2020-10-01,WA,578,137,715,0.8083916083916084
trastuzumab,2020-11-01,WA,468,144,612,0.7647058823529411
trastuzumab,2020-12-01,WA,469,133,602,0.7790697674418605
trastuzumab,2021-01-01,WA,479,140,619,0.7738287560581584
trastuzumab,2021-02-01,WA,489,128,617,0.7925445705024311
trastuzumab,2021-03-01,WA,406,126,532,0.7631578947368421
trastuzumab,2021-04-01,WA,474,153,627,0.7559808612440191
trastuzumab,2021-05-01,WA,370,88,458,0.8078602620087336
trastuzumab,2021-06-01,WA,418,158,576,0.7256944444444444
trastuzumab,2021-07-01,WA,494,129,623,0.7929373996789727
trastuzumab,2021-08-01,WA,545,94,639,0.8528951486697965
trastuzumab,2021-09-01,WA,541,138,679,0.7967599410898379
trastuzumab,2021-10-01,WA,442,113,555,0.7963963963963964
trastuzumab,2021-11-01,WA,465,117,582,0.7989690721649485
trastuzumab,2021-12-01,WA,369,71,440,0.8386363636363636
trastuzumab,2022-01-01,WA,640,120,760,0.8421052631578947
trastuzumab,2022-02-01,WA,437,97,534,0.8183520599250936
trastuzumab,2022-03-01,WA,470,128,598,0.7859531772575251
trastuzumab,2022-04-01,WA,507,81,588,0.8622448979591837
trastuzumab,2022-05-01,WA,453,93,546,0.8296703296703297
trastuzumab,2022-06-01,WA,470,103,573,0.8202443280977313
