molecule,period,biosimilar_rx,reference_rx,total_rx,biosimilar_share,time,post_aip_regulation,time_after_aip_regulation,post_biosimilar_listing,time_after_biosimilar_listing,post_a_flag,time_after_a_flag,post_additional_biosimilar_1,time_after_additional_biosimilar_1,post_additional_biosimilar_2,time_after_additional_biosimilar_2,post_price_cut,time_after_price_cut,post_streamlined_authority_1,time_after_streamlined_authority_1,post_streamlined_authority_2,time_after_streamlined_authority_2,post_streamlined_authority_3,time_after_streamlined_authority_3,post_additional_biosimilar_3,time_after_additional_biosimilar_3,post_additional_biosimilar_4,time_after_additional_biosimilar_4,post_streamlined_authority,time_after_streamlined_authority,post_reference_delisting,time_after_reference_delisting,post_price_disclosure,time_after_price_disclosure,post_additional_biosimilar,time_after_additional_biosimilar,post_reference_delisting_1,time_after_reference_delisting_1,post_reference_delisting_2,time_after_reference_delisting_2
adalimumab,2009-01-01,0,10212,10212,0,1,0,0,0,0,0,0,0,0,0,0,0,0,0,0,0,0,0,0,0,0,0,0,NA,NA,NA,NA,NA,NA,NA,NA,NA,NA,NA,NA
adalimumab,2009-02-01,0,10204,10204,0,2,0,0,0,0,0,0,0,0,0,0,0,0,0,0,0,0,0,0,0,0,0,0,NA,NA,NA,NA,NA,NA,NA,NA,NA,NA,NA,NA
adalimumab,2009-03-01,0,11604,11604,0,3,0,0,0,0,0,0,0,0,0,0,0,0,0,0,0,0,0,0,0,0,0,0,NA,NA,NA,NA,NA,NA,NA,NA,NA,NA,NA,NA
adalimumab,2009-04-01,0,12092,12092,0,4,0,0,0,0,0,0,0,0,0,0,0,0,0,0,0,0,0,0,0,0,0,0,NA,NA,NA,NA,NA,NA,NA,NA,NA,NA,NA,NA
adalimumab,2009-05-01,0,11504,11504,0,5,0,0,0,0,0,0,0,0,0,0,0,0,0,0,0,0,0,0,0,0,0,0,NA,NA,NA,NA,NA,NA,NA,NA,NA,NA,NA,NA
adalimumab,2009-06-01,0,10612,10612,0,6,0,0,0,0,0,0,0,0,0,0,0,0,0,0,0,0,0,0,0,0,0,0,NA,NA,NA,NA,NA,NA,NA,NA,NA,NA,NA,NA
adalimumab,2009-07-01,0,12078,12078,0,7,0,0,0,0,0,0,0,0,0,0,0,0,0,0,0,0,0,0,0,0,0,0,NA,NA,NA,NA,NA,NA,NA,NA,NA,NA,NA,NA
adalimumab,2009-08-01,0,11830,11830,0,8,0,0,0,0,0,0,0,0,0,0,0,0,0,0,0,0,0,0,0,0,0,0,NA,NA,NA,NA,NA,NA,NA,NA,NA,NA,NA,NA
adalimumab,2009-09-01,0,11586,11586,0,9,0,0,0,0,0,0,0,0,0,0,0,0,0,0,0,0,0,0,0,0,0,0,NA,NA,NA,NA,NA,NA,NA,NA,NA,NA,NA,NA
adalimumab,2009-10-01,0,13190,13190,0,10,0,0,0,0,0,0,0,0,0,0,0,0,0,0,0,0,0,0,0,0,0,0,NA,NA,NA,NA,NA,NA,NA,NA,NA,NA,NA,NA
adalimumab,2009-11-01,0,14012,14012,0,11,0,0,0,0,0,0,0,0,0,0,0,0,0,0,0,0,0,0,0,0,0,0,NA,NA,NA,NA,NA,NA,NA,NA,NA,NA,NA,NA
adalimumab,2009-12-01,0,12918,12918,0,12,0,0,0,0,0,0,0,0,0,0,0,0,0,0,0,0,0,0,0,0,0,0,NA,NA,NA,NA,NA,NA,NA,NA,NA,NA,NA,NA
adalimumab,2010-01-01,0,17204,17204,0,13,0,0,0,0,0,0,0,0,0,0,0,0,0,0,0,0,0,0,0,0,0,0,NA,NA,NA,NA,NA,NA,NA,NA,NA,NA,NA,NA
adalimumab,2010-02-01,0,13714,13714,0,14,0,0,0,0,0,0,0,0,0,0,0,0,0,0,0,0,0,0,0,0,0,0,NA,NA,NA,NA,NA,NA,NA,NA,NA,NA,NA,NA
adalimumab,2010-03-01,0,15342,15342,0,15,0,0,0,0,0,0,0,0,0,0,0,0,0,0,0,0,0,0,0,0,0,0,NA,NA,NA,NA,NA,NA,NA,NA,NA,NA,NA,NA
adalimumab,2010-04-01,0,12198,12198,0,16,0,0,0,0,0,0,0,0,0,0,0,0,0,0,0,0,0,0,0,0,0,0,NA,NA,NA,NA,NA,NA,NA,NA,NA,NA,NA,NA
adalimumab,2010-05-01,0,15272,15272,0,17,0,0,0,0,0,0,0,0,0,0,0,0,0,0,0,0,0,0,0,0,0,0,NA,NA,NA,NA,NA,NA,NA,NA,NA,NA,NA,NA
adalimumab,2010-06-01,0,14502,14502,0,18,0,0,0,0,0,0,0,0,0,0,0,0,0,0,0,0,0,0,0,0,0,0,NA,NA,NA,NA,NA,NA,NA,NA,NA,NA,NA,NA
adalimumab,2010-07-01,0,16110,16110,0,19,0,0,0,0,0,0,0,0,0,0,0,0,0,0,0,0,0,0,0,0,0,0,NA,NA,NA,NA,NA,NA,NA,NA,NA,NA,NA,NA
adalimumab,2010-08-01,0,13422,13422,0,20,0,0,0,0,0,0,0,0,0,0,0,0,0,0,0,0,0,0,0,0,0,0,NA,NA,NA,NA,NA,NA,NA,NA,NA,NA,NA,NA
adalimumab,2010-09-01,0,15616,15616,0,21,0,0,0,0,0,0,0,0,0,0,0,0,0,0,0,0,0,0,0,0,0,0,NA,NA,NA,NA,NA,NA,NA,NA,NA,NA,NA,NA
adalimumab,2010-10-01,0,15556,15556,0,22,0,0,0,0,0,0,0,0,0,0,0,0,0,0,0,0,0,0,0,0,0,0,NA,NA,NA,NA,NA,NA,NA,NA,NA,NA,NA,NA
adalimumab,2010-11-01,0,16274,16274,0,23,0,0,0,0,0,0,0,0,0,0,0,0,0,0,0,0,0,0,0,0,0,0,NA,NA,NA,NA,NA,NA,NA,NA,NA,NA,NA,NA
adalimumab,2010-12-01,0,12624,12624,0,24,0,0,0,0,0,0,0,0,0,0,0,0,0,0,0,0,0,0,0,0,0,0,NA,NA,NA,NA,NA,NA,NA,NA,NA,NA,NA,NA
adalimumab,2011-01-01,0,15478,15478,0,25,0,0,0,0,0,0,0,0,0,0,0,0,0,0,0,0,0,0,0,0,0,0,NA,NA,NA,NA,NA,NA,NA,NA,NA,NA,NA,NA
adalimumab,2011-02-01,0,15476,15476,0,26,0,0,0,0,0,0,0,0,0,0,0,0,0,0,0,0,0,0,0,0,0,0,NA,NA,NA,NA,NA,NA,NA,NA,NA,NA,NA,NA
adalimumab,2011-03-01,0,18078,18078,0,27,0,0,0,0,0,0,0,0,0,0,0,0,0,0,0,0,0,0,0,0,0,0,NA,NA,NA,NA,NA,NA,NA,NA,NA,NA,NA,NA
adalimumab,2011-04-01,0,16712,16712,0,28,0,0,0,0,0,0,0,0,0,0,0,0,0,0,0,0,0,0,0,0,0,0,NA,NA,NA,NA,NA,NA,NA,NA,NA,NA,NA,NA
adalimumab,2011-05-01,0,16628,16628,0,29,0,0,0,0,0,0,0,0,0,0,0,0,0,0,0,0,0,0,0,0,0,0,NA,NA,NA,NA,NA,NA,NA,NA,NA,NA,NA,NA
adalimumab,2011-06-01,0,15780,15780,0,30,0,0,0,0,0,0,0,0,0,0,0,0,0,0,0,0,0,0,0,0,0,0,NA,NA,NA,NA,NA,NA,NA,NA,NA,NA,NA,NA
adalimumab,2011-07-01,0,19052,19052,0,31,0,0,0,0,0,0,0,0,0,0,0,0,0,0,0,0,0,0,0,0,0,0,NA,NA,NA,NA,NA,NA,NA,NA,NA,NA,NA,NA
adalimumab,2011-08-01,0,17762,17762,0,32,0,0,0,0,0,0,0,0,0,0,0,0,0,0,0,0,0,0,0,0,0,0,NA,NA,NA,NA,NA,NA,NA,NA,NA,NA,NA,NA
adalimumab,2011-09-01,0,16850,16850,0,33,0,0,0,0,0,0,0,0,0,0,0,0,0,0,0,0,0,0,0,0,0,0,NA,NA,NA,NA,NA,NA,NA,NA,NA,NA,NA,NA
adalimumab,2011-10-01,0,15978,15978,0,34,0,0,0,0,0,0,0,0,0,0,0,0,0,0,0,0,0,0,0,0,0,0,NA,NA,NA,NA,NA,NA,NA,NA,NA,NA,NA,NA
adalimumab,2011-11-01,0,15828,15828,0,35,0,0,0,0,0,0,0,0,0,0,0,0,0,0,0,0,0,0,0,0,0,0,NA,NA,NA,NA,NA,NA,NA,NA,NA,NA,NA,NA
adalimumab,2011-12-01,0,13506,13506,0,36,0,0,0,0,0,0,0,0,0,0,0,0,0,0,0,0,0,0,0,0,0,0,NA,NA,NA,NA,NA,NA,NA,NA,NA,NA,NA,NA
adalimumab,2012-01-01,0,16694,16694,0,37,0,0,0,0,0,0,0,0,0,0,0,0,0,0,0,0,0,0,0,0,0,0,NA,NA,NA,NA,NA,NA,NA,NA,NA,NA,NA,NA
adalimumab,2012-02-01,0,13166,13166,0,38,0,0,0,0,0,0,0,0,0,0,0,0,0,0,0,0,0,0,0,0,0,0,NA,NA,NA,NA,NA,NA,NA,NA,NA,NA,NA,NA
adalimumab,2012-03-01,0,19186,19186,0,39,0,0,0,0,0,0,0,0,0,0,0,0,0,0,0,0,0,0,0,0,0,0,NA,NA,NA,NA,NA,NA,NA,NA,NA,NA,NA,NA
adalimumab,2012-04-01,0,19442,19442,0,40,0,0,0,0,0,0,0,0,0,0,0,0,0,0,0,0,0,0,0,0,0,0,NA,NA,NA,NA,NA,NA,NA,NA,NA,NA,NA,NA
adalimumab,2012-05-01,0,24074,24074,0,41,0,0,0,0,0,0,0,0,0,0,0,0,0,0,0,0,0,0,0,0,0,0,NA,NA,NA,NA,NA,NA,NA,NA,NA,NA,NA,NA
adalimumab,2012-06-01,0,33636,33636,0,42,0,0,0,0,0,0,0,0,0,0,0,0,0,0,0,0,0,0,0,0,0,0,NA,NA,NA,NA,NA,NA,NA,NA,NA,NA,NA,NA
adalimumab,2012-07-01,0,20278,20278,0,43,0,0,0,0,0,0,0,0,0,0,0,0,0,0,0,0,0,0,0,0,0,0,NA,NA,NA,NA,NA,NA,NA,NA,NA,NA,NA,NA
adalimumab,2012-08-01,0,20200,20200,0,44,0,0,0,0,0,0,0,0,0,0,0,0,0,0,0,0,0,0,0,0,0,0,NA,NA,NA,NA,NA,NA,NA,NA,NA,NA,NA,NA
adalimumab,2012-09-01,0,28968,28968,0,45,0,0,0,0,0,0,0,0,0,0,0,0,0,0,0,0,0,0,0,0,0,0,NA,NA,NA,NA,NA,NA,NA,NA,NA,NA,NA,NA
adalimumab,2012-10-01,0,23272,23272,0,46,0,0,0,0,0,0,0,0,0,0,0,0,0,0,0,0,0,0,0,0,0,0,NA,NA,NA,NA,NA,NA,NA,NA,NA,NA,NA,NA
adalimumab,2012-11-01,0,21654,21654,0,47,0,0,0,0,0,0,0,0,0,0,0,0,0,0,0,0,0,0,0,0,0,0,NA,NA,NA,NA,NA,NA,NA,NA,NA,NA,NA,NA
adalimumab,2012-12-01,0,15052,15052,0,48,0,0,0,0,0,0,0,0,0,0,0,0,0,0,0,0,0,0,0,0,0,0,NA,NA,NA,NA,NA,NA,NA,NA,NA,NA,NA,NA
adalimumab,2013-01-01,0,25686,25686,0,49,0,0,0,0,0,0,0,0,0,0,0,0,0,0,0,0,0,0,0,0,0,0,NA,NA,NA,NA,NA,NA,NA,NA,NA,NA,NA,NA
adalimumab,2013-02-01,0,22014,22014,0,50,0,0,0,0,0,0,0,0,0,0,0,0,0,0,0,0,0,0,0,0,0,0,NA,NA,NA,NA,NA,NA,NA,NA,NA,NA,NA,NA
adalimumab,2013-03-01,0,16448,16448,0,51,0,0,0,0,0,0,0,0,0,0,0,0,0,0,0,0,0,0,0,0,0,0,NA,NA,NA,NA,NA,NA,NA,NA,NA,NA,NA,NA
adalimumab,2013-04-01,0,20544,20544,0,52,0,0,0,0,0,0,0,0,0,0,0,0,0,0,0,0,0,0,0,0,0,0,NA,NA,NA,NA,NA,NA,NA,NA,NA,NA,NA,NA
adalimumab,2013-05-01,0,23348,23348,0,53,0,0,0,0,0,0,0,0,0,0,0,0,0,0,0,0,0,0,0,0,0,0,NA,NA,NA,NA,NA,NA,NA,NA,NA,NA,NA,NA
adalimumab,2013-06-01,0,24202,24202,0,54,0,0,0,0,0,0,0,0,0,0,0,0,0,0,0,0,0,0,0,0,0,0,NA,NA,NA,NA,NA,NA,NA,NA,NA,NA,NA,NA
adalimumab,2013-07-01,0,20720,20720,0,55,0,0,0,0,0,0,0,0,0,0,0,0,0,0,0,0,0,0,0,0,0,0,NA,NA,NA,NA,NA,NA,NA,NA,NA,NA,NA,NA
adalimumab,2013-08-01,0,20440,20440,0,56,0,0,0,0,0,0,0,0,0,0,0,0,0,0,0,0,0,0,0,0,0,0,NA,NA,NA,NA,NA,NA,NA,NA,NA,NA,NA,NA
adalimumab,2013-09-01,0,20626,20626,0,57,0,0,0,0,0,0,0,0,0,0,0,0,0,0,0,0,0,0,0,0,0,0,NA,NA,NA,NA,NA,NA,NA,NA,NA,NA,NA,NA
adalimumab,2013-10-01,0,17764,17764,0,58,0,0,0,0,0,0,0,0,0,0,0,0,0,0,0,0,0,0,0,0,0,0,NA,NA,NA,NA,NA,NA,NA,NA,NA,NA,NA,NA
adalimumab,2013-11-01,0,17826,17826,0,59,0,0,0,0,0,0,0,0,0,0,0,0,0,0,0,0,0,0,0,0,0,0,NA,NA,NA,NA,NA,NA,NA,NA,NA,NA,NA,NA
adalimumab,2013-12-01,0,18124,18124,0,60,0,0,0,0,0,0,0,0,0,0,0,0,0,0,0,0,0,0,0,0,0,0,NA,NA,NA,NA,NA,NA,NA,NA,NA,NA,NA,NA
adalimumab,2014-01-01,0,20124,20124,0,61,0,0,0,0,0,0,0,0,0,0,0,0,0,0,0,0,0,0,0,0,0,0,NA,NA,NA,NA,NA,NA,NA,NA,NA,NA,NA,NA
adalimumab,2014-02-01,0,14640,14640,0,62,0,0,0,0,0,0,0,0,0,0,0,0,0,0,0,0,0,0,0,0,0,0,NA,NA,NA,NA,NA,NA,NA,NA,NA,NA,NA,NA
adalimumab,2014-03-01,0,43808,43808,0,63,0,0,0,0,0,0,0,0,0,0,0,0,0,0,0,0,0,0,0,0,0,0,NA,NA,NA,NA,NA,NA,NA,NA,NA,NA,NA,NA
adalimumab,2014-04-01,0,51194,51194,0,64,0,0,0,0,0,0,0,0,0,0,0,0,0,0,0,0,0,0,0,0,0,0,NA,NA,NA,NA,NA,NA,NA,NA,NA,NA,NA,NA
adalimumab,2014-05-01,0,35580,35580,0,65,0,0,0,0,0,0,0,0,0,0,0,0,0,0,0,0,0,0,0,0,0,0,NA,NA,NA,NA,NA,NA,NA,NA,NA,NA,NA,NA
adalimumab,2014-06-01,0,30496,30496,0,66,0,0,0,0,0,0,0,0,0,0,0,0,0,0,0,0,0,0,0,0,0,0,NA,NA,NA,NA,NA,NA,NA,NA,NA,NA,NA,NA
adalimumab,2014-07-01,0,24570,24570,0,67,0,0,0,0,0,0,0,0,0,0,0,0,0,0,0,0,0,0,0,0,0,0,NA,NA,NA,NA,NA,NA,NA,NA,NA,NA,NA,NA
adalimumab,2014-08-01,0,27496,27496,0,68,0,0,0,0,0,0,0,0,0,0,0,0,0,0,0,0,0,0,0,0,0,0,NA,NA,NA,NA,NA,NA,NA,NA,NA,NA,NA,NA
adalimumab,2014-09-01,0,24564,24564,0,69,0,0,0,0,0,0,0,0,0,0,0,0,0,0,0,0,0,0,0,0,0,0,NA,NA,NA,NA,NA,NA,NA,NA,NA,NA,NA,NA
adalimumab,2014-10-01,0,24070,24070,0,70,0,0,0,0,0,0,0,0,0,0,0,0,0,0,0,0,0,0,0,0,0,0,NA,NA,NA,NA,NA,NA,NA,NA,NA,NA,NA,NA
adalimumab,2014-11-01,0,27390,27390,0,71,0,0,0,0,0,0,0,0,0,0,0,0,0,0,0,0,0,0,0,0,0,0,NA,NA,NA,NA,NA,NA,NA,NA,NA,NA,NA,NA
adalimumab,2014-12-01,0,23912,23912,0,72,0,0,0,0,0,0,0,0,0,0,0,0,0,0,0,0,0,0,0,0,0,0,NA,NA,NA,NA,NA,NA,NA,NA,NA,NA,NA,NA
adalimumab,2015-01-01,0,26770,26770,0,73,0,0,0,0,0,0,0,0,0,0,0,0,0,0,0,0,0,0,0,0,0,0,NA,NA,NA,NA,NA,NA,NA,NA,NA,NA,NA,NA
adalimumab,2015-02-01,0,38212,38212,0,74,0,0,0,0,0,0,0,0,0,0,0,0,0,0,0,0,0,0,0,0,0,0,NA,NA,NA,NA,NA,NA,NA,NA,NA,NA,NA,NA
adalimumab,2015-03-01,0,31200,31200,0,75,0,0,0,0,0,0,0,0,0,0,0,0,0,0,0,0,0,0,0,0,0,0,NA,NA,NA,NA,NA,NA,NA,NA,NA,NA,NA,NA
adalimumab,2015-04-01,0,24606,24606,0,76,0,0,0,0,0,0,0,0,0,0,0,0,0,0,0,0,0,0,0,0,0,0,NA,NA,NA,NA,NA,NA,NA,NA,NA,NA,NA,NA
adalimumab,2015-05-01,0,48390,48390,0,77,0,0,0,0,0,0,0,0,0,0,0,0,0,0,0,0,0,0,0,0,0,0,NA,NA,NA,NA,NA,NA,NA,NA,NA,NA,NA,NA
adalimumab,2015-06-01,0,36404,36404,0,78,0,0,0,0,0,0,0,0,0,0,0,0,0,0,0,0,0,0,0,0,0,0,NA,NA,NA,NA,NA,NA,NA,NA,NA,NA,NA,NA
adalimumab,2015-07-01,0,36514,36514,0,79,0,0,0,0,0,0,0,0,0,0,0,0,0,0,0,0,0,0,0,0,0,0,NA,NA,NA,NA,NA,NA,NA,NA,NA,NA,NA,NA
adalimumab,2015-08-01,0,30594,30594,0,80,0,0,0,0,0,0,0,0,0,0,0,0,0,0,0,0,0,0,0,0,0,0,NA,NA,NA,NA,NA,NA,NA,NA,NA,NA,NA,NA
adalimumab,2015-09-01,0,30862,30862,0,81,0,0,0,0,0,0,0,0,0,0,0,0,0,0,0,0,0,0,0,0,0,0,NA,NA,NA,NA,NA,NA,NA,NA,NA,NA,NA,NA
adalimumab,2015-10-01,0,30922,30922,0,82,0,0,0,0,0,0,0,0,0,0,0,0,0,0,0,0,0,0,0,0,0,0,NA,NA,NA,NA,NA,NA,NA,NA,NA,NA,NA,NA
adalimumab,2015-11-01,0,30024,30024,0,83,0,0,0,0,0,0,0,0,0,0,0,0,0,0,0,0,0,0,0,0,0,0,NA,NA,NA,NA,NA,NA,NA,NA,NA,NA,NA,NA
adalimumab,2015-12-01,0,35270,35270,0,84,0,0,0,0,0,0,0,0,0,0,0,0,0,0,0,0,0,0,0,0,0,0,NA,NA,NA,NA,NA,NA,NA,NA,NA,NA,NA,NA
adalimumab,2016-01-01,0,28948,28948,0,85,0,0,0,0,0,0,0,0,0,0,0,0,0,0,0,0,0,0,0,0,0,0,NA,NA,NA,NA,NA,NA,NA,NA,NA,NA,NA,NA
adalimumab,2016-02-01,0,30586,30586,0,86,0,0,0,0,0,0,0,0,0,0,0,0,0,0,0,0,0,0,0,0,0,0,NA,NA,NA,NA,NA,NA,NA,NA,NA,NA,NA,NA
adalimumab,2016-03-01,0,36680,36680,0,87,0,0,0,0,0,0,0,0,0,0,0,0,0,0,0,0,0,0,0,0,0,0,NA,NA,NA,NA,NA,NA,NA,NA,NA,NA,NA,NA
adalimumab,2016-04-01,0,32944,32944,0,88,0,0,0,0,0,0,0,0,0,0,0,0,0,0,0,0,0,0,0,0,0,0,NA,NA,NA,NA,NA,NA,NA,NA,NA,NA,NA,NA
adalimumab,2016-05-01,0,32772,32772,0,89,0,0,0,0,0,0,0,0,0,0,0,0,0,0,0,0,0,0,0,0,0,0,NA,NA,NA,NA,NA,NA,NA,NA,NA,NA,NA,NA
adalimumab,2016-06-01,0,34260,34260,0,90,0,0,0,0,0,0,0,0,0,0,0,0,0,0,0,0,0,0,0,0,0,0,NA,NA,NA,NA,NA,NA,NA,NA,NA,NA,NA,NA
adalimumab,2016-07-01,0,34234,34234,0,91,0,0,0,0,0,0,0,0,0,0,0,0,0,0,0,0,0,0,0,0,0,0,NA,NA,NA,NA,NA,NA,NA,NA,NA,NA,NA,NA
adalimumab,2016-08-01,0,33214,33214,0,92,0,0,0,0,0,0,0,0,0,0,0,0,0,0,0,0,0,0,0,0,0,0,NA,NA,NA,NA,NA,NA,NA,NA,NA,NA,NA,NA
adalimumab,2016-09-01,0,32914,32914,0,93,0,0,0,0,0,0,0,0,0,0,0,0,0,0,0,0,0,0,0,0,0,0,NA,NA,NA,NA,NA,NA,NA,NA,NA,NA,NA,NA
adalimumab,2016-10-01,0,32042,32042,0,94,0,0,0,0,0,0,0,0,0,0,0,0,0,0,0,0,0,0,0,0,0,0,NA,NA,NA,NA,NA,NA,NA,NA,NA,NA,NA,NA
adalimumab,2016-11-01,0,34542,34542,0,95,0,0,0,0,0,0,0,0,0,0,0,0,0,0,0,0,0,0,0,0,0,0,NA,NA,NA,NA,NA,NA,NA,NA,NA,NA,NA,NA
adalimumab,2016-12-01,0,38676,38676,0,96,0,0,0,0,0,0,0,0,0,0,0,0,0,0,0,0,0,0,0,0,0,0,NA,NA,NA,NA,NA,NA,NA,NA,NA,NA,NA,NA
adalimumab,2017-01-01,0,29828,29828,0,97,0,0,0,0,0,0,0,0,0,0,0,0,0,0,0,0,0,0,0,0,0,0,NA,NA,NA,NA,NA,NA,NA,NA,NA,NA,NA,NA
adalimumab,2017-02-01,0,31248,31248,0,98,0,0,0,0,0,0,0,0,0,0,0,0,0,0,0,0,0,0,0,0,0,0,NA,NA,NA,NA,NA,NA,NA,NA,NA,NA,NA,NA
adalimumab,2017-03-01,0,37004,37004,0,99,0,0,0,0,0,0,0,0,0,0,0,0,0,0,0,0,0,0,0,0,0,0,NA,NA,NA,NA,NA,NA,NA,NA,NA,NA,NA,NA
adalimumab,2017-04-01,0,34468,34468,0,100,0,0,0,0,0,0,0,0,0,0,0,0,0,0,0,0,0,0,0,0,0,0,NA,NA,NA,NA,NA,NA,NA,NA,NA,NA,NA,NA
adalimumab,2017-05-01,0,36284,36284,0,101,0,0,0,0,0,0,0,0,0,0,0,0,0,0,0,0,0,0,0,0,0,0,NA,NA,NA,NA,NA,NA,NA,NA,NA,NA,NA,NA
adalimumab,2017-06-01,0,36638,36638,0,102,0,0,0,0,0,0,0,0,0,0,0,0,0,0,0,0,0,0,0,0,0,0,NA,NA,NA,NA,NA,NA,NA,NA,NA,NA,NA,NA
adalimumab,2017-07-01,0,34412,34412,0,103,0,0,0,0,0,0,0,0,0,0,0,0,0,0,0,0,0,0,0,0,0,0,NA,NA,NA,NA,NA,NA,NA,NA,NA,NA,NA,NA
adalimumab,2017-08-01,0,36988,36988,0,104,0,0,0,0,0,0,0,0,0,0,0,0,0,0,0,0,0,0,0,0,0,0,NA,NA,NA,NA,NA,NA,NA,NA,NA,NA,NA,NA
adalimumab,2017-09-01,0,35478,35478,0,105,0,0,0,0,0,0,0,0,0,0,0,0,0,0,0,0,0,0,0,0,0,0,NA,NA,NA,NA,NA,NA,NA,NA,NA,NA,NA,NA
adalimumab,2017-10-01,0,35762,35762,0,106,0,0,0,0,0,0,0,0,0,0,0,0,0,0,0,0,0,0,0,0,0,0,NA,NA,NA,NA,NA,NA,NA,NA,NA,NA,NA,NA
adalimumab,2017-11-01,0,37388,37388,0,107,0,0,0,0,0,0,0,0,0,0,0,0,0,0,0,0,0,0,0,0,0,0,NA,NA,NA,NA,NA,NA,NA,NA,NA,NA,NA,NA
adalimumab,2017-12-01,0,41126,41126,0,108,0,0,0,0,0,0,0,0,0,0,0,0,0,0,0,0,0,0,0,0,0,0,NA,NA,NA,NA,NA,NA,NA,NA,NA,NA,NA,NA
adalimumab,2018-01-01,0,35306,35306,0,109,0,0,0,0,0,0,0,0,0,0,0,0,0,0,0,0,0,0,0,0,0,0,NA,NA,NA,NA,NA,NA,NA,NA,NA,NA,NA,NA
adalimumab,2018-02-01,0,35974,35974,0,110,0,0,0,0,0,0,0,0,0,0,0,0,0,0,0,0,0,0,0,0,0,0,NA,NA,NA,NA,NA,NA,NA,NA,NA,NA,NA,NA
adalimumab,2018-03-01,0,37456,37456,0,111,0,0,0,0,0,0,0,0,0,0,0,0,0,0,0,0,0,0,0,0,0,0,NA,NA,NA,NA,NA,NA,NA,NA,NA,NA,NA,NA
adalimumab,2018-04-01,0,36944,36944,0,112,0,0,0,0,0,0,0,0,0,0,0,0,0,0,0,0,0,0,0,0,0,0,NA,NA,NA,NA,NA,NA,NA,NA,NA,NA,NA,NA
adalimumab,2018-05-01,0,41176,41176,0,113,0,0,0,0,0,0,0,0,0,0,0,0,0,0,0,0,0,0,0,0,0,0,NA,NA,NA,NA,NA,NA,NA,NA,NA,NA,NA,NA
adalimumab,2018-06-01,0,35882,35882,0,114,0,0,0,0,0,0,0,0,0,0,0,0,0,0,0,0,0,0,0,0,0,0,NA,NA,NA,NA,NA,NA,NA,NA,NA,NA,NA,NA
adalimumab,2018-07-01,0,32792,32792,0,115,0,0,0,0,0,0,0,0,0,0,0,0,0,0,0,0,0,0,0,0,0,0,NA,NA,NA,NA,NA,NA,NA,NA,NA,NA,NA,NA
adalimumab,2018-08-01,0,49064,49064,0,116,0,0,0,0,0,0,0,0,0,0,0,0,0,0,0,0,0,0,0,0,0,0,NA,NA,NA,NA,NA,NA,NA,NA,NA,NA,NA,NA
adalimumab,2018-09-01,0,37220,37220,0,117,0,0,0,0,0,0,0,0,0,0,0,0,0,0,0,0,0,0,0,0,0,0,NA,NA,NA,NA,NA,NA,NA,NA,NA,NA,NA,NA
adalimumab,2018-10-01,0,35794,35794,0,118,0,0,0,0,0,0,0,0,0,0,0,0,0,0,0,0,0,0,0,0,0,0,NA,NA,NA,NA,NA,NA,NA,NA,NA,NA,NA,NA
adalimumab,2018-11-01,0,40058,40058,0,119,0,0,0,0,0,0,0,0,0,0,0,0,0,0,0,0,0,0,0,0,0,0,NA,NA,NA,NA,NA,NA,NA,NA,NA,NA,NA,NA
adalimumab,2018-12-01,0,42594,42594,0,120,0,0,0,0,0,0,0,0,0,0,0,0,0,0,0,0,0,0,0,0,0,0,NA,NA,NA,NA,NA,NA,NA,NA,NA,NA,NA,NA
adalimumab,2019-01-01,0,38710,38710,0,121,0,0,0,0,0,0,0,0,0,0,0,0,0,0,0,0,0,0,0,0,0,0,NA,NA,NA,NA,NA,NA,NA,NA,NA,NA,NA,NA
adalimumab,2019-02-01,0,39010,39010,0,122,0,0,0,0,0,0,0,0,0,0,0,0,0,0,0,0,0,0,0,0,0,0,NA,NA,NA,NA,NA,NA,NA,NA,NA,NA,NA,NA
adalimumab,2019-03-01,0,43480,43480,0,123,0,0,0,0,0,0,0,0,0,0,0,0,0,0,0,0,0,0,0,0,0,0,NA,NA,NA,NA,NA,NA,NA,NA,NA,NA,NA,NA
adalimumab,2019-04-01,0,37024,37024,0,124,0,0,0,0,0,0,0,0,0,0,0,0,0,0,0,0,0,0,0,0,0,0,NA,NA,NA,NA,NA,NA,NA,NA,NA,NA,NA,NA
adalimumab,2019-05-01,0,42306,42306,0,125,0,0,0,0,0,0,0,0,0,0,0,0,0,0,0,0,0,0,0,0,0,0,NA,NA,NA,NA,NA,NA,NA,NA,NA,NA,NA,NA
adalimumab,2019-06-01,0,43022,43022,0,126,0,0,0,0,0,0,0,0,0,0,0,0,0,0,0,0,0,0,0,0,0,0,NA,NA,NA,NA,NA,NA,NA,NA,NA,NA,NA,NA
adalimumab,2019-07-01,0,39516,39516,0,127,0,0,0,0,0,0,0,0,0,0,0,0,0,0,0,0,0,0,0,0,0,0,NA,NA,NA,NA,NA,NA,NA,NA,NA,NA,NA,NA
adalimumab,2019-08-01,0,42024,42024,0,128,0,0,0,0,0,0,0,0,0,0,0,0,0,0,0,0,0,0,0,0,0,0,NA,NA,NA,NA,NA,NA,NA,NA,NA,NA,NA,NA
adalimumab,2019-09-01,0,40220,40220,0,129,0,0,0,0,0,0,0,0,0,0,0,0,0,0,0,0,0,0,0,0,0,0,NA,NA,NA,NA,NA,NA,NA,NA,NA,NA,NA,NA
adalimumab,2019-10-01,0,40652,40652,0,130,0,0,0,0,0,0,0,0,0,0,0,0,0,0,0,0,0,0,0,0,0,0,NA,NA,NA,NA,NA,NA,NA,NA,NA,NA,NA,NA
adalimumab,2019-11-01,0,44356,44356,0,131,1,0,0,0,0,0,0,0,0,0,0,0,0,0,0,0,0,0,0,0,0,0,NA,NA,NA,NA,NA,NA,NA,NA,NA,NA,NA,NA
adalimumab,2019-12-01,0,42838,42838,0,132,1,1,0,0,0,0,0,0,0,0,0,0,0,0,0,0,0,0,0,0,0,0,NA,NA,NA,NA,NA,NA,NA,NA,NA,NA,NA,NA
adalimumab,2020-01-01,0,44892,44892,0,133,1,2,0,0,0,0,0,0,0,0,0,0,0,0,0,0,0,0,0,0,0,0,NA,NA,NA,NA,NA,NA,NA,NA,NA,NA,NA,NA
adalimumab,2020-02-01,0,41052,41052,0,134,1,3,0,0,0,0,0,0,0,0,0,0,0,0,0,0,0,0,0,0,0,0,NA,NA,NA,NA,NA,NA,NA,NA,NA,NA,NA,NA
adalimumab,2020-03-01,0,43224,43224,0,135,1,4,0,0,0,0,0,0,0,0,0,0,0,0,0,0,0,0,0,0,0,0,NA,NA,NA,NA,NA,NA,NA,NA,NA,NA,NA,NA
adalimumab,2020-04-01,0,44858,44858,0,136,1,5,0,0,0,0,0,0,0,0,0,0,0,0,0,0,0,0,0,0,0,0,NA,NA,NA,NA,NA,NA,NA,NA,NA,NA,NA,NA
adalimumab,2020-05-01,0,38926,38926,0,137,1,6,0,0,0,0,0,0,0,0,0,0,0,0,0,0,0,0,0,0,0,0,NA,NA,NA,NA,NA,NA,NA,NA,NA,NA,NA,NA
adalimumab,2020-06-01,0,39588,39588,0,138,1,7,0,0,0,0,0,0,0,0,0,0,0,0,0,0,0,0,0,0,0,0,NA,NA,NA,NA,NA,NA,NA,NA,NA,NA,NA,NA
adalimumab,2020-07-01,0,46458,46458,0,139,1,8,0,0,0,0,0,0,0,0,0,0,0,0,0,0,0,0,0,0,0,0,NA,NA,NA,NA,NA,NA,NA,NA,NA,NA,NA,NA
adalimumab,2020-08-01,0,45384,45384,0,140,1,9,0,0,0,0,0,0,0,0,0,0,0,0,0,0,0,0,0,0,0,0,NA,NA,NA,NA,NA,NA,NA,NA,NA,NA,NA,NA
adalimumab,2020-09-01,0,43282,43282,0,141,1,10,0,0,0,0,0,0,0,0,0,0,0,0,0,0,0,0,0,0,0,0,NA,NA,NA,NA,NA,NA,NA,NA,NA,NA,NA,NA
adalimumab,2020-10-01,0,46434,46434,0,142,1,11,0,0,0,0,0,0,0,0,0,0,0,0,0,0,0,0,0,0,0,0,NA,NA,NA,NA,NA,NA,NA,NA,NA,NA,NA,NA
adalimumab,2020-11-01,0,40608,40608,0,143,1,12,0,0,0,0,0,0,0,0,0,0,0,0,0,0,0,0,0,0,0,0,NA,NA,NA,NA,NA,NA,NA,NA,NA,NA,NA,NA
adalimumab,2020-12-01,0,46804,46804,0,144,1,13,0,0,0,0,0,0,0,0,0,0,0,0,0,0,0,0,0,0,0,0,NA,NA,NA,NA,NA,NA,NA,NA,NA,NA,NA,NA
adalimumab,2021-01-01,0,46286,46286,0,145,1,14,0,0,0,0,0,0,0,0,0,0,0,0,0,0,0,0,0,0,0,0,NA,NA,NA,NA,NA,NA,NA,NA,NA,NA,NA,NA
adalimumab,2021-02-01,0,44142,44142,0,146,1,15,0,0,0,0,0,0,0,0,0,0,0,0,0,0,0,0,0,0,0,0,NA,NA,NA,NA,NA,NA,NA,NA,NA,NA,NA,NA
adalimumab,2021-03-01,0,40646,40646,0,147,1,16,0,0,0,0,0,0,0,0,0,0,0,0,0,0,0,0,0,0,0,0,NA,NA,NA,NA,NA,NA,NA,NA,NA,NA,NA,NA
adalimumab,2021-04-01,43230,3108,46338,0.9329276188009841,148,1,17,1,0,1,0,1,0,0,0,0,0,0,0,0,0,0,0,0,0,0,0,NA,NA,NA,NA,NA,NA,NA,NA,NA,NA,NA,NA
adalimumab,2021-05-01,35616,8474,44090,0.8078022227262418,149,1,18,1,1,1,1,1,1,0,0,0,0,0,0,0,0,0,0,0,0,0,0,NA,NA,NA,NA,NA,NA,NA,NA,NA,NA,NA,NA
adalimumab,2021-06-01,26932,18334,45266,0.5949719436221447,150,1,19,1,2,1,2,1,2,0,0,0,0,0,0,0,0,0,0,0,0,0,0,NA,NA,NA,NA,NA,NA,NA,NA,NA,NA,NA,NA
adalimumab,2021-07-01,17960,32088,50048,0.35885549872122763,151,1,20,1,3,1,3,1,3,0,0,0,0,0,0,0,0,0,0,0,0,0,0,NA,NA,NA,NA,NA,NA,NA,NA,NA,NA,NA,NA
adalimumab,2021-08-01,12853,35632,48485,0.2650922965865732,152,1,21,1,4,1,4,1,4,0,0,0,0,0,0,0,0,0,0,0,0,0,0,NA,NA,NA,NA,NA,NA,NA,NA,NA,NA,NA,NA
adalimumab,2021-09-01,10954,37686,48640,0.22520559210526317,153,1,22,1,5,1,5,1,5,0,0,0,0,0,0,0,0,0,0,0,0,0,0,NA,NA,NA,NA,NA,NA,NA,NA,NA,NA,NA,NA
adalimumab,2021-10-01,8605,40486,49091,0.17528671243201402,154,1,23,1,6,1,6,1,6,0,0,0,0,0,0,0,0,0,0,0,0,0,0,NA,NA,NA,NA,NA,NA,NA,NA,NA,NA,NA,NA
adalimumab,2021-11-01,8415,40236,48651,0.17296663994573597,155,1,24,1,7,1,7,1,7,0,0,0,0,0,0,0,0,0,0,0,0,0,0,NA,NA,NA,NA,NA,NA,NA,NA,NA,NA,NA,NA
adalimumab,2021-12-01,9405,44716,54121,0.1737772768426304,156,1,25,1,8,1,8,1,8,0,0,0,0,0,0,0,0,0,0,0,0,0,0,NA,NA,NA,NA,NA,NA,NA,NA,NA,NA,NA,NA
adalimumab,2022-01-01,8659,41981,50640,0.1709913112164297,157,1,26,1,9,1,9,1,9,0,0,0,0,0,0,0,0,0,0,0,0,0,0,NA,NA,NA,NA,NA,NA,NA,NA,NA,NA,NA,NA
adalimumab,2022-02-01,8105,38044,46149,0.17562677414461852,158,1,27,1,10,1,10,1,10,0,0,0,0,0,0,0,0,0,0,0,0,0,0,NA,NA,NA,NA,NA,NA,NA,NA,NA,NA,NA,NA
adalimumab,2022-03-01,9280,44779,54059,0.17166429271721637,159,1,28,1,11,1,11,1,11,0,0,0,0,0,0,0,0,0,0,0,0,0,0,NA,NA,NA,NA,NA,NA,NA,NA,NA,NA,NA,NA
adalimumab,2022-04-01,10535,41640,52175,0.20191662673694297,160,1,29,1,12,1,12,1,12,0,0,0,0,0,0,0,0,0,0,0,0,0,0,NA,NA,NA,NA,NA,NA,NA,NA,NA,NA,NA,NA
adalimumab,2022-05-01,10136,42423,52559,0.19284994006735287,161,1,30,1,13,1,13,1,13,0,0,0,0,0,0,0,0,0,0,0,0,0,0,NA,NA,NA,NA,NA,NA,NA,NA,NA,NA,NA,NA
adalimumab,2022-06-01,9947,43816,53763,0.18501571712888046,162,1,31,1,14,1,14,1,14,0,0,0,0,0,0,0,0,0,0,0,0,0,0,NA,NA,NA,NA,NA,NA,NA,NA,NA,NA,NA,NA
adalimumab,2022-07-01,4984,21592,26576,0.18753762793497894,163,1,32,1,15,1,15,1,15,0,0,0,0,0,0,0,0,0,0,0,0,0,0,NA,NA,NA,NA,NA,NA,NA,NA,NA,NA,NA,NA
adalimumab,2022-08-01,5353,22200,27553,0.19428011468805576,164,1,33,1,16,1,16,1,16,0,0,0,0,0,0,0,0,0,0,0,0,0,0,NA,NA,NA,NA,NA,NA,NA,NA,NA,NA,NA,NA
adalimumab,2022-09-01,5207,21500,26707,0.19496761148762498,165,1,34,1,17,1,17,1,17,0,0,0,0,0,0,0,0,0,0,0,0,0,0,NA,NA,NA,NA,NA,NA,NA,NA,NA,NA,NA,NA
adalimumab,2022-10-01,5473,22100,27573,0.1984912776991985,166,1,35,1,18,1,18,1,18,0,0,0,0,0,0,0,0,0,0,0,0,0,0,NA,NA,NA,NA,NA,NA,NA,NA,NA,NA,NA,NA
adalimumab,2022-11-01,5620,22425,28045,0.20039222677839186,167,1,36,1,19,1,19,1,19,0,0,0,0,0,0,0,0,0,0,0,0,0,0,NA,NA,NA,NA,NA,NA,NA,NA,NA,NA,NA,NA
adalimumab,2022-12-01,6142,23419,29561,0.20777375596224756,168,1,37,1,20,1,20,1,20,0,0,0,0,0,0,0,0,0,0,0,0,0,0,NA,NA,NA,NA,NA,NA,NA,NA,NA,NA,NA,NA
adalimumab,2023-01-01,5408,21624,27032,0.2000591891092039,169,1,38,1,21,1,21,1,21,0,0,0,0,0,0,0,0,0,0,0,0,0,0,NA,NA,NA,NA,NA,NA,NA,NA,NA,NA,NA,NA
adalimumab,2023-02-01,5377,21123,26500,0.2029056603773585,170,1,39,1,22,1,22,1,22,0,0,0,0,0,0,0,0,0,0,0,0,0,0,NA,NA,NA,NA,NA,NA,NA,NA,NA,NA,NA,NA
adalimumab,2023-03-01,6419,26036,32455,0.19778154367585887,171,1,40,1,23,1,23,1,23,1,0,0,0,0,0,0,0,0,0,0,0,0,0,NA,NA,NA,NA,NA,NA,NA,NA,NA,NA,NA,NA
adalimumab,2023-04-01,4802,19897,24699,0.1944208267541196,172,1,41,1,24,1,24,1,24,1,1,1,0,0,0,0,0,0,0,0,0,0,0,NA,NA,NA,NA,NA,NA,NA,NA,NA,NA,NA,NA
adalimumab,2023-05-01,5779,22910,28689,0.20143609048764335,173,1,42,1,25,1,25,1,25,1,2,1,1,0,0,0,0,0,0,0,0,0,0,NA,NA,NA,NA,NA,NA,NA,NA,NA,NA,NA,NA
adalimumab,2023-06-01,5434,22419,27853,0.19509568089613327,174,1,43,1,26,1,26,1,26,1,3,1,2,0,0,0,0,0,0,0,0,0,0,NA,NA,NA,NA,NA,NA,NA,NA,NA,NA,NA,NA
adalimumab,2023-07-01,5528,22602,28130,0.1965161749022396,175,1,44,1,27,1,27,1,27,1,4,1,3,0,0,0,0,0,0,0,0,0,0,NA,NA,NA,NA,NA,NA,NA,NA,NA,NA,NA,NA
adalimumab,2023-08-01,6250,23700,29950,0.20868113522537562,176,1,45,1,28,1,28,1,28,1,5,1,4,0,0,0,0,0,0,0,0,0,0,NA,NA,NA,NA,NA,NA,NA,NA,NA,NA,NA,NA
adalimumab,2023-09-01,6165,21656,27821,0.221595197872111,177,1,46,1,29,1,29,1,29,1,6,1,5,0,0,0,0,0,0,0,0,0,0,NA,NA,NA,NA,NA,NA,NA,NA,NA,NA,NA,NA
adalimumab,2023-10-01,6711,23152,29863,0.22472624987442655,178,1,47,1,30,1,30,1,30,1,7,1,6,0,0,0,0,0,0,0,0,0,0,NA,NA,NA,NA,NA,NA,NA,NA,NA,NA,NA,NA
adalimumab,2023-11-01,6865,23045,29910,0.2295218990304246,179,1,48,1,31,1,31,1,31,1,8,1,7,1,0,1,0,0,0,0,0,0,0,NA,NA,NA,NA,NA,NA,NA,NA,NA,NA,NA,NA
adalimumab,2023-12-01,7316,23799,31115,0.23512775188815685,180,1,49,1,32,1,32,1,32,1,9,1,8,1,1,1,1,1,0,0,0,0,0,NA,NA,NA,NA,NA,NA,NA,NA,NA,NA,NA,NA
adalimumab,2024-01-01,6942,22394,29336,0.23663757840196345,181,1,50,1,33,1,33,1,33,1,10,1,9,1,2,1,2,1,1,1,0,0,0,NA,NA,NA,NA,NA,NA,NA,NA,NA,NA,NA,NA
adalimumab,2024-02-01,6913,21874,28787,0.24014312015840483,182,1,51,1,34,1,34,1,34,1,11,1,10,1,3,1,3,1,2,1,1,0,0,NA,NA,NA,NA,NA,NA,NA,NA,NA,NA,NA,NA
adalimumab,2024-03-01,7977,24843,32820,0.2430530164533821,183,1,52,1,35,1,35,1,35,1,12,1,11,1,4,1,4,1,3,1,2,0,0,NA,NA,NA,NA,NA,NA,NA,NA,NA,NA,NA,NA
adalimumab,2024-04-01,7259,22479,29738,0.24409845988297801,184,1,53,1,36,1,36,1,36,1,13,1,12,1,5,1,5,1,4,1,3,0,0,NA,NA,NA,NA,NA,NA,NA,NA,NA,NA,NA,NA
adalimumab,2024-05-01,7621,23947,31568,0.2414153573238723,185,1,54,1,37,1,37,1,37,1,14,1,13,1,6,1,6,1,5,1,4,0,0,NA,NA,NA,NA,NA,NA,NA,NA,NA,NA,NA,NA
adalimumab,2024-06-01,7229,22411,29640,0.24389338731443994,186,1,55,1,38,1,38,1,38,1,15,1,14,1,7,1,7,1,6,1,5,0,0,NA,NA,NA,NA,NA,NA,NA,NA,NA,NA,NA,NA
adalimumab,2024-07-01,8764,25007,33771,0.2595125995676764,187,1,56,1,39,1,39,1,39,1,16,1,15,1,8,1,8,1,7,1,6,0,0,NA,NA,NA,NA,NA,NA,NA,NA,NA,NA,NA,NA
adalimumab,2024-08-01,7801,23800,31601,0.24685927660517074,188,1,57,1,40,1,40,1,40,1,17,1,16,1,9,1,9,1,8,1,7,1,0,NA,NA,NA,NA,NA,NA,NA,NA,NA,NA,NA,NA
adalimumab,2024-09-01,8035,23661,31696,0.2535020191822312,189,1,58,1,41,1,41,1,41,1,18,1,17,1,10,1,10,1,9,1,8,1,1,NA,NA,NA,NA,NA,NA,NA,NA,NA,NA,NA,NA
adalimumab,2024-10-01,8577,24523,33100,0.2591238670694864,190,1,59,1,42,1,42,1,42,1,19,1,18,1,11,1,11,1,10,1,9,1,2,NA,NA,NA,NA,NA,NA,NA,NA,NA,NA,NA,NA
adalimumab,2024-11-01,8228,24090,32318,0.2545949625595643,191,1,60,1,43,1,43,1,43,1,20,1,19,1,12,1,12,1,11,1,10,1,3,NA,NA,NA,NA,NA,NA,NA,NA,NA,NA,NA,NA
adalimumab,2024-12-01,8972,26050,35022,0.25618182856490207,192,1,61,1,44,1,44,1,44,1,21,1,20,1,13,1,13,1,12,1,11,1,4,NA,NA,NA,NA,NA,NA,NA,NA,NA,NA,NA,NA
adalimumab,2025-01-01,8126,23802,31928,0.2545101478326234,193,1,62,1,45,1,45,1,45,1,22,1,21,1,14,1,14,1,13,1,12,1,5,NA,NA,NA,NA,NA,NA,NA,NA,NA,NA,NA,NA
adalimumab,2025-02-01,7743,22716,30459,0.25421057815424014,194,1,63,1,46,1,46,1,46,1,23,1,22,1,15,1,15,1,14,1,13,1,6,NA,NA,NA,NA,NA,NA,NA,NA,NA,NA,NA,NA
adalimumab,2025-03-01,8307,27360,35667,0.2329043653797628,195,1,64,1,47,1,47,1,47,1,24,1,23,1,16,1,16,1,15,1,14,1,7,NA,NA,NA,NA,NA,NA,NA,NA,NA,NA,NA,NA
adalimumab,2025-04-01,7154,24741,31895,0.2242984793854836,196,1,65,1,48,1,48,1,48,1,25,1,24,1,17,1,17,1,16,1,15,1,8,NA,NA,NA,NA,NA,NA,NA,NA,NA,NA,NA,NA
adalimumab,2025-05-01,7456,26437,33893,0.2199864278759626,197,1,66,1,49,1,49,1,49,1,26,1,25,1,18,1,18,1,17,1,16,1,9,NA,NA,NA,NA,NA,NA,NA,NA,NA,NA,NA,NA
adalimumab,2025-06-01,7085,25536,32621,0.2171913797860274,198,1,67,1,50,1,50,1,50,1,27,1,26,1,19,1,19,1,18,1,17,1,10,NA,NA,NA,NA,NA,NA,NA,NA,NA,NA,NA,NA
adalimumab,2025-07-01,7578,27056,34634,0.2188023329676041,199,1,68,1,51,1,51,1,51,1,28,1,27,1,20,1,20,1,19,1,18,1,11,NA,NA,NA,NA,NA,NA,NA,NA,NA,NA,NA,NA
adalimumab,2025-08-01,7229,26260,33489,0.215861924811132,200,1,69,1,52,1,52,1,52,1,29,1,28,1,21,1,21,1,20,1,19,1,12,NA,NA,NA,NA,NA,NA,NA,NA,NA,NA,NA,NA
adalimumab,2025-09-01,7701,27124,34825,0.22113424264178033,201,1,70,1,53,1,53,1,53,1,30,1,29,1,22,1,22,1,21,1,20,1,13,NA,NA,NA,NA,NA,NA,NA,NA,NA,NA,NA,NA
adalimumab,2025-10-01,7170,27563,34733,0.206431923530936,202,1,71,1,54,1,54,1,54,1,31,1,30,1,23,1,23,1,22,1,21,1,14,NA,NA,NA,NA,NA,NA,NA,NA,NA,NA,NA,NA
adalimumab,2025-11-01,6845,26719,33564,0.20393874389226552,203,1,72,1,55,1,55,1,55,1,32,1,31,1,24,1,24,1,23,1,22,1,15,NA,NA,NA,NA,NA,NA,NA,NA,NA,NA,NA,NA
aflibercept,2012-12-01,0,12,12,0,1,0,0,0,0,0,0,NA,NA,NA,NA,NA,NA,NA,NA,NA,NA,NA,NA,NA,NA,NA,NA,0,0,NA,NA,NA,NA,NA,NA,NA,NA,NA,NA
aflibercept,2013-01-01,0,3386,3386,0,2,0,0,0,0,0,0,NA,NA,NA,NA,NA,NA,NA,NA,NA,NA,NA,NA,NA,NA,NA,NA,0,0,NA,NA,NA,NA,NA,NA,NA,NA,NA,NA
aflibercept,2013-02-01,0,8698,8698,0,3,0,0,0,0,0,0,NA,NA,NA,NA,NA,NA,NA,NA,NA,NA,NA,NA,NA,NA,NA,NA,0,0,NA,NA,NA,NA,NA,NA,NA,NA,NA,NA
aflibercept,2013-03-01,0,7914,7914,0,4,0,0,0,0,0,0,NA,NA,NA,NA,NA,NA,NA,NA,NA,NA,NA,NA,NA,NA,NA,NA,0,0,NA,NA,NA,NA,NA,NA,NA,NA,NA,NA
aflibercept,2013-04-01,0,15204,15204,0,5,0,0,0,0,0,0,NA,NA,NA,NA,NA,NA,NA,NA,NA,NA,NA,NA,NA,NA,NA,NA,0,0,NA,NA,NA,NA,NA,NA,NA,NA,NA,NA
aflibercept,2013-05-01,0,10044,10044,0,6,0,0,0,0,0,0,NA,NA,NA,NA,NA,NA,NA,NA,NA,NA,NA,NA,NA,NA,NA,NA,0,0,NA,NA,NA,NA,NA,NA,NA,NA,NA,NA
aflibercept,2013-06-01,0,16652,16652,0,7,0,0,0,0,0,0,NA,NA,NA,NA,NA,NA,NA,NA,NA,NA,NA,NA,NA,NA,NA,NA,0,0,NA,NA,NA,NA,NA,NA,NA,NA,NA,NA
aflibercept,2013-07-01,0,12134,12134,0,8,0,0,0,0,0,0,NA,NA,NA,NA,NA,NA,NA,NA,NA,NA,NA,NA,NA,NA,NA,NA,0,0,NA,NA,NA,NA,NA,NA,NA,NA,NA,NA
aflibercept,2013-08-01,0,11470,11470,0,9,0,0,0,0,0,0,NA,NA,NA,NA,NA,NA,NA,NA,NA,NA,NA,NA,NA,NA,NA,NA,0,0,NA,NA,NA,NA,NA,NA,NA,NA,NA,NA
aflibercept,2013-09-01,0,14034,14034,0,10,0,0,0,0,0,0,NA,NA,NA,NA,NA,NA,NA,NA,NA,NA,NA,NA,NA,NA,NA,NA,0,0,NA,NA,NA,NA,NA,NA,NA,NA,NA,NA
aflibercept,2013-10-01,0,11744,11744,0,11,0,0,0,0,0,0,NA,NA,NA,NA,NA,NA,NA,NA,NA,NA,NA,NA,NA,NA,NA,NA,0,0,NA,NA,NA,NA,NA,NA,NA,NA,NA,NA
aflibercept,2013-11-01,0,9276,9276,0,12,0,0,0,0,0,0,NA,NA,NA,NA,NA,NA,NA,NA,NA,NA,NA,NA,NA,NA,NA,NA,0,0,NA,NA,NA,NA,NA,NA,NA,NA,NA,NA
aflibercept,2013-12-01,0,13544,13544,0,13,0,0,0,0,0,0,NA,NA,NA,NA,NA,NA,NA,NA,NA,NA,NA,NA,NA,NA,NA,NA,0,0,NA,NA,NA,NA,NA,NA,NA,NA,NA,NA
aflibercept,2014-01-01,0,13300,13300,0,14,0,0,0,0,0,0,NA,NA,NA,NA,NA,NA,NA,NA,NA,NA,NA,NA,NA,NA,NA,NA,0,0,NA,NA,NA,NA,NA,NA,NA,NA,NA,NA
aflibercept,2014-02-01,0,9094,9094,0,15,0,0,0,0,0,0,NA,NA,NA,NA,NA,NA,NA,NA,NA,NA,NA,NA,NA,NA,NA,NA,0,0,NA,NA,NA,NA,NA,NA,NA,NA,NA,NA
aflibercept,2014-03-01,0,25874,25874,0,16,0,0,0,0,0,0,NA,NA,NA,NA,NA,NA,NA,NA,NA,NA,NA,NA,NA,NA,NA,NA,0,0,NA,NA,NA,NA,NA,NA,NA,NA,NA,NA
aflibercept,2014-04-01,0,30124,30124,0,17,0,0,0,0,0,0,NA,NA,NA,NA,NA,NA,NA,NA,NA,NA,NA,NA,NA,NA,NA,NA,0,0,NA,NA,NA,NA,NA,NA,NA,NA,NA,NA
aflibercept,2014-05-01,0,23988,23988,0,18,0,0,0,0,0,0,NA,NA,NA,NA,NA,NA,NA,NA,NA,NA,NA,NA,NA,NA,NA,NA,0,0,NA,NA,NA,NA,NA,NA,NA,NA,NA,NA
aflibercept,2014-06-01,0,21346,21346,0,19,0,0,0,0,0,0,NA,NA,NA,NA,NA,NA,NA,NA,NA,NA,NA,NA,NA,NA,NA,NA,0,0,NA,NA,NA,NA,NA,NA,NA,NA,NA,NA
aflibercept,2014-07-01,0,13260,13260,0,20,0,0,0,0,0,0,NA,NA,NA,NA,NA,NA,NA,NA,NA,NA,NA,NA,NA,NA,NA,NA,0,0,NA,NA,NA,NA,NA,NA,NA,NA,NA,NA
aflibercept,2014-08-01,0,20860,20860,0,21,0,0,0,0,0,0,NA,NA,NA,NA,NA,NA,NA,NA,NA,NA,NA,NA,NA,NA,NA,NA,0,0,NA,NA,NA,NA,NA,NA,NA,NA,NA,NA
aflibercept,2014-09-01,0,16238,16238,0,22,0,0,0,0,0,0,NA,NA,NA,NA,NA,NA,NA,NA,NA,NA,NA,NA,NA,NA,NA,NA,0,0,NA,NA,NA,NA,NA,NA,NA,NA,NA,NA
aflibercept,2014-10-01,0,15990,15990,0,23,0,0,0,0,0,0,NA,NA,NA,NA,NA,NA,NA,NA,NA,NA,NA,NA,NA,NA,NA,NA,0,0,NA,NA,NA,NA,NA,NA,NA,NA,NA,NA
aflibercept,2014-11-01,0,14830,14830,0,24,0,0,0,0,0,0,NA,NA,NA,NA,NA,NA,NA,NA,NA,NA,NA,NA,NA,NA,NA,NA,0,0,NA,NA,NA,NA,NA,NA,NA,NA,NA,NA
aflibercept,2014-12-01,0,16678,16678,0,25,0,0,0,0,0,0,NA,NA,NA,NA,NA,NA,NA,NA,NA,NA,NA,NA,NA,NA,NA,NA,0,0,NA,NA,NA,NA,NA,NA,NA,NA,NA,NA
aflibercept,2015-01-01,0,16118,16118,0,26,0,0,0,0,0,0,NA,NA,NA,NA,NA,NA,NA,NA,NA,NA,NA,NA,NA,NA,NA,NA,0,0,NA,NA,NA,NA,NA,NA,NA,NA,NA,NA
aflibercept,2015-02-01,0,21972,21972,0,27,0,0,0,0,0,0,NA,NA,NA,NA,NA,NA,NA,NA,NA,NA,NA,NA,NA,NA,NA,NA,0,0,NA,NA,NA,NA,NA,NA,NA,NA,NA,NA
aflibercept,2015-03-01,0,20668,20668,0,28,0,0,0,0,0,0,NA,NA,NA,NA,NA,NA,NA,NA,NA,NA,NA,NA,NA,NA,NA,NA,0,0,NA,NA,NA,NA,NA,NA,NA,NA,NA,NA
aflibercept,2015-04-01,0,15752,15752,0,29,0,0,0,0,0,0,NA,NA,NA,NA,NA,NA,NA,NA,NA,NA,NA,NA,NA,NA,NA,NA,0,0,NA,NA,NA,NA,NA,NA,NA,NA,NA,NA
aflibercept,2015-05-01,0,33340,33340,0,30,0,0,0,0,0,0,NA,NA,NA,NA,NA,NA,NA,NA,NA,NA,NA,NA,NA,NA,NA,NA,0,0,NA,NA,NA,NA,NA,NA,NA,NA,NA,NA
aflibercept,2015-06-01,0,18258,18258,0,31,0,0,0,0,0,0,NA,NA,NA,NA,NA,NA,NA,NA,NA,NA,NA,NA,NA,NA,NA,NA,0,0,NA,NA,NA,NA,NA,NA,NA,NA,NA,NA
aflibercept,2015-07-01,0,21650,21650,0,32,0,0,0,0,0,0,NA,NA,NA,NA,NA,NA,NA,NA,NA,NA,NA,NA,NA,NA,NA,NA,0,0,NA,NA,NA,NA,NA,NA,NA,NA,NA,NA
aflibercept,2015-08-01,0,19244,19244,0,33,0,0,0,0,0,0,NA,NA,NA,NA,NA,NA,NA,NA,NA,NA,NA,NA,NA,NA,NA,NA,0,0,NA,NA,NA,NA,NA,NA,NA,NA,NA,NA
aflibercept,2015-09-01,0,22398,22398,0,34,0,0,0,0,0,0,NA,NA,NA,NA,NA,NA,NA,NA,NA,NA,NA,NA,NA,NA,NA,NA,0,0,NA,NA,NA,NA,NA,NA,NA,NA,NA,NA
aflibercept,2015-10-01,0,18542,18542,0,35,0,0,0,0,0,0,NA,NA,NA,NA,NA,NA,NA,NA,NA,NA,NA,NA,NA,NA,NA,NA,0,0,NA,NA,NA,NA,NA,NA,NA,NA,NA,NA
aflibercept,2015-11-01,0,20680,20680,0,36,0,0,0,0,0,0,NA,NA,NA,NA,NA,NA,NA,NA,NA,NA,NA,NA,NA,NA,NA,NA,0,0,NA,NA,NA,NA,NA,NA,NA,NA,NA,NA
aflibercept,2015-12-01,0,24180,24180,0,37,0,0,0,0,0,0,NA,NA,NA,NA,NA,NA,NA,NA,NA,NA,NA,NA,NA,NA,NA,NA,0,0,NA,NA,NA,NA,NA,NA,NA,NA,NA,NA
aflibercept,2016-01-01,0,20908,20908,0,38,0,0,0,0,0,0,NA,NA,NA,NA,NA,NA,NA,NA,NA,NA,NA,NA,NA,NA,NA,NA,0,0,NA,NA,NA,NA,NA,NA,NA,NA,NA,NA
aflibercept,2016-02-01,0,27388,27388,0,39,0,0,0,0,0,0,NA,NA,NA,NA,NA,NA,NA,NA,NA,NA,NA,NA,NA,NA,NA,NA,0,0,NA,NA,NA,NA,NA,NA,NA,NA,NA,NA
aflibercept,2016-03-01,0,33480,33480,0,40,0,0,0,0,0,0,NA,NA,NA,NA,NA,NA,NA,NA,NA,NA,NA,NA,NA,NA,NA,NA,0,0,NA,NA,NA,NA,NA,NA,NA,NA,NA,NA
aflibercept,2016-04-01,0,23536,23536,0,41,0,0,0,0,0,0,NA,NA,NA,NA,NA,NA,NA,NA,NA,NA,NA,NA,NA,NA,NA,NA,0,0,NA,NA,NA,NA,NA,NA,NA,NA,NA,NA
aflibercept,2016-05-01,0,25398,25398,0,42,0,0,0,0,0,0,NA,NA,NA,NA,NA,NA,NA,NA,NA,NA,NA,NA,NA,NA,NA,NA,0,0,NA,NA,NA,NA,NA,NA,NA,NA,NA,NA
aflibercept,2016-06-01,0,28314,28314,0,43,0,0,0,0,0,0,NA,NA,NA,NA,NA,NA,NA,NA,NA,NA,NA,NA,NA,NA,NA,NA,0,0,NA,NA,NA,NA,NA,NA,NA,NA,NA,NA
aflibercept,2016-07-01,0,26792,26792,0,44,0,0,0,0,0,0,NA,NA,NA,NA,NA,NA,NA,NA,NA,NA,NA,NA,NA,NA,NA,NA,0,0,NA,NA,NA,NA,NA,NA,NA,NA,NA,NA
aflibercept,2016-08-01,0,27256,27256,0,45,0,0,0,0,0,0,NA,NA,NA,NA,NA,NA,NA,NA,NA,NA,NA,NA,NA,NA,NA,NA,0,0,NA,NA,NA,NA,NA,NA,NA,NA,NA,NA
aflibercept,2016-09-01,0,27752,27752,0,46,0,0,0,0,0,0,NA,NA,NA,NA,NA,NA,NA,NA,NA,NA,NA,NA,NA,NA,NA,NA,0,0,NA,NA,NA,NA,NA,NA,NA,NA,NA,NA
aflibercept,2016-10-01,0,29244,29244,0,47,0,0,0,0,0,0,NA,NA,NA,NA,NA,NA,NA,NA,NA,NA,NA,NA,NA,NA,NA,NA,0,0,NA,NA,NA,NA,NA,NA,NA,NA,NA,NA
aflibercept,2016-11-01,0,31484,31484,0,48,0,0,0,0,0,0,NA,NA,NA,NA,NA,NA,NA,NA,NA,NA,NA,NA,NA,NA,NA,NA,0,0,NA,NA,NA,NA,NA,NA,NA,NA,NA,NA
aflibercept,2016-12-01,0,37376,37376,0,49,0,0,0,0,0,0,NA,NA,NA,NA,NA,NA,NA,NA,NA,NA,NA,NA,NA,NA,NA,NA,0,0,NA,NA,NA,NA,NA,NA,NA,NA,NA,NA
aflibercept,2017-01-01,0,27454,27454,0,50,0,0,0,0,0,0,NA,NA,NA,NA,NA,NA,NA,NA,NA,NA,NA,NA,NA,NA,NA,NA,0,0,NA,NA,NA,NA,NA,NA,NA,NA,NA,NA
aflibercept,2017-02-01,0,26564,26564,0,51,0,0,0,0,0,0,NA,NA,NA,NA,NA,NA,NA,NA,NA,NA,NA,NA,NA,NA,NA,NA,0,0,NA,NA,NA,NA,NA,NA,NA,NA,NA,NA
aflibercept,2017-03-01,0,34638,34638,0,52,0,0,0,0,0,0,NA,NA,NA,NA,NA,NA,NA,NA,NA,NA,NA,NA,NA,NA,NA,NA,0,0,NA,NA,NA,NA,NA,NA,NA,NA,NA,NA
aflibercept,2017-04-01,0,30158,30158,0,53,0,0,0,0,0,0,NA,NA,NA,NA,NA,NA,NA,NA,NA,NA,NA,NA,NA,NA,NA,NA,0,0,NA,NA,NA,NA,NA,NA,NA,NA,NA,NA
aflibercept,2017-05-01,0,40120,40120,0,54,0,0,0,0,0,0,NA,NA,NA,NA,NA,NA,NA,NA,NA,NA,NA,NA,NA,NA,NA,NA,0,0,NA,NA,NA,NA,NA,NA,NA,NA,NA,NA
aflibercept,2017-06-01,0,37014,37014,0,55,0,0,0,0,0,0,NA,NA,NA,NA,NA,NA,NA,NA,NA,NA,NA,NA,NA,NA,NA,NA,0,0,NA,NA,NA,NA,NA,NA,NA,NA,NA,NA
aflibercept,2017-07-01,0,34314,34314,0,56,0,0,0,0,0,0,NA,NA,NA,NA,NA,NA,NA,NA,NA,NA,NA,NA,NA,NA,NA,NA,0,0,NA,NA,NA,NA,NA,NA,NA,NA,NA,NA
aflibercept,2017-08-01,0,36646,36646,0,57,0,0,0,0,0,0,NA,NA,NA,NA,NA,NA,NA,NA,NA,NA,NA,NA,NA,NA,NA,NA,0,0,NA,NA,NA,NA,NA,NA,NA,NA,NA,NA
aflibercept,2017-09-01,0,34340,34340,0,58,0,0,0,0,0,0,NA,NA,NA,NA,NA,NA,NA,NA,NA,NA,NA,NA,NA,NA,NA,NA,0,0,NA,NA,NA,NA,NA,NA,NA,NA,NA,NA
aflibercept,2017-10-01,0,47138,47138,0,59,0,0,0,0,0,0,NA,NA,NA,NA,NA,NA,NA,NA,NA,NA,NA,NA,NA,NA,NA,NA,0,0,NA,NA,NA,NA,NA,NA,NA,NA,NA,NA
aflibercept,2017-11-01,0,40806,40806,0,60,0,0,0,0,0,0,NA,NA,NA,NA,NA,NA,NA,NA,NA,NA,NA,NA,NA,NA,NA,NA,0,0,NA,NA,NA,NA,NA,NA,NA,NA,NA,NA
aflibercept,2017-12-01,0,42854,42854,0,61,0,0,0,0,0,0,NA,NA,NA,NA,NA,NA,NA,NA,NA,NA,NA,NA,NA,NA,NA,NA,0,0,NA,NA,NA,NA,NA,NA,NA,NA,NA,NA
aflibercept,2018-01-01,0,38454,38454,0,62,0,0,0,0,0,0,NA,NA,NA,NA,NA,NA,NA,NA,NA,NA,NA,NA,NA,NA,NA,NA,0,0,NA,NA,NA,NA,NA,NA,NA,NA,NA,NA
aflibercept,2018-02-01,0,39570,39570,0,63,0,0,0,0,0,0,NA,NA,NA,NA,NA,NA,NA,NA,NA,NA,NA,NA,NA,NA,NA,NA,0,0,NA,NA,NA,NA,NA,NA,NA,NA,NA,NA
aflibercept,2018-03-01,0,39904,39904,0,64,0,0,0,0,0,0,NA,NA,NA,NA,NA,NA,NA,NA,NA,NA,NA,NA,NA,NA,NA,NA,0,0,NA,NA,NA,NA,NA,NA,NA,NA,NA,NA
aflibercept,2018-04-01,0,37212,37212,0,65,0,0,0,0,0,0,NA,NA,NA,NA,NA,NA,NA,NA,NA,NA,NA,NA,NA,NA,NA,NA,0,0,NA,NA,NA,NA,NA,NA,NA,NA,NA,NA
aflibercept,2018-05-01,0,45472,45472,0,66,0,0,0,0,0,0,NA,NA,NA,NA,NA,NA,NA,NA,NA,NA,NA,NA,NA,NA,NA,NA,0,0,NA,NA,NA,NA,NA,NA,NA,NA,NA,NA
aflibercept,2018-06-01,0,43034,43034,0,67,0,0,0,0,0,0,NA,NA,NA,NA,NA,NA,NA,NA,NA,NA,NA,NA,NA,NA,NA,NA,0,0,NA,NA,NA,NA,NA,NA,NA,NA,NA,NA
aflibercept,2018-07-01,0,35318,35318,0,68,0,0,0,0,0,0,NA,NA,NA,NA,NA,NA,NA,NA,NA,NA,NA,NA,NA,NA,NA,NA,0,0,NA,NA,NA,NA,NA,NA,NA,NA,NA,NA
aflibercept,2018-08-01,0,43806,43806,0,69,0,0,0,0,0,0,NA,NA,NA,NA,NA,NA,NA,NA,NA,NA,NA,NA,NA,NA,NA,NA,0,0,NA,NA,NA,NA,NA,NA,NA,NA,NA,NA
aflibercept,2018-09-01,0,40196,40196,0,70,0,0,0,0,0,0,NA,NA,NA,NA,NA,NA,NA,NA,NA,NA,NA,NA,NA,NA,NA,NA,0,0,NA,NA,NA,NA,NA,NA,NA,NA,NA,NA
aflibercept,2018-10-01,0,42310,42310,0,71,0,0,0,0,0,0,NA,NA,NA,NA,NA,NA,NA,NA,NA,NA,NA,NA,NA,NA,NA,NA,0,0,NA,NA,NA,NA,NA,NA,NA,NA,NA,NA
aflibercept,2018-11-01,0,41370,41370,0,72,0,0,0,0,0,0,NA,NA,NA,NA,NA,NA,NA,NA,NA,NA,NA,NA,NA,NA,NA,NA,0,0,NA,NA,NA,NA,NA,NA,NA,NA,NA,NA
aflibercept,2018-12-01,0,48392,48392,0,73,0,0,0,0,0,0,NA,NA,NA,NA,NA,NA,NA,NA,NA,NA,NA,NA,NA,NA,NA,NA,0,0,NA,NA,NA,NA,NA,NA,NA,NA,NA,NA
aflibercept,2019-01-01,0,46852,46852,0,74,0,0,0,0,0,0,NA,NA,NA,NA,NA,NA,NA,NA,NA,NA,NA,NA,NA,NA,NA,NA,0,0,NA,NA,NA,NA,NA,NA,NA,NA,NA,NA
aflibercept,2019-02-01,0,38686,38686,0,75,0,0,0,0,0,0,NA,NA,NA,NA,NA,NA,NA,NA,NA,NA,NA,NA,NA,NA,NA,NA,0,0,NA,NA,NA,NA,NA,NA,NA,NA,NA,NA
aflibercept,2019-03-01,0,41102,41102,0,76,0,0,0,0,0,0,NA,NA,NA,NA,NA,NA,NA,NA,NA,NA,NA,NA,NA,NA,NA,NA,0,0,NA,NA,NA,NA,NA,NA,NA,NA,NA,NA
aflibercept,2019-04-01,0,40698,40698,0,77,0,0,0,0,0,0,NA,NA,NA,NA,NA,NA,NA,NA,NA,NA,NA,NA,NA,NA,NA,NA,0,0,NA,NA,NA,NA,NA,NA,NA,NA,NA,NA
aflibercept,2019-05-01,0,66100,66100,0,78,0,0,0,0,0,0,NA,NA,NA,NA,NA,NA,NA,NA,NA,NA,NA,NA,NA,NA,NA,NA,0,0,NA,NA,NA,NA,NA,NA,NA,NA,NA,NA
aflibercept,2019-06-01,0,51134,51134,0,79,0,0,0,0,0,0,NA,NA,NA,NA,NA,NA,NA,NA,NA,NA,NA,NA,NA,NA,NA,NA,0,0,NA,NA,NA,NA,NA,NA,NA,NA,NA,NA
aflibercept,2019-07-01,0,44254,44254,0,80,0,0,0,0,0,0,NA,NA,NA,NA,NA,NA,NA,NA,NA,NA,NA,NA,NA,NA,NA,NA,0,0,NA,NA,NA,NA,NA,NA,NA,NA,NA,NA
aflibercept,2019-08-01,0,40988,40988,0,81,0,0,0,0,0,0,NA,NA,NA,NA,NA,NA,NA,NA,NA,NA,NA,NA,NA,NA,NA,NA,0,0,NA,NA,NA,NA,NA,NA,NA,NA,NA,NA
aflibercept,2019-09-01,0,55860,55860,0,82,0,0,0,0,0,0,NA,NA,NA,NA,NA,NA,NA,NA,NA,NA,NA,NA,NA,NA,NA,NA,0,0,NA,NA,NA,NA,NA,NA,NA,NA,NA,NA
aflibercept,2019-10-01,0,46808,46808,0,83,0,0,0,0,0,0,NA,NA,NA,NA,NA,NA,NA,NA,NA,NA,NA,NA,NA,NA,NA,NA,0,0,NA,NA,NA,NA,NA,NA,NA,NA,NA,NA
aflibercept,2019-11-01,0,42636,42636,0,84,1,0,0,0,0,0,NA,NA,NA,NA,NA,NA,NA,NA,NA,NA,NA,NA,NA,NA,NA,NA,0,0,NA,NA,NA,NA,NA,NA,NA,NA,NA,NA
aflibercept,2019-12-01,0,54744,54744,0,85,1,1,0,0,0,0,NA,NA,NA,NA,NA,NA,NA,NA,NA,NA,NA,NA,NA,NA,NA,NA,0,0,NA,NA,NA,NA,NA,NA,NA,NA,NA,NA
aflibercept,2020-01-01,0,52040,52040,0,86,1,2,0,0,0,0,NA,NA,NA,NA,NA,NA,NA,NA,NA,NA,NA,NA,NA,NA,NA,NA,0,0,NA,NA,NA,NA,NA,NA,NA,NA,NA,NA
aflibercept,2020-02-01,0,52288,52288,0,87,1,3,0,0,0,0,NA,NA,NA,NA,NA,NA,NA,NA,NA,NA,NA,NA,NA,NA,NA,NA,0,0,NA,NA,NA,NA,NA,NA,NA,NA,NA,NA
aflibercept,2020-03-01,0,47912,47912,0,88,1,4,0,0,0,0,NA,NA,NA,NA,NA,NA,NA,NA,NA,NA,NA,NA,NA,NA,NA,NA,0,0,NA,NA,NA,NA,NA,NA,NA,NA,NA,NA
aflibercept,2020-04-01,0,44160,44160,0,89,1,5,0,0,0,0,NA,NA,NA,NA,NA,NA,NA,NA,NA,NA,NA,NA,NA,NA,NA,NA,0,0,NA,NA,NA,NA,NA,NA,NA,NA,NA,NA
aflibercept,2020-05-01,0,51034,51034,0,90,1,6,0,0,0,0,NA,NA,NA,NA,NA,NA,NA,NA,NA,NA,NA,NA,NA,NA,NA,NA,0,0,NA,NA,NA,NA,NA,NA,NA,NA,NA,NA
aflibercept,2020-06-01,0,43554,43554,0,91,1,7,0,0,0,0,NA,NA,NA,NA,NA,NA,NA,NA,NA,NA,NA,NA,NA,NA,NA,NA,0,0,NA,NA,NA,NA,NA,NA,NA,NA,NA,NA
aflibercept,2020-07-01,0,59754,59754,0,92,1,8,0,0,0,0,NA,NA,NA,NA,NA,NA,NA,NA,NA,NA,NA,NA,NA,NA,NA,NA,0,0,NA,NA,NA,NA,NA,NA,NA,NA,NA,NA
aflibercept,2020-08-01,0,51264,51264,0,93,1,9,0,0,0,0,NA,NA,NA,NA,NA,NA,NA,NA,NA,NA,NA,NA,NA,NA,NA,NA,0,0,NA,NA,NA,NA,NA,NA,NA,NA,NA,NA
aflibercept,2020-09-01,0,54284,54284,0,94,1,10,0,0,0,0,NA,NA,NA,NA,NA,NA,NA,NA,NA,NA,NA,NA,NA,NA,NA,NA,0,0,NA,NA,NA,NA,NA,NA,NA,NA,NA,NA
aflibercept,2020-10-01,0,49528,49528,0,95,1,11,0,0,0,0,NA,NA,NA,NA,NA,NA,NA,NA,NA,NA,NA,NA,NA,NA,NA,NA,0,0,NA,NA,NA,NA,NA,NA,NA,NA,NA,NA
aflibercept,2020-11-01,0,58164,58164,0,96,1,12,0,0,0,0,NA,NA,NA,NA,NA,NA,NA,NA,NA,NA,NA,NA,NA,NA,NA,NA,0,0,NA,NA,NA,NA,NA,NA,NA,NA,NA,NA
aflibercept,2020-12-01,0,75944,75944,0,97,1,13,0,0,0,0,NA,NA,NA,NA,NA,NA,NA,NA,NA,NA,NA,NA,NA,NA,NA,NA,0,0,NA,NA,NA,NA,NA,NA,NA,NA,NA,NA
aflibercept,2021-01-01,0,57022,57022,0,98,1,14,0,0,0,0,NA,NA,NA,NA,NA,NA,NA,NA,NA,NA,NA,NA,NA,NA,NA,NA,0,0,NA,NA,NA,NA,NA,NA,NA,NA,NA,NA
aflibercept,2021-02-01,0,65512,65512,0,99,1,15,0,0,0,0,NA,NA,NA,NA,NA,NA,NA,NA,NA,NA,NA,NA,NA,NA,NA,NA,0,0,NA,NA,NA,NA,NA,NA,NA,NA,NA,NA
aflibercept,2021-03-01,0,55968,55968,0,100,1,16,0,0,0,0,NA,NA,NA,NA,NA,NA,NA,NA,NA,NA,NA,NA,NA,NA,NA,NA,0,0,NA,NA,NA,NA,NA,NA,NA,NA,NA,NA
aflibercept,2021-04-01,0,59630,59630,0,101,1,17,0,0,0,0,NA,NA,NA,NA,NA,NA,NA,NA,NA,NA,NA,NA,NA,NA,NA,NA,0,0,NA,NA,NA,NA,NA,NA,NA,NA,NA,NA
aflibercept,2021-05-01,0,62484,62484,0,102,1,18,0,0,0,0,NA,NA,NA,NA,NA,NA,NA,NA,NA,NA,NA,NA,NA,NA,NA,NA,0,0,NA,NA,NA,NA,NA,NA,NA,NA,NA,NA
aflibercept,2021-06-01,0,63136,63136,0,103,1,19,0,0,0,0,NA,NA,NA,NA,NA,NA,NA,NA,NA,NA,NA,NA,NA,NA,NA,NA,0,0,NA,NA,NA,NA,NA,NA,NA,NA,NA,NA
aflibercept,2021-07-01,0,66295,66295,0,104,1,20,0,0,0,0,NA,NA,NA,NA,NA,NA,NA,NA,NA,NA,NA,NA,NA,NA,NA,NA,0,0,NA,NA,NA,NA,NA,NA,NA,NA,NA,NA
aflibercept,2021-08-01,0,66232,66232,0,105,1,21,0,0,0,0,NA,NA,NA,NA,NA,NA,NA,NA,NA,NA,NA,NA,NA,NA,NA,NA,0,0,NA,NA,NA,NA,NA,NA,NA,NA,NA,NA
aflibercept,2021-09-01,0,67734,67734,0,106,1,22,0,0,0,0,NA,NA,NA,NA,NA,NA,NA,NA,NA,NA,NA,NA,NA,NA,NA,NA,0,0,NA,NA,NA,NA,NA,NA,NA,NA,NA,NA
aflibercept,2021-10-01,0,66927,66927,0,107,1,23,0,0,0,0,NA,NA,NA,NA,NA,NA,NA,NA,NA,NA,NA,NA,NA,NA,NA,NA,0,0,NA,NA,NA,NA,NA,NA,NA,NA,NA,NA
aflibercept,2021-11-01,0,65191,65191,0,108,1,24,0,0,0,0,NA,NA,NA,NA,NA,NA,NA,NA,NA,NA,NA,NA,NA,NA,NA,NA,0,0,NA,NA,NA,NA,NA,NA,NA,NA,NA,NA
aflibercept,2021-12-01,0,72903,72903,0,109,1,25,0,0,0,0,NA,NA,NA,NA,NA,NA,NA,NA,NA,NA,NA,NA,NA,NA,NA,NA,0,0,NA,NA,NA,NA,NA,NA,NA,NA,NA,NA
aflibercept,2022-01-01,0,59620,59620,0,110,1,26,0,0,0,0,NA,NA,NA,NA,NA,NA,NA,NA,NA,NA,NA,NA,NA,NA,NA,NA,0,0,NA,NA,NA,NA,NA,NA,NA,NA,NA,NA
aflibercept,2022-02-01,0,65609,65609,0,111,1,27,0,0,0,0,NA,NA,NA,NA,NA,NA,NA,NA,NA,NA,NA,NA,NA,NA,NA,NA,0,0,NA,NA,NA,NA,NA,NA,NA,NA,NA,NA
aflibercept,2022-03-01,0,76813,76813,0,112,1,28,0,0,0,0,NA,NA,NA,NA,NA,NA,NA,NA,NA,NA,NA,NA,NA,NA,NA,NA,0,0,NA,NA,NA,NA,NA,NA,NA,NA,NA,NA
aflibercept,2022-04-01,0,65778,65778,0,113,1,29,0,0,0,0,NA,NA,NA,NA,NA,NA,NA,NA,NA,NA,NA,NA,NA,NA,NA,NA,0,0,NA,NA,NA,NA,NA,NA,NA,NA,NA,NA
aflibercept,2022-05-01,0,73167,73167,0,114,1,30,0,0,0,0,NA,NA,NA,NA,NA,NA,NA,NA,NA,NA,NA,NA,NA,NA,NA,NA,0,0,NA,NA,NA,NA,NA,NA,NA,NA,NA,NA
aflibercept,2022-06-01,0,76860,76860,0,115,1,31,0,0,0,0,NA,NA,NA,NA,NA,NA,NA,NA,NA,NA,NA,NA,NA,NA,NA,NA,0,0,NA,NA,NA,NA,NA,NA,NA,NA,NA,NA
aflibercept,2022-07-01,0,34979,34979,0,116,1,32,0,0,0,0,NA,NA,NA,NA,NA,NA,NA,NA,NA,NA,NA,NA,NA,NA,NA,NA,0,0,NA,NA,NA,NA,NA,NA,NA,NA,NA,NA
aflibercept,2022-08-01,0,41127,41127,0,117,1,33,0,0,0,0,NA,NA,NA,NA,NA,NA,NA,NA,NA,NA,NA,NA,NA,NA,NA,NA,0,0,NA,NA,NA,NA,NA,NA,NA,NA,NA,NA
aflibercept,2022-09-01,0,42940,42940,0,118,1,34,0,0,0,0,NA,NA,NA,NA,NA,NA,NA,NA,NA,NA,NA,NA,NA,NA,NA,NA,0,0,NA,NA,NA,NA,NA,NA,NA,NA,NA,NA
aflibercept,2022-10-01,0,33936,33936,0,119,1,35,0,0,0,0,NA,NA,NA,NA,NA,NA,NA,NA,NA,NA,NA,NA,NA,NA,NA,NA,0,0,NA,NA,NA,NA,NA,NA,NA,NA,NA,NA
aflibercept,2022-11-01,0,41068,41068,0,120,1,36,0,0,0,0,NA,NA,NA,NA,NA,NA,NA,NA,NA,NA,NA,NA,NA,NA,NA,NA,0,0,NA,NA,NA,NA,NA,NA,NA,NA,NA,NA
aflibercept,2022-12-01,0,37634,37634,0,121,1,37,0,0,0,0,NA,NA,NA,NA,NA,NA,NA,NA,NA,NA,NA,NA,NA,NA,NA,NA,0,0,NA,NA,NA,NA,NA,NA,NA,NA,NA,NA
aflibercept,2023-01-01,0,39855,39855,0,122,1,38,0,0,0,0,NA,NA,NA,NA,NA,NA,NA,NA,NA,NA,NA,NA,NA,NA,NA,NA,0,0,NA,NA,NA,NA,NA,NA,NA,NA,NA,NA
aflibercept,2023-02-01,0,36443,36443,0,123,1,39,0,0,0,0,NA,NA,NA,NA,NA,NA,NA,NA,NA,NA,NA,NA,NA,NA,NA,NA,0,0,NA,NA,NA,NA,NA,NA,NA,NA,NA,NA
aflibercept,2023-03-01,0,45426,45426,0,124,1,40,0,0,0,0,NA,NA,NA,NA,NA,NA,NA,NA,NA,NA,NA,NA,NA,NA,NA,NA,0,0,NA,NA,NA,NA,NA,NA,NA,NA,NA,NA
aflibercept,2023-04-01,0,27770,27770,0,125,1,41,0,0,0,0,NA,NA,NA,NA,NA,NA,NA,NA,NA,NA,NA,NA,NA,NA,NA,NA,0,0,NA,NA,NA,NA,NA,NA,NA,NA,NA,NA
aflibercept,2023-05-01,0,39365,39365,0,126,1,42,0,0,0,0,NA,NA,NA,NA,NA,NA,NA,NA,NA,NA,NA,NA,NA,NA,NA,NA,0,0,NA,NA,NA,NA,NA,NA,NA,NA,NA,NA
aflibercept,2023-06-01,0,35936,35936,0,127,1,43,0,0,0,0,NA,NA,NA,NA,NA,NA,NA,NA,NA,NA,NA,NA,NA,NA,NA,NA,0,0,NA,NA,NA,NA,NA,NA,NA,NA,NA,NA
aflibercept,2023-07-01,0,34632,34632,0,128,1,44,0,0,0,0,NA,NA,NA,NA,NA,NA,NA,NA,NA,NA,NA,NA,NA,NA,NA,NA,0,0,NA,NA,NA,NA,NA,NA,NA,NA,NA,NA
aflibercept,2023-08-01,0,38423,38423,0,129,1,45,0,0,0,0,NA,NA,NA,NA,NA,NA,NA,NA,NA,NA,NA,NA,NA,NA,NA,NA,0,0,NA,NA,NA,NA,NA,NA,NA,NA,NA,NA
aflibercept,2023-09-01,0,34298,34298,0,130,1,46,0,0,0,0,NA,NA,NA,NA,NA,NA,NA,NA,NA,NA,NA,NA,NA,NA,NA,NA,0,0,NA,NA,NA,NA,NA,NA,NA,NA,NA,NA
aflibercept,2023-10-01,0,36388,36388,0,131,1,47,0,0,0,0,NA,NA,NA,NA,NA,NA,NA,NA,NA,NA,NA,NA,NA,NA,NA,NA,0,0,NA,NA,NA,NA,NA,NA,NA,NA,NA,NA
aflibercept,2023-11-01,0,37292,37292,0,132,1,48,0,0,0,0,NA,NA,NA,NA,NA,NA,NA,NA,NA,NA,NA,NA,NA,NA,NA,NA,1,0,NA,NA,NA,NA,NA,NA,NA,NA,NA,NA
aflibercept,2023-12-01,0,34189,34189,0,133,1,49,0,0,0,0,NA,NA,NA,NA,NA,NA,NA,NA,NA,NA,NA,NA,NA,NA,NA,NA,1,1,NA,NA,NA,NA,NA,NA,NA,NA,NA,NA
aflibercept,2024-01-01,0,37762,37762,0,134,1,50,0,0,0,0,NA,NA,NA,NA,NA,NA,NA,NA,NA,NA,NA,NA,NA,NA,NA,NA,1,2,NA,NA,NA,NA,NA,NA,NA,NA,NA,NA
aflibercept,2024-02-01,0,36911,36911,0,135,1,51,0,0,0,0,NA,NA,NA,NA,NA,NA,NA,NA,NA,NA,NA,NA,NA,NA,NA,NA,1,3,NA,NA,NA,NA,NA,NA,NA,NA,NA,NA
aflibercept,2024-03-01,0,34816,34816,0,136,1,52,0,0,0,0,NA,NA,NA,NA,NA,NA,NA,NA,NA,NA,NA,NA,NA,NA,NA,NA,1,4,NA,NA,NA,NA,NA,NA,NA,NA,NA,NA
aflibercept,2024-04-01,0,36692,36692,0,137,1,53,0,0,0,0,NA,NA,NA,NA,NA,NA,NA,NA,NA,NA,NA,NA,NA,NA,NA,NA,1,5,NA,NA,NA,NA,NA,NA,NA,NA,NA,NA
aflibercept,2024-05-01,0,39521,39521,0,138,1,54,0,0,0,0,NA,NA,NA,NA,NA,NA,NA,NA,NA,NA,NA,NA,NA,NA,NA,NA,1,6,NA,NA,NA,NA,NA,NA,NA,NA,NA,NA
aflibercept,2024-06-01,0,35490,35490,0,139,1,55,0,0,0,0,NA,NA,NA,NA,NA,NA,NA,NA,NA,NA,NA,NA,NA,NA,NA,NA,1,7,NA,NA,NA,NA,NA,NA,NA,NA,NA,NA
aflibercept,2024-07-01,0,40455,40455,0,140,1,56,0,0,0,0,NA,NA,NA,NA,NA,NA,NA,NA,NA,NA,NA,NA,NA,NA,NA,NA,1,8,NA,NA,NA,NA,NA,NA,NA,NA,NA,NA
aflibercept,2024-08-01,0,38022,38022,0,141,1,57,0,0,0,0,NA,NA,NA,NA,NA,NA,NA,NA,NA,NA,NA,NA,NA,NA,NA,NA,1,9,NA,NA,NA,NA,NA,NA,NA,NA,NA,NA
aflibercept,2024-09-01,0,36354,36354,0,142,1,58,0,0,0,0,NA,NA,NA,NA,NA,NA,NA,NA,NA,NA,NA,NA,NA,NA,NA,NA,1,10,NA,NA,NA,NA,NA,NA,NA,NA,NA,NA
aflibercept,2024-10-01,0,42152,42152,0,143,1,59,0,0,0,0,NA,NA,NA,NA,NA,NA,NA,NA,NA,NA,NA,NA,NA,NA,NA,NA,1,11,NA,NA,NA,NA,NA,NA,NA,NA,NA,NA
aflibercept,2024-11-01,0,40139,40139,0,144,1,60,0,0,0,0,NA,NA,NA,NA,NA,NA,NA,NA,NA,NA,NA,NA,NA,NA,NA,NA,1,12,NA,NA,NA,NA,NA,NA,NA,NA,NA,NA
aflibercept,2024-12-01,0,40872,40872,0,145,1,61,0,0,0,0,NA,NA,NA,NA,NA,NA,NA,NA,NA,NA,NA,NA,NA,NA,NA,NA,1,13,NA,NA,NA,NA,NA,NA,NA,NA,NA,NA
aflibercept,2025-01-01,0,41971,41971,0,146,1,62,0,0,0,0,NA,NA,NA,NA,NA,NA,NA,NA,NA,NA,NA,NA,NA,NA,NA,NA,1,14,NA,NA,NA,NA,NA,NA,NA,NA,NA,NA
aflibercept,2025-02-01,0,40241,40241,0,147,1,63,0,0,0,0,NA,NA,NA,NA,NA,NA,NA,NA,NA,NA,NA,NA,NA,NA,NA,NA,1,15,NA,NA,NA,NA,NA,NA,NA,NA,NA,NA
aflibercept,2025-03-01,0,40878,40878,0,148,1,64,0,0,0,0,NA,NA,NA,NA,NA,NA,NA,NA,NA,NA,NA,NA,NA,NA,NA,NA,1,16,NA,NA,NA,NA,NA,NA,NA,NA,NA,NA
aflibercept,2025-04-01,0,40506,40506,0,149,1,65,0,0,0,0,NA,NA,NA,NA,NA,NA,NA,NA,NA,NA,NA,NA,NA,NA,NA,NA,1,17,NA,NA,NA,NA,NA,NA,NA,NA,NA,NA
aflibercept,2025-05-01,0,43517,43517,0,150,1,66,0,0,0,0,NA,NA,NA,NA,NA,NA,NA,NA,NA,NA,NA,NA,NA,NA,NA,NA,1,18,NA,NA,NA,NA,NA,NA,NA,NA,NA,NA
aflibercept,2025-06-01,0,39972,39972,0,151,1,67,0,0,0,0,NA,NA,NA,NA,NA,NA,NA,NA,NA,NA,NA,NA,NA,NA,NA,NA,1,19,NA,NA,NA,NA,NA,NA,NA,NA,NA,NA
aflibercept,2025-07-01,0,44002,44002,0,152,1,68,0,0,0,0,NA,NA,NA,NA,NA,NA,NA,NA,NA,NA,NA,NA,NA,NA,NA,NA,1,20,NA,NA,NA,NA,NA,NA,NA,NA,NA,NA
aflibercept,2025-08-01,0,38841,38841,0,153,1,69,0,0,0,0,NA,NA,NA,NA,NA,NA,NA,NA,NA,NA,NA,NA,NA,NA,NA,NA,1,21,NA,NA,NA,NA,NA,NA,NA,NA,NA,NA
aflibercept,2025-09-01,0,40622,40622,0,154,1,70,0,0,0,0,NA,NA,NA,NA,NA,NA,NA,NA,NA,NA,NA,NA,NA,NA,NA,NA,1,22,NA,NA,NA,NA,NA,NA,NA,NA,NA,NA
aflibercept,2025-10-01,0,43142,43142,0,155,1,71,0,0,0,0,NA,NA,NA,NA,NA,NA,NA,NA,NA,NA,NA,NA,NA,NA,NA,NA,1,23,NA,NA,NA,NA,NA,NA,NA,NA,NA,NA
aflibercept,2025-11-01,0,38393,38393,0,156,1,72,0,0,0,0,NA,NA,NA,NA,NA,NA,NA,NA,NA,NA,NA,NA,NA,NA,NA,NA,1,24,NA,NA,NA,NA,NA,NA,NA,NA,NA,NA
bevacizumab,2009-07-01,0,138,138,0,1,0,0,0,0,0,0,0,0,0,0,NA,NA,NA,NA,NA,NA,NA,NA,NA,NA,NA,NA,0,0,0,0,NA,NA,NA,NA,NA,NA,NA,NA
bevacizumab,2009-08-01,0,978,978,0,2,0,0,0,0,0,0,0,0,0,0,NA,NA,NA,NA,NA,NA,NA,NA,NA,NA,NA,NA,0,0,0,0,NA,NA,NA,NA,NA,NA,NA,NA
bevacizumab,2009-09-01,0,1826,1826,0,3,0,0,0,0,0,0,0,0,0,0,NA,NA,NA,NA,NA,NA,NA,NA,NA,NA,NA,NA,0,0,0,0,NA,NA,NA,NA,NA,NA,NA,NA
bevacizumab,2009-10-01,0,2668,2668,0,4,0,0,0,0,0,0,0,0,0,0,NA,NA,NA,NA,NA,NA,NA,NA,NA,NA,NA,NA,0,0,0,0,NA,NA,NA,NA,NA,NA,NA,NA
bevacizumab,2009-11-01,0,2662,2662,0,5,0,0,0,0,0,0,0,0,0,0,NA,NA,NA,NA,NA,NA,NA,NA,NA,NA,NA,NA,0,0,0,0,NA,NA,NA,NA,NA,NA,NA,NA
bevacizumab,2009-12-01,0,2676,2676,0,6,0,0,0,0,0,0,0,0,0,0,NA,NA,NA,NA,NA,NA,NA,NA,NA,NA,NA,NA,0,0,0,0,NA,NA,NA,NA,NA,NA,NA,NA
bevacizumab,2010-01-01,0,3798,3798,0,7,0,0,0,0,0,0,0,0,0,0,NA,NA,NA,NA,NA,NA,NA,NA,NA,NA,NA,NA,0,0,0,0,NA,NA,NA,NA,NA,NA,NA,NA
bevacizumab,2010-02-01,0,3374,3374,0,8,0,0,0,0,0,0,0,0,0,0,NA,NA,NA,NA,NA,NA,NA,NA,NA,NA,NA,NA,0,0,0,0,NA,NA,NA,NA,NA,NA,NA,NA
bevacizumab,2010-03-01,0,3862,3862,0,9,0,0,0,0,0,0,0,0,0,0,NA,NA,NA,NA,NA,NA,NA,NA,NA,NA,NA,NA,0,0,0,0,NA,NA,NA,NA,NA,NA,NA,NA
bevacizumab,2010-04-01,0,3942,3942,0,10,0,0,0,0,0,0,0,0,0,0,NA,NA,NA,NA,NA,NA,NA,NA,NA,NA,NA,NA,0,0,0,0,NA,NA,NA,NA,NA,NA,NA,NA
bevacizumab,2010-05-01,0,4148,4148,0,11,0,0,0,0,0,0,0,0,0,0,NA,NA,NA,NA,NA,NA,NA,NA,NA,NA,NA,NA,0,0,0,0,NA,NA,NA,NA,NA,NA,NA,NA
bevacizumab,2010-06-01,0,4096,4096,0,12,0,0,0,0,0,0,0,0,0,0,NA,NA,NA,NA,NA,NA,NA,NA,NA,NA,NA,NA,0,0,0,0,NA,NA,NA,NA,NA,NA,NA,NA
bevacizumab,2010-07-01,0,5034,5034,0,13,0,0,0,0,0,0,0,0,0,0,NA,NA,NA,NA,NA,NA,NA,NA,NA,NA,NA,NA,0,0,0,0,NA,NA,NA,NA,NA,NA,NA,NA
bevacizumab,2010-08-01,0,4800,4800,0,14,0,0,0,0,0,0,0,0,0,0,NA,NA,NA,NA,NA,NA,NA,NA,NA,NA,NA,NA,0,0,0,0,NA,NA,NA,NA,NA,NA,NA,NA
bevacizumab,2010-09-01,0,4620,4620,0,15,0,0,0,0,0,0,0,0,0,0,NA,NA,NA,NA,NA,NA,NA,NA,NA,NA,NA,NA,0,0,0,0,NA,NA,NA,NA,NA,NA,NA,NA
bevacizumab,2010-10-01,0,5546,5546,0,16,0,0,0,0,0,0,0,0,0,0,NA,NA,NA,NA,NA,NA,NA,NA,NA,NA,NA,NA,0,0,0,0,NA,NA,NA,NA,NA,NA,NA,NA
bevacizumab,2010-11-01,0,4904,4904,0,17,0,0,0,0,0,0,0,0,0,0,NA,NA,NA,NA,NA,NA,NA,NA,NA,NA,NA,NA,0,0,0,0,NA,NA,NA,NA,NA,NA,NA,NA
bevacizumab,2010-12-01,0,4230,4230,0,18,0,0,0,0,0,0,0,0,0,0,NA,NA,NA,NA,NA,NA,NA,NA,NA,NA,NA,NA,0,0,0,0,NA,NA,NA,NA,NA,NA,NA,NA
bevacizumab,2011-01-01,0,5530,5530,0,19,0,0,0,0,0,0,0,0,0,0,NA,NA,NA,NA,NA,NA,NA,NA,NA,NA,NA,NA,0,0,0,0,NA,NA,NA,NA,NA,NA,NA,NA
bevacizumab,2011-02-01,0,4768,4768,0,20,0,0,0,0,0,0,0,0,0,0,NA,NA,NA,NA,NA,NA,NA,NA,NA,NA,NA,NA,0,0,0,0,NA,NA,NA,NA,NA,NA,NA,NA
bevacizumab,2011-03-01,0,6436,6436,0,21,0,0,0,0,0,0,0,0,0,0,NA,NA,NA,NA,NA,NA,NA,NA,NA,NA,NA,NA,0,0,0,0,NA,NA,NA,NA,NA,NA,NA,NA
bevacizumab,2011-04-01,0,5724,5724,0,22,0,0,0,0,0,0,0,0,0,0,NA,NA,NA,NA,NA,NA,NA,NA,NA,NA,NA,NA,0,0,0,0,NA,NA,NA,NA,NA,NA,NA,NA
bevacizumab,2011-05-01,0,5278,5278,0,23,0,0,0,0,0,0,0,0,0,0,NA,NA,NA,NA,NA,NA,NA,NA,NA,NA,NA,NA,0,0,0,0,NA,NA,NA,NA,NA,NA,NA,NA
bevacizumab,2011-06-01,0,5838,5838,0,24,0,0,0,0,0,0,0,0,0,0,NA,NA,NA,NA,NA,NA,NA,NA,NA,NA,NA,NA,0,0,0,0,NA,NA,NA,NA,NA,NA,NA,NA
bevacizumab,2011-07-01,0,6414,6414,0,25,0,0,0,0,0,0,0,0,0,0,NA,NA,NA,NA,NA,NA,NA,NA,NA,NA,NA,NA,0,0,0,0,NA,NA,NA,NA,NA,NA,NA,NA
bevacizumab,2011-08-01,0,6150,6150,0,26,0,0,0,0,0,0,0,0,0,0,NA,NA,NA,NA,NA,NA,NA,NA,NA,NA,NA,NA,0,0,0,0,NA,NA,NA,NA,NA,NA,NA,NA
bevacizumab,2011-09-01,0,5528,5528,0,27,0,0,0,0,0,0,0,0,0,0,NA,NA,NA,NA,NA,NA,NA,NA,NA,NA,NA,NA,0,0,0,0,NA,NA,NA,NA,NA,NA,NA,NA
bevacizumab,2011-10-01,0,5198,5198,0,28,0,0,0,0,0,0,0,0,0,0,NA,NA,NA,NA,NA,NA,NA,NA,NA,NA,NA,NA,0,0,0,0,NA,NA,NA,NA,NA,NA,NA,NA
bevacizumab,2011-11-01,0,5096,5096,0,29,0,0,0,0,0,0,0,0,0,0,NA,NA,NA,NA,NA,NA,NA,NA,NA,NA,NA,NA,0,0,0,0,NA,NA,NA,NA,NA,NA,NA,NA
bevacizumab,2011-12-01,0,4308,4308,0,30,0,0,0,0,0,0,0,0,0,0,NA,NA,NA,NA,NA,NA,NA,NA,NA,NA,NA,NA,0,0,0,0,NA,NA,NA,NA,NA,NA,NA,NA
bevacizumab,2012-01-01,0,5314,5314,0,31,0,0,0,0,0,0,0,0,0,0,NA,NA,NA,NA,NA,NA,NA,NA,NA,NA,NA,NA,0,0,0,0,NA,NA,NA,NA,NA,NA,NA,NA
bevacizumab,2012-02-01,0,3758,3758,0,32,0,0,0,0,0,0,0,0,0,0,NA,NA,NA,NA,NA,NA,NA,NA,NA,NA,NA,NA,0,0,0,0,NA,NA,NA,NA,NA,NA,NA,NA
bevacizumab,2012-03-01,0,5722,5722,0,33,0,0,0,0,0,0,0,0,0,0,NA,NA,NA,NA,NA,NA,NA,NA,NA,NA,NA,NA,0,0,0,0,NA,NA,NA,NA,NA,NA,NA,NA
bevacizumab,2012-04-01,0,5050,5050,0,34,0,0,0,0,0,0,0,0,0,0,NA,NA,NA,NA,NA,NA,NA,NA,NA,NA,NA,NA,0,0,0,0,NA,NA,NA,NA,NA,NA,NA,NA
bevacizumab,2012-05-01,0,6850,6850,0,35,0,0,0,0,0,0,0,0,0,0,NA,NA,NA,NA,NA,NA,NA,NA,NA,NA,NA,NA,0,0,0,0,NA,NA,NA,NA,NA,NA,NA,NA
bevacizumab,2012-06-01,0,5684,5684,0,36,0,0,0,0,0,0,0,0,0,0,NA,NA,NA,NA,NA,NA,NA,NA,NA,NA,NA,NA,0,0,0,0,NA,NA,NA,NA,NA,NA,NA,NA
bevacizumab,2012-07-01,0,4482,4482,0,37,0,0,0,0,0,0,0,0,0,0,NA,NA,NA,NA,NA,NA,NA,NA,NA,NA,NA,NA,0,0,0,0,NA,NA,NA,NA,NA,NA,NA,NA
bevacizumab,2012-08-01,0,4052,4052,0,38,0,0,0,0,0,0,0,0,0,0,NA,NA,NA,NA,NA,NA,NA,NA,NA,NA,NA,NA,0,0,0,0,NA,NA,NA,NA,NA,NA,NA,NA
bevacizumab,2012-09-01,0,6298,6298,0,39,0,0,0,0,0,0,0,0,0,0,NA,NA,NA,NA,NA,NA,NA,NA,NA,NA,NA,NA,0,0,0,0,NA,NA,NA,NA,NA,NA,NA,NA
bevacizumab,2012-10-01,0,5154,5154,0,40,0,0,0,0,0,0,0,0,0,0,NA,NA,NA,NA,NA,NA,NA,NA,NA,NA,NA,NA,0,0,0,0,NA,NA,NA,NA,NA,NA,NA,NA
bevacizumab,2012-11-01,0,5504,5504,0,41,0,0,0,0,0,0,0,0,0,0,NA,NA,NA,NA,NA,NA,NA,NA,NA,NA,NA,NA,0,0,0,0,NA,NA,NA,NA,NA,NA,NA,NA
bevacizumab,2012-12-01,0,3250,3250,0,42,0,0,0,0,0,0,0,0,0,0,NA,NA,NA,NA,NA,NA,NA,NA,NA,NA,NA,NA,0,0,0,0,NA,NA,NA,NA,NA,NA,NA,NA
bevacizumab,2013-01-01,0,5782,5782,0,43,0,0,0,0,0,0,0,0,0,0,NA,NA,NA,NA,NA,NA,NA,NA,NA,NA,NA,NA,0,0,0,0,NA,NA,NA,NA,NA,NA,NA,NA
bevacizumab,2013-02-01,0,4810,4810,0,44,0,0,0,0,0,0,0,0,0,0,NA,NA,NA,NA,NA,NA,NA,NA,NA,NA,NA,NA,0,0,0,0,NA,NA,NA,NA,NA,NA,NA,NA
bevacizumab,2013-03-01,0,5098,5098,0,45,0,0,0,0,0,0,0,0,0,0,NA,NA,NA,NA,NA,NA,NA,NA,NA,NA,NA,NA,0,0,0,0,NA,NA,NA,NA,NA,NA,NA,NA
bevacizumab,2013-04-01,0,4416,4416,0,46,0,0,0,0,0,0,0,0,0,0,NA,NA,NA,NA,NA,NA,NA,NA,NA,NA,NA,NA,0,0,0,0,NA,NA,NA,NA,NA,NA,NA,NA
bevacizumab,2013-05-01,0,5956,5956,0,47,0,0,0,0,0,0,0,0,0,0,NA,NA,NA,NA,NA,NA,NA,NA,NA,NA,NA,NA,0,0,0,0,NA,NA,NA,NA,NA,NA,NA,NA
bevacizumab,2013-06-01,0,5230,5230,0,48,0,0,0,0,0,0,0,0,0,0,NA,NA,NA,NA,NA,NA,NA,NA,NA,NA,NA,NA,0,0,0,0,NA,NA,NA,NA,NA,NA,NA,NA
bevacizumab,2013-07-01,0,4706,4706,0,49,0,0,0,0,0,0,0,0,0,0,NA,NA,NA,NA,NA,NA,NA,NA,NA,NA,NA,NA,0,0,0,0,NA,NA,NA,NA,NA,NA,NA,NA
bevacizumab,2013-08-01,0,5422,5422,0,50,0,0,0,0,0,0,0,0,0,0,NA,NA,NA,NA,NA,NA,NA,NA,NA,NA,NA,NA,0,0,0,0,NA,NA,NA,NA,NA,NA,NA,NA
bevacizumab,2013-09-01,0,6040,6040,0,51,0,0,0,0,0,0,0,0,0,0,NA,NA,NA,NA,NA,NA,NA,NA,NA,NA,NA,NA,0,0,0,0,NA,NA,NA,NA,NA,NA,NA,NA
bevacizumab,2013-10-01,0,4586,4586,0,52,0,0,0,0,0,0,0,0,0,0,NA,NA,NA,NA,NA,NA,NA,NA,NA,NA,NA,NA,0,0,0,0,NA,NA,NA,NA,NA,NA,NA,NA
bevacizumab,2013-11-01,0,4894,4894,0,53,0,0,0,0,0,0,0,0,0,0,NA,NA,NA,NA,NA,NA,NA,NA,NA,NA,NA,NA,0,0,0,0,NA,NA,NA,NA,NA,NA,NA,NA
bevacizumab,2013-12-01,0,5196,5196,0,54,0,0,0,0,0,0,0,0,0,0,NA,NA,NA,NA,NA,NA,NA,NA,NA,NA,NA,NA,0,0,0,0,NA,NA,NA,NA,NA,NA,NA,NA
bevacizumab,2014-01-01,0,5334,5334,0,55,0,0,0,0,0,0,0,0,0,0,NA,NA,NA,NA,NA,NA,NA,NA,NA,NA,NA,NA,0,0,0,0,NA,NA,NA,NA,NA,NA,NA,NA
bevacizumab,2014-02-01,0,4728,4728,0,56,0,0,0,0,0,0,0,0,0,0,NA,NA,NA,NA,NA,NA,NA,NA,NA,NA,NA,NA,0,0,0,0,NA,NA,NA,NA,NA,NA,NA,NA
bevacizumab,2014-03-01,0,6018,6018,0,57,0,0,0,0,0,0,0,0,0,0,NA,NA,NA,NA,NA,NA,NA,NA,NA,NA,NA,NA,0,0,0,0,NA,NA,NA,NA,NA,NA,NA,NA
bevacizumab,2014-04-01,0,5540,5540,0,58,0,0,0,0,0,0,0,0,0,0,NA,NA,NA,NA,NA,NA,NA,NA,NA,NA,NA,NA,0,0,0,0,NA,NA,NA,NA,NA,NA,NA,NA
bevacizumab,2014-05-01,0,7746,7746,0,59,0,0,0,0,0,0,0,0,0,0,NA,NA,NA,NA,NA,NA,NA,NA,NA,NA,NA,NA,0,0,0,0,NA,NA,NA,NA,NA,NA,NA,NA
bevacizumab,2014-06-01,0,5896,5896,0,60,0,0,0,0,0,0,0,0,0,0,NA,NA,NA,NA,NA,NA,NA,NA,NA,NA,NA,NA,0,0,0,0,NA,NA,NA,NA,NA,NA,NA,NA
bevacizumab,2014-07-01,0,4486,4486,0,61,0,0,0,0,0,0,0,0,0,0,NA,NA,NA,NA,NA,NA,NA,NA,NA,NA,NA,NA,0,0,0,0,NA,NA,NA,NA,NA,NA,NA,NA
bevacizumab,2014-08-01,0,5258,5258,0,62,0,0,0,0,0,0,0,0,0,0,NA,NA,NA,NA,NA,NA,NA,NA,NA,NA,NA,NA,0,0,0,0,NA,NA,NA,NA,NA,NA,NA,NA
bevacizumab,2014-09-01,0,4946,4946,0,63,0,0,0,0,0,0,0,0,0,0,NA,NA,NA,NA,NA,NA,NA,NA,NA,NA,NA,NA,0,0,0,0,NA,NA,NA,NA,NA,NA,NA,NA
bevacizumab,2014-10-01,0,5238,5238,0,64,0,0,0,0,0,0,0,0,0,0,NA,NA,NA,NA,NA,NA,NA,NA,NA,NA,NA,NA,0,0,0,0,NA,NA,NA,NA,NA,NA,NA,NA
bevacizumab,2014-11-01,0,5212,5212,0,65,0,0,0,0,0,0,0,0,0,0,NA,NA,NA,NA,NA,NA,NA,NA,NA,NA,NA,NA,0,0,0,0,NA,NA,NA,NA,NA,NA,NA,NA
bevacizumab,2014-12-01,0,4906,4906,0,66,0,0,0,0,0,0,0,0,0,0,NA,NA,NA,NA,NA,NA,NA,NA,NA,NA,NA,NA,0,0,0,0,NA,NA,NA,NA,NA,NA,NA,NA
bevacizumab,2015-01-01,0,5604,5604,0,67,0,0,0,0,0,0,0,0,0,0,NA,NA,NA,NA,NA,NA,NA,NA,NA,NA,NA,NA,0,0,0,0,NA,NA,NA,NA,NA,NA,NA,NA
bevacizumab,2015-02-01,0,6534,6534,0,68,0,0,0,0,0,0,0,0,0,0,NA,NA,NA,NA,NA,NA,NA,NA,NA,NA,NA,NA,0,0,0,0,NA,NA,NA,NA,NA,NA,NA,NA
bevacizumab,2015-03-01,0,6596,6596,0,69,0,0,0,0,0,0,0,0,0,0,NA,NA,NA,NA,NA,NA,NA,NA,NA,NA,NA,NA,0,0,0,0,NA,NA,NA,NA,NA,NA,NA,NA
bevacizumab,2015-04-01,0,5138,5138,0,70,0,0,0,0,0,0,0,0,0,0,NA,NA,NA,NA,NA,NA,NA,NA,NA,NA,NA,NA,0,0,0,0,NA,NA,NA,NA,NA,NA,NA,NA
bevacizumab,2015-05-01,0,9956,9956,0,71,0,0,0,0,0,0,0,0,0,0,NA,NA,NA,NA,NA,NA,NA,NA,NA,NA,NA,NA,0,0,0,0,NA,NA,NA,NA,NA,NA,NA,NA
bevacizumab,2015-06-01,0,6484,6484,0,72,0,0,0,0,0,0,0,0,0,0,NA,NA,NA,NA,NA,NA,NA,NA,NA,NA,NA,NA,0,0,0,0,NA,NA,NA,NA,NA,NA,NA,NA
bevacizumab,2015-07-01,0,6922,6922,0,73,0,0,0,0,0,0,0,0,0,0,NA,NA,NA,NA,NA,NA,NA,NA,NA,NA,NA,NA,0,0,0,0,NA,NA,NA,NA,NA,NA,NA,NA
bevacizumab,2015-08-01,0,6164,6164,0,74,0,0,0,0,0,0,0,0,0,0,NA,NA,NA,NA,NA,NA,NA,NA,NA,NA,NA,NA,0,0,0,0,NA,NA,NA,NA,NA,NA,NA,NA
bevacizumab,2015-09-01,0,5792,5792,0,75,0,0,0,0,0,0,0,0,0,0,NA,NA,NA,NA,NA,NA,NA,NA,NA,NA,NA,NA,0,0,0,0,NA,NA,NA,NA,NA,NA,NA,NA
bevacizumab,2015-10-01,0,6032,6032,0,76,0,0,0,0,0,0,0,0,0,0,NA,NA,NA,NA,NA,NA,NA,NA,NA,NA,NA,NA,0,0,0,0,NA,NA,NA,NA,NA,NA,NA,NA
bevacizumab,2015-11-01,0,5834,5834,0,77,0,0,0,0,0,0,0,0,0,0,NA,NA,NA,NA,NA,NA,NA,NA,NA,NA,NA,NA,0,0,0,0,NA,NA,NA,NA,NA,NA,NA,NA
bevacizumab,2015-12-01,0,6078,6078,0,78,0,0,0,0,0,0,0,0,0,0,NA,NA,NA,NA,NA,NA,NA,NA,NA,NA,NA,NA,0,0,0,0,NA,NA,NA,NA,NA,NA,NA,NA
bevacizumab,2016-01-01,0,6088,6088,0,79,0,0,0,0,0,0,0,0,0,0,NA,NA,NA,NA,NA,NA,NA,NA,NA,NA,NA,NA,0,0,0,0,NA,NA,NA,NA,NA,NA,NA,NA
bevacizumab,2016-02-01,0,6078,6078,0,80,0,0,0,0,0,0,0,0,0,0,NA,NA,NA,NA,NA,NA,NA,NA,NA,NA,NA,NA,0,0,0,0,NA,NA,NA,NA,NA,NA,NA,NA
bevacizumab,2016-03-01,0,7352,7352,0,81,0,0,0,0,0,0,0,0,0,0,NA,NA,NA,NA,NA,NA,NA,NA,NA,NA,NA,NA,0,0,0,0,NA,NA,NA,NA,NA,NA,NA,NA
bevacizumab,2016-04-01,0,5988,5988,0,82,0,0,0,0,0,0,0,0,0,0,NA,NA,NA,NA,NA,NA,NA,NA,NA,NA,NA,NA,0,0,0,0,NA,NA,NA,NA,NA,NA,NA,NA
bevacizumab,2016-05-01,0,6594,6594,0,83,0,0,0,0,0,0,0,0,0,0,NA,NA,NA,NA,NA,NA,NA,NA,NA,NA,NA,NA,0,0,0,0,NA,NA,NA,NA,NA,NA,NA,NA
bevacizumab,2016-06-01,0,5978,5978,0,84,0,0,0,0,0,0,0,0,0,0,NA,NA,NA,NA,NA,NA,NA,NA,NA,NA,NA,NA,0,0,0,0,NA,NA,NA,NA,NA,NA,NA,NA
bevacizumab,2016-07-01,0,6998,6998,0,85,0,0,0,0,0,0,0,0,0,0,NA,NA,NA,NA,NA,NA,NA,NA,NA,NA,NA,NA,0,0,0,0,NA,NA,NA,NA,NA,NA,NA,NA
bevacizumab,2016-08-01,0,6178,6178,0,86,0,0,0,0,0,0,0,0,0,0,NA,NA,NA,NA,NA,NA,NA,NA,NA,NA,NA,NA,0,0,0,0,NA,NA,NA,NA,NA,NA,NA,NA
bevacizumab,2016-09-01,0,6178,6178,0,87,0,0,0,0,0,0,0,0,0,0,NA,NA,NA,NA,NA,NA,NA,NA,NA,NA,NA,NA,0,0,0,0,NA,NA,NA,NA,NA,NA,NA,NA
bevacizumab,2016-10-01,0,5858,5858,0,88,0,0,0,0,0,0,0,0,0,0,NA,NA,NA,NA,NA,NA,NA,NA,NA,NA,NA,NA,0,0,0,0,NA,NA,NA,NA,NA,NA,NA,NA
bevacizumab,2016-11-01,0,6024,6024,0,89,0,0,0,0,0,0,0,0,0,0,NA,NA,NA,NA,NA,NA,NA,NA,NA,NA,NA,NA,0,0,0,0,NA,NA,NA,NA,NA,NA,NA,NA
bevacizumab,2016-12-01,0,6876,6876,0,90,0,0,0,0,0,0,0,0,0,0,NA,NA,NA,NA,NA,NA,NA,NA,NA,NA,NA,NA,0,0,0,0,NA,NA,NA,NA,NA,NA,NA,NA
bevacizumab,2017-01-01,0,5594,5594,0,91,0,0,0,0,0,0,0,0,0,0,NA,NA,NA,NA,NA,NA,NA,NA,NA,NA,NA,NA,0,0,0,0,NA,NA,NA,NA,NA,NA,NA,NA
bevacizumab,2017-02-01,0,6212,6212,0,92,0,0,0,0,0,0,0,0,0,0,NA,NA,NA,NA,NA,NA,NA,NA,NA,NA,NA,NA,0,0,0,0,NA,NA,NA,NA,NA,NA,NA,NA
bevacizumab,2017-03-01,0,7462,7462,0,93,0,0,0,0,0,0,0,0,0,0,NA,NA,NA,NA,NA,NA,NA,NA,NA,NA,NA,NA,0,0,0,0,NA,NA,NA,NA,NA,NA,NA,NA
bevacizumab,2017-04-01,0,5780,5780,0,94,0,0,0,0,0,0,0,0,0,0,NA,NA,NA,NA,NA,NA,NA,NA,NA,NA,NA,NA,0,0,0,0,NA,NA,NA,NA,NA,NA,NA,NA
bevacizumab,2017-05-01,0,5878,5878,0,95,0,0,0,0,0,0,0,0,0,0,NA,NA,NA,NA,NA,NA,NA,NA,NA,NA,NA,NA,0,0,0,0,NA,NA,NA,NA,NA,NA,NA,NA
bevacizumab,2017-06-01,0,7524,7524,0,96,0,0,0,0,0,0,0,0,0,0,NA,NA,NA,NA,NA,NA,NA,NA,NA,NA,NA,NA,0,0,0,0,NA,NA,NA,NA,NA,NA,NA,NA
bevacizumab,2017-07-01,0,5536,5536,0,97,0,0,0,0,0,0,0,0,0,0,NA,NA,NA,NA,NA,NA,NA,NA,NA,NA,NA,NA,0,0,0,0,NA,NA,NA,NA,NA,NA,NA,NA
bevacizumab,2017-08-01,0,6494,6494,0,98,0,0,0,0,0,0,0,0,0,0,NA,NA,NA,NA,NA,NA,NA,NA,NA,NA,NA,NA,0,0,0,0,NA,NA,NA,NA,NA,NA,NA,NA
bevacizumab,2017-09-01,0,6584,6584,0,99,0,0,0,0,0,0,0,0,0,0,NA,NA,NA,NA,NA,NA,NA,NA,NA,NA,NA,NA,0,0,0,0,NA,NA,NA,NA,NA,NA,NA,NA
bevacizumab,2017-10-01,0,5532,5532,0,100,0,0,0,0,0,0,0,0,0,0,NA,NA,NA,NA,NA,NA,NA,NA,NA,NA,NA,NA,0,0,0,0,NA,NA,NA,NA,NA,NA,NA,NA
bevacizumab,2017-11-01,0,6856,6856,0,101,0,0,0,0,0,0,0,0,0,0,NA,NA,NA,NA,NA,NA,NA,NA,NA,NA,NA,NA,0,0,0,0,NA,NA,NA,NA,NA,NA,NA,NA
bevacizumab,2017-12-01,0,5876,5876,0,102,0,0,0,0,0,0,0,0,0,0,NA,NA,NA,NA,NA,NA,NA,NA,NA,NA,NA,NA,0,0,0,0,NA,NA,NA,NA,NA,NA,NA,NA
bevacizumab,2018-01-01,0,5544,5544,0,103,0,0,0,0,0,0,0,0,0,0,NA,NA,NA,NA,NA,NA,NA,NA,NA,NA,NA,NA,0,0,0,0,NA,NA,NA,NA,NA,NA,NA,NA
bevacizumab,2018-02-01,0,6508,6508,0,104,0,0,0,0,0,0,0,0,0,0,NA,NA,NA,NA,NA,NA,NA,NA,NA,NA,NA,NA,0,0,0,0,NA,NA,NA,NA,NA,NA,NA,NA
bevacizumab,2018-03-01,0,6474,6474,0,105,0,0,0,0,0,0,0,0,0,0,NA,NA,NA,NA,NA,NA,NA,NA,NA,NA,NA,NA,0,0,0,0,NA,NA,NA,NA,NA,NA,NA,NA
bevacizumab,2018-04-01,0,5184,5184,0,106,0,0,0,0,0,0,0,0,0,0,NA,NA,NA,NA,NA,NA,NA,NA,NA,NA,NA,NA,0,0,0,0,NA,NA,NA,NA,NA,NA,NA,NA
bevacizumab,2018-05-01,0,7710,7710,0,107,0,0,0,0,0,0,0,0,0,0,NA,NA,NA,NA,NA,NA,NA,NA,NA,NA,NA,NA,0,0,0,0,NA,NA,NA,NA,NA,NA,NA,NA
bevacizumab,2018-06-01,0,6030,6030,0,108,0,0,0,0,0,0,0,0,0,0,NA,NA,NA,NA,NA,NA,NA,NA,NA,NA,NA,NA,0,0,0,0,NA,NA,NA,NA,NA,NA,NA,NA
bevacizumab,2018-07-01,0,5586,5586,0,109,0,0,0,0,0,0,0,0,0,0,NA,NA,NA,NA,NA,NA,NA,NA,NA,NA,NA,NA,0,0,0,0,NA,NA,NA,NA,NA,NA,NA,NA
bevacizumab,2018-08-01,0,6342,6342,0,110,0,0,0,0,0,0,0,0,0,0,NA,NA,NA,NA,NA,NA,NA,NA,NA,NA,NA,NA,0,0,0,0,NA,NA,NA,NA,NA,NA,NA,NA
bevacizumab,2018-09-01,0,5964,5964,0,111,0,0,0,0,0,0,0,0,0,0,NA,NA,NA,NA,NA,NA,NA,NA,NA,NA,NA,NA,0,0,0,0,NA,NA,NA,NA,NA,NA,NA,NA
bevacizumab,2018-10-01,0,5916,5916,0,112,0,0,0,0,0,0,0,0,0,0,NA,NA,NA,NA,NA,NA,NA,NA,NA,NA,NA,NA,0,0,0,0,NA,NA,NA,NA,NA,NA,NA,NA
bevacizumab,2018-11-01,0,6070,6070,0,113,0,0,0,0,0,0,0,0,0,0,NA,NA,NA,NA,NA,NA,NA,NA,NA,NA,NA,NA,0,0,0,0,NA,NA,NA,NA,NA,NA,NA,NA
bevacizumab,2018-12-01,0,5906,5906,0,114,0,0,0,0,0,0,0,0,0,0,NA,NA,NA,NA,NA,NA,NA,NA,NA,NA,NA,NA,0,0,0,0,NA,NA,NA,NA,NA,NA,NA,NA
bevacizumab,2019-01-01,0,5656,5656,0,115,0,0,0,0,0,0,0,0,0,0,NA,NA,NA,NA,NA,NA,NA,NA,NA,NA,NA,NA,0,0,0,0,NA,NA,NA,NA,NA,NA,NA,NA
bevacizumab,2019-02-01,0,5430,5430,0,116,0,0,0,0,0,0,0,0,0,0,NA,NA,NA,NA,NA,NA,NA,NA,NA,NA,NA,NA,0,0,0,0,NA,NA,NA,NA,NA,NA,NA,NA
bevacizumab,2019-03-01,0,6122,6122,0,117,0,0,0,0,0,0,0,0,0,0,NA,NA,NA,NA,NA,NA,NA,NA,NA,NA,NA,NA,0,0,0,0,NA,NA,NA,NA,NA,NA,NA,NA
bevacizumab,2019-04-01,0,4786,4786,0,118,0,0,0,0,0,0,0,0,0,0,NA,NA,NA,NA,NA,NA,NA,NA,NA,NA,NA,NA,0,0,0,0,NA,NA,NA,NA,NA,NA,NA,NA
bevacizumab,2019-05-01,0,6850,6850,0,119,0,0,0,0,0,0,0,0,0,0,NA,NA,NA,NA,NA,NA,NA,NA,NA,NA,NA,NA,0,0,0,0,NA,NA,NA,NA,NA,NA,NA,NA
bevacizumab,2019-06-01,0,6406,6406,0,120,0,0,0,0,0,0,0,0,0,0,NA,NA,NA,NA,NA,NA,NA,NA,NA,NA,NA,NA,0,0,0,0,NA,NA,NA,NA,NA,NA,NA,NA
bevacizumab,2019-07-01,0,5694,5694,0,121,0,0,0,0,0,0,0,0,0,0,NA,NA,NA,NA,NA,NA,NA,NA,NA,NA,NA,NA,0,0,0,0,NA,NA,NA,NA,NA,NA,NA,NA
bevacizumab,2019-08-01,0,6218,6218,0,122,0,0,0,0,0,0,0,0,0,0,NA,NA,NA,NA,NA,NA,NA,NA,NA,NA,NA,NA,0,0,0,0,NA,NA,NA,NA,NA,NA,NA,NA
bevacizumab,2019-09-01,0,5580,5580,0,123,0,0,0,0,0,0,0,0,0,0,NA,NA,NA,NA,NA,NA,NA,NA,NA,NA,NA,NA,0,0,0,0,NA,NA,NA,NA,NA,NA,NA,NA
bevacizumab,2019-10-01,0,6002,6002,0,124,0,0,0,0,0,0,0,0,0,0,NA,NA,NA,NA,NA,NA,NA,NA,NA,NA,NA,NA,0,0,0,0,NA,NA,NA,NA,NA,NA,NA,NA
bevacizumab,2019-11-01,0,6952,6952,0,125,1,0,0,0,0,0,0,0,0,0,NA,NA,NA,NA,NA,NA,NA,NA,NA,NA,NA,NA,0,0,0,0,NA,NA,NA,NA,NA,NA,NA,NA
bevacizumab,2019-12-01,0,6664,6664,0,126,1,1,0,0,0,0,0,0,0,0,NA,NA,NA,NA,NA,NA,NA,NA,NA,NA,NA,NA,0,0,0,0,NA,NA,NA,NA,NA,NA,NA,NA
bevacizumab,2020-01-01,0,7458,7458,0,127,1,2,0,0,0,0,0,0,0,0,NA,NA,NA,NA,NA,NA,NA,NA,NA,NA,NA,NA,0,0,0,0,NA,NA,NA,NA,NA,NA,NA,NA
bevacizumab,2020-02-01,0,6720,6720,0,128,1,3,0,0,0,0,0,0,0,0,NA,NA,NA,NA,NA,NA,NA,NA,NA,NA,NA,NA,0,0,0,0,NA,NA,NA,NA,NA,NA,NA,NA
bevacizumab,2020-03-01,0,6288,6288,0,129,1,4,0,0,0,0,0,0,0,0,NA,NA,NA,NA,NA,NA,NA,NA,NA,NA,NA,NA,0,0,0,0,NA,NA,NA,NA,NA,NA,NA,NA
bevacizumab,2020-04-01,0,7474,7474,0,130,1,5,0,0,0,0,0,0,0,0,NA,NA,NA,NA,NA,NA,NA,NA,NA,NA,NA,NA,0,0,0,0,NA,NA,NA,NA,NA,NA,NA,NA
bevacizumab,2020-05-01,0,7562,7562,0,131,1,6,0,0,0,0,0,0,0,0,NA,NA,NA,NA,NA,NA,NA,NA,NA,NA,NA,NA,0,0,0,0,NA,NA,NA,NA,NA,NA,NA,NA
bevacizumab,2020-06-01,0,6702,6702,0,132,1,7,0,0,0,0,0,0,0,0,NA,NA,NA,NA,NA,NA,NA,NA,NA,NA,NA,NA,0,0,0,0,NA,NA,NA,NA,NA,NA,NA,NA
bevacizumab,2020-07-01,0,7624,7624,0,133,1,8,0,0,0,0,0,0,0,0,NA,NA,NA,NA,NA,NA,NA,NA,NA,NA,NA,NA,0,0,0,0,NA,NA,NA,NA,NA,NA,NA,NA
bevacizumab,2020-08-01,0,7774,7774,0,134,1,9,0,0,0,0,0,0,0,0,NA,NA,NA,NA,NA,NA,NA,NA,NA,NA,NA,NA,0,0,0,0,NA,NA,NA,NA,NA,NA,NA,NA
bevacizumab,2020-09-01,0,6892,6892,0,135,1,10,0,0,0,0,0,0,0,0,NA,NA,NA,NA,NA,NA,NA,NA,NA,NA,NA,NA,0,0,0,0,NA,NA,NA,NA,NA,NA,NA,NA
bevacizumab,2020-10-01,0,7234,7234,0,136,1,11,0,0,0,0,0,0,0,0,NA,NA,NA,NA,NA,NA,NA,NA,NA,NA,NA,NA,0,0,0,0,NA,NA,NA,NA,NA,NA,NA,NA
bevacizumab,2020-11-01,0,6552,6552,0,137,1,12,0,0,0,0,0,0,0,0,NA,NA,NA,NA,NA,NA,NA,NA,NA,NA,NA,NA,0,0,0,0,NA,NA,NA,NA,NA,NA,NA,NA
bevacizumab,2020-12-01,0,8082,8082,0,138,1,13,0,0,0,0,0,0,0,0,NA,NA,NA,NA,NA,NA,NA,NA,NA,NA,NA,NA,0,0,0,0,NA,NA,NA,NA,NA,NA,NA,NA
bevacizumab,2021-01-01,0,7142,7142,0,139,1,14,0,0,0,0,0,0,0,0,NA,NA,NA,NA,NA,NA,NA,NA,NA,NA,NA,NA,0,0,0,0,NA,NA,NA,NA,NA,NA,NA,NA
bevacizumab,2021-02-01,0,7992,7992,0,140,1,15,0,0,0,0,0,0,0,0,NA,NA,NA,NA,NA,NA,NA,NA,NA,NA,NA,NA,0,0,0,0,NA,NA,NA,NA,NA,NA,NA,NA
bevacizumab,2021-03-01,0,8014,8014,0,141,1,16,0,0,0,0,0,0,0,0,NA,NA,NA,NA,NA,NA,NA,NA,NA,NA,NA,NA,0,0,0,0,NA,NA,NA,NA,NA,NA,NA,NA
bevacizumab,2021-04-01,0,8544,8544,0,142,1,17,0,0,0,0,0,0,0,0,NA,NA,NA,NA,NA,NA,NA,NA,NA,NA,NA,NA,0,0,0,0,NA,NA,NA,NA,NA,NA,NA,NA
bevacizumab,2021-05-01,0,7942,7942,0,143,1,18,0,0,0,0,0,0,0,0,NA,NA,NA,NA,NA,NA,NA,NA,NA,NA,NA,NA,0,0,0,0,NA,NA,NA,NA,NA,NA,NA,NA
bevacizumab,2021-06-01,3836,3900,7736,0.49586349534643226,144,1,19,1,0,1,0,0,0,0,0,NA,NA,NA,NA,NA,NA,NA,NA,NA,NA,NA,NA,0,0,1,0,NA,NA,NA,NA,NA,NA,NA,NA
bevacizumab,2021-07-01,8517,1034,9551,0.8917390849125746,145,1,20,1,1,1,1,0,0,0,0,NA,NA,NA,NA,NA,NA,NA,NA,NA,NA,NA,NA,0,0,1,1,NA,NA,NA,NA,NA,NA,NA,NA
bevacizumab,2021-08-01,8947,230,9177,0.974937343358396,146,1,21,1,2,1,2,0,0,0,0,NA,NA,NA,NA,NA,NA,NA,NA,NA,NA,NA,NA,0,0,1,2,NA,NA,NA,NA,NA,NA,NA,NA
bevacizumab,2021-09-01,9633,182,9815,0.9814569536423841,147,1,22,1,3,1,3,0,0,0,0,NA,NA,NA,NA,NA,NA,NA,NA,NA,NA,NA,NA,0,0,1,3,NA,NA,NA,NA,NA,NA,NA,NA
bevacizumab,2021-10-01,9148,54,9202,0.9941317104977179,148,1,23,1,4,1,4,0,0,0,0,NA,NA,NA,NA,NA,NA,NA,NA,NA,NA,NA,NA,0,0,1,4,NA,NA,NA,NA,NA,NA,NA,NA
bevacizumab,2021-11-01,10159,28,10187,0.9972513988416609,149,1,24,1,5,1,5,0,0,0,0,NA,NA,NA,NA,NA,NA,NA,NA,NA,NA,NA,NA,0,0,1,5,NA,NA,NA,NA,NA,NA,NA,NA
bevacizumab,2021-12-01,10209,150,10359,0.9855198378221836,150,1,25,1,6,1,6,0,0,0,0,NA,NA,NA,NA,NA,NA,NA,NA,NA,NA,NA,NA,0,0,1,6,NA,NA,NA,NA,NA,NA,NA,NA
bevacizumab,2022-01-01,8785,18,8803,0.9979552425309554,151,1,26,1,7,1,7,0,0,0,0,NA,NA,NA,NA,NA,NA,NA,NA,NA,NA,NA,NA,0,0,1,7,NA,NA,NA,NA,NA,NA,NA,NA
bevacizumab,2022-02-01,9041,4,9045,0.9995577667219459,152,1,27,1,8,1,8,0,0,0,0,NA,NA,NA,NA,NA,NA,NA,NA,NA,NA,NA,NA,0,0,1,8,NA,NA,NA,NA,NA,NA,NA,NA
bevacizumab,2022-03-01,10438,72,10510,0.9931493815413891,153,1,28,1,9,1,9,0,0,0,0,NA,NA,NA,NA,NA,NA,NA,NA,NA,NA,NA,NA,0,0,1,9,NA,NA,NA,NA,NA,NA,NA,NA
bevacizumab,2022-04-01,9291,404,9695,0.9583290355853533,154,1,29,1,10,1,10,0,0,0,0,NA,NA,NA,NA,NA,NA,NA,NA,NA,NA,NA,NA,0,0,1,10,NA,NA,NA,NA,NA,NA,NA,NA
bevacizumab,2022-05-01,9750,364,10114,0.9640102827763496,155,1,30,1,11,1,11,0,0,0,0,NA,NA,NA,NA,NA,NA,NA,NA,NA,NA,NA,NA,0,0,1,11,NA,NA,NA,NA,NA,NA,NA,NA
bevacizumab,2022-06-01,10471,218,10689,0.9796052016091309,156,1,31,1,12,1,12,0,0,0,0,NA,NA,NA,NA,NA,NA,NA,NA,NA,NA,NA,NA,0,0,1,12,NA,NA,NA,NA,NA,NA,NA,NA
bevacizumab,2022-07-01,4755,0,4755,1,157,1,32,1,13,1,13,0,0,0,0,NA,NA,NA,NA,NA,NA,NA,NA,NA,NA,NA,NA,0,0,1,13,NA,NA,NA,NA,NA,NA,NA,NA
bevacizumab,2022-08-01,5401,0,5401,1,158,1,33,1,14,1,14,0,0,0,0,NA,NA,NA,NA,NA,NA,NA,NA,NA,NA,NA,NA,0,0,1,14,NA,NA,NA,NA,NA,NA,NA,NA
bevacizumab,2022-09-01,5026,0,5026,1,159,1,34,1,15,1,15,0,0,0,0,NA,NA,NA,NA,NA,NA,NA,NA,NA,NA,NA,NA,0,0,1,15,NA,NA,NA,NA,NA,NA,NA,NA
bevacizumab,2022-10-01,4945,0,4945,1,160,1,35,1,16,1,16,0,0,0,0,NA,NA,NA,NA,NA,NA,NA,NA,NA,NA,NA,NA,0,0,1,16,NA,NA,NA,NA,NA,NA,NA,NA
bevacizumab,2022-11-01,5149,0,5149,1,161,1,36,1,17,1,17,0,0,0,0,NA,NA,NA,NA,NA,NA,NA,NA,NA,NA,NA,NA,0,0,1,17,NA,NA,NA,NA,NA,NA,NA,NA
bevacizumab,2022-12-01,4929,0,4929,1,162,1,37,1,18,1,18,1,0,0,0,NA,NA,NA,NA,NA,NA,NA,NA,NA,NA,NA,NA,0,0,1,18,NA,NA,NA,NA,NA,NA,NA,NA
bevacizumab,2023-01-01,5216,0,5216,1,163,1,38,1,19,1,19,1,1,0,0,NA,NA,NA,NA,NA,NA,NA,NA,NA,NA,NA,NA,0,0,1,19,NA,NA,NA,NA,NA,NA,NA,NA
bevacizumab,2023-02-01,5096,0,5096,1,164,1,39,1,20,1,20,1,2,0,0,NA,NA,NA,NA,NA,NA,NA,NA,NA,NA,NA,NA,0,0,1,20,NA,NA,NA,NA,NA,NA,NA,NA
bevacizumab,2023-03-01,5675,0,5675,1,165,1,40,1,21,1,21,1,3,0,0,NA,NA,NA,NA,NA,NA,NA,NA,NA,NA,NA,NA,0,0,1,21,NA,NA,NA,NA,NA,NA,NA,NA
bevacizumab,2023-04-01,4805,0,4805,1,166,1,41,1,22,1,22,1,4,0,0,NA,NA,NA,NA,NA,NA,NA,NA,NA,NA,NA,NA,0,0,1,22,NA,NA,NA,NA,NA,NA,NA,NA
bevacizumab,2023-05-01,5984,0,5984,1,167,1,42,1,23,1,23,1,5,0,0,NA,NA,NA,NA,NA,NA,NA,NA,NA,NA,NA,NA,0,0,1,23,NA,NA,NA,NA,NA,NA,NA,NA
bevacizumab,2023-06-01,5551,0,5551,1,168,1,43,1,24,1,24,1,6,0,0,NA,NA,NA,NA,NA,NA,NA,NA,NA,NA,NA,NA,0,0,1,24,NA,NA,NA,NA,NA,NA,NA,NA
bevacizumab,2023-07-01,5499,0,5499,1,169,1,44,1,25,1,25,1,7,0,0,NA,NA,NA,NA,NA,NA,NA,NA,NA,NA,NA,NA,0,0,1,25,NA,NA,NA,NA,NA,NA,NA,NA
bevacizumab,2023-08-01,6075,0,6075,1,170,1,45,1,26,1,26,1,8,0,0,NA,NA,NA,NA,NA,NA,NA,NA,NA,NA,NA,NA,0,0,1,26,NA,NA,NA,NA,NA,NA,NA,NA
bevacizumab,2023-09-01,5690,0,5690,1,171,1,46,1,27,1,27,1,9,0,0,NA,NA,NA,NA,NA,NA,NA,NA,NA,NA,NA,NA,0,0,1,27,NA,NA,NA,NA,NA,NA,NA,NA
bevacizumab,2023-10-01,5959,0,5959,1,172,1,47,1,28,1,28,1,10,0,0,NA,NA,NA,NA,NA,NA,NA,NA,NA,NA,NA,NA,0,0,1,28,NA,NA,NA,NA,NA,NA,NA,NA
bevacizumab,2023-11-01,5926,0,5926,1,173,1,48,1,29,1,29,1,11,0,0,NA,NA,NA,NA,NA,NA,NA,NA,NA,NA,NA,NA,1,0,1,29,NA,NA,NA,NA,NA,NA,NA,NA
bevacizumab,2023-12-01,5279,0,5279,1,174,1,49,1,30,1,30,1,12,0,0,NA,NA,NA,NA,NA,NA,NA,NA,NA,NA,NA,NA,1,1,1,30,NA,NA,NA,NA,NA,NA,NA,NA
bevacizumab,2024-01-01,6171,0,6171,1,175,1,50,1,31,1,31,1,13,0,0,NA,NA,NA,NA,NA,NA,NA,NA,NA,NA,NA,NA,1,2,1,31,NA,NA,NA,NA,NA,NA,NA,NA
bevacizumab,2024-02-01,5654,0,5654,1,176,1,51,1,32,1,32,1,14,0,0,NA,NA,NA,NA,NA,NA,NA,NA,NA,NA,NA,NA,1,3,1,32,NA,NA,NA,NA,NA,NA,NA,NA
bevacizumab,2024-03-01,5742,0,5742,1,177,1,52,1,33,1,33,1,15,0,0,NA,NA,NA,NA,NA,NA,NA,NA,NA,NA,NA,NA,1,4,1,33,NA,NA,NA,NA,NA,NA,NA,NA
bevacizumab,2024-04-01,5906,0,5906,1,178,1,53,1,34,1,34,1,16,0,0,NA,NA,NA,NA,NA,NA,NA,NA,NA,NA,NA,NA,1,5,1,34,NA,NA,NA,NA,NA,NA,NA,NA
bevacizumab,2024-05-01,6280,0,6280,1,179,1,54,1,35,1,35,1,17,0,0,NA,NA,NA,NA,NA,NA,NA,NA,NA,NA,NA,NA,1,6,1,35,NA,NA,NA,NA,NA,NA,NA,NA
bevacizumab,2024-06-01,5473,0,5473,1,180,1,55,1,36,1,36,1,18,0,0,NA,NA,NA,NA,NA,NA,NA,NA,NA,NA,NA,NA,1,7,1,36,NA,NA,NA,NA,NA,NA,NA,NA
bevacizumab,2024-07-01,6454,0,6454,1,181,1,56,1,37,1,37,1,19,0,0,NA,NA,NA,NA,NA,NA,NA,NA,NA,NA,NA,NA,1,8,1,37,NA,NA,NA,NA,NA,NA,NA,NA
bevacizumab,2024-08-01,5940,0,5940,1,182,1,57,1,38,1,38,1,20,0,0,NA,NA,NA,NA,NA,NA,NA,NA,NA,NA,NA,NA,1,9,1,38,NA,NA,NA,NA,NA,NA,NA,NA
bevacizumab,2024-09-01,5886,0,5886,1,183,1,58,1,39,1,39,1,21,0,0,NA,NA,NA,NA,NA,NA,NA,NA,NA,NA,NA,NA,1,10,1,39,NA,NA,NA,NA,NA,NA,NA,NA
bevacizumab,2024-10-01,6500,0,6500,1,184,1,59,1,40,1,40,1,22,1,0,NA,NA,NA,NA,NA,NA,NA,NA,NA,NA,NA,NA,1,11,1,40,NA,NA,NA,NA,NA,NA,NA,NA
bevacizumab,2024-11-01,5883,0,5883,1,185,1,60,1,41,1,41,1,23,1,1,NA,NA,NA,NA,NA,NA,NA,NA,NA,NA,NA,NA,1,12,1,41,NA,NA,NA,NA,NA,NA,NA,NA
bevacizumab,2024-12-01,5861,0,5861,1,186,1,61,1,42,1,42,1,24,1,2,NA,NA,NA,NA,NA,NA,NA,NA,NA,NA,NA,NA,1,13,1,42,NA,NA,NA,NA,NA,NA,NA,NA
bevacizumab,2025-01-01,6308,0,6308,1,187,1,62,1,43,1,43,1,25,1,3,NA,NA,NA,NA,NA,NA,NA,NA,NA,NA,NA,NA,1,14,1,43,NA,NA,NA,NA,NA,NA,NA,NA
bevacizumab,2025-02-01,5843,0,5843,1,188,1,63,1,44,1,44,1,26,1,4,NA,NA,NA,NA,NA,NA,NA,NA,NA,NA,NA,NA,1,15,1,44,NA,NA,NA,NA,NA,NA,NA,NA
bevacizumab,2025-03-01,5983,0,5983,1,189,1,64,1,45,1,45,1,27,1,5,NA,NA,NA,NA,NA,NA,NA,NA,NA,NA,NA,NA,1,16,1,45,NA,NA,NA,NA,NA,NA,NA,NA
bevacizumab,2025-04-01,6217,0,6217,1,190,1,65,1,46,1,46,1,28,1,6,NA,NA,NA,NA,NA,NA,NA,NA,NA,NA,NA,NA,1,17,1,46,NA,NA,NA,NA,NA,NA,NA,NA
bevacizumab,2025-05-01,6351,0,6351,1,191,1,66,1,47,1,47,1,29,1,7,NA,NA,NA,NA,NA,NA,NA,NA,NA,NA,NA,NA,1,18,1,47,NA,NA,NA,NA,NA,NA,NA,NA
bevacizumab,2025-06-01,6113,0,6113,1,192,1,67,1,48,1,48,1,30,1,8,NA,NA,NA,NA,NA,NA,NA,NA,NA,NA,NA,NA,1,19,1,48,NA,NA,NA,NA,NA,NA,NA,NA
bevacizumab,2025-07-01,6634,0,6634,1,193,1,68,1,49,1,49,1,31,1,9,NA,NA,NA,NA,NA,NA,NA,NA,NA,NA,NA,NA,1,20,1,49,NA,NA,NA,NA,NA,NA,NA,NA
bevacizumab,2025-08-01,6144,0,6144,1,194,1,69,1,50,1,50,1,32,1,10,NA,NA,NA,NA,NA,NA,NA,NA,NA,NA,NA,NA,1,21,1,50,NA,NA,NA,NA,NA,NA,NA,NA
bevacizumab,2025-09-01,6451,0,6451,1,195,1,70,1,51,1,51,1,33,1,11,NA,NA,NA,NA,NA,NA,NA,NA,NA,NA,NA,NA,1,22,1,51,NA,NA,NA,NA,NA,NA,NA,NA
bevacizumab,2025-10-01,6725,0,6725,1,196,1,71,1,52,1,52,1,34,1,12,NA,NA,NA,NA,NA,NA,NA,NA,NA,NA,NA,NA,1,23,1,52,NA,NA,NA,NA,NA,NA,NA,NA
bevacizumab,2025-11-01,5765,0,5765,1,197,1,72,1,53,1,53,1,35,1,13,NA,NA,NA,NA,NA,NA,NA,NA,NA,NA,NA,NA,1,24,1,53,NA,NA,NA,NA,NA,NA,NA,NA
etanercept,2009-01-01,0,9248,9248,0,1,0,0,0,0,0,0,0,0,0,0,NA,NA,0,0,0,0,0,0,NA,NA,NA,NA,NA,NA,NA,NA,NA,NA,NA,NA,NA,NA,NA,NA
etanercept,2009-02-01,0,9220,9220,0,2,0,0,0,0,0,0,0,0,0,0,NA,NA,0,0,0,0,0,0,NA,NA,NA,NA,NA,NA,NA,NA,NA,NA,NA,NA,NA,NA,NA,NA
etanercept,2009-03-01,0,10268,10268,0,3,0,0,0,0,0,0,0,0,0,0,NA,NA,0,0,0,0,0,0,NA,NA,NA,NA,NA,NA,NA,NA,NA,NA,NA,NA,NA,NA,NA,NA
etanercept,2009-04-01,0,10434,10434,0,4,0,0,0,0,0,0,0,0,0,0,NA,NA,0,0,0,0,0,0,NA,NA,NA,NA,NA,NA,NA,NA,NA,NA,NA,NA,NA,NA,NA,NA
etanercept,2009-05-01,0,10122,10122,0,5,0,0,0,0,0,0,0,0,0,0,NA,NA,0,0,0,0,0,0,NA,NA,NA,NA,NA,NA,NA,NA,NA,NA,NA,NA,NA,NA,NA,NA
etanercept,2009-06-01,0,9356,9356,0,6,0,0,0,0,0,0,0,0,0,0,NA,NA,0,0,0,0,0,0,NA,NA,NA,NA,NA,NA,NA,NA,NA,NA,NA,NA,NA,NA,NA,NA
etanercept,2009-07-01,0,10376,10376,0,7,0,0,0,0,0,0,0,0,0,0,NA,NA,0,0,0,0,0,0,NA,NA,NA,NA,NA,NA,NA,NA,NA,NA,NA,NA,NA,NA,NA,NA
etanercept,2009-08-01,0,9434,9434,0,8,0,0,0,0,0,0,0,0,0,0,NA,NA,0,0,0,0,0,0,NA,NA,NA,NA,NA,NA,NA,NA,NA,NA,NA,NA,NA,NA,NA,NA
etanercept,2009-09-01,0,9624,9624,0,9,0,0,0,0,0,0,0,0,0,0,NA,NA,0,0,0,0,0,0,NA,NA,NA,NA,NA,NA,NA,NA,NA,NA,NA,NA,NA,NA,NA,NA
etanercept,2009-10-01,0,10938,10938,0,10,0,0,0,0,0,0,0,0,0,0,NA,NA,0,0,0,0,0,0,NA,NA,NA,NA,NA,NA,NA,NA,NA,NA,NA,NA,NA,NA,NA,NA
etanercept,2009-11-01,0,10774,10774,0,11,0,0,0,0,0,0,0,0,0,0,NA,NA,0,0,0,0,0,0,NA,NA,NA,NA,NA,NA,NA,NA,NA,NA,NA,NA,NA,NA,NA,NA
etanercept,2009-12-01,0,10466,10466,0,12,0,0,0,0,0,0,0,0,0,0,NA,NA,0,0,0,0,0,0,NA,NA,NA,NA,NA,NA,NA,NA,NA,NA,NA,NA,NA,NA,NA,NA
etanercept,2010-01-01,0,13670,13670,0,13,0,0,0,0,0,0,0,0,0,0,NA,NA,0,0,0,0,0,0,NA,NA,NA,NA,NA,NA,NA,NA,NA,NA,NA,NA,NA,NA,NA,NA
etanercept,2010-02-01,0,10594,10594,0,14,0,0,0,0,0,0,0,0,0,0,NA,NA,0,0,0,0,0,0,NA,NA,NA,NA,NA,NA,NA,NA,NA,NA,NA,NA,NA,NA,NA,NA
etanercept,2010-03-01,0,11980,11980,0,15,0,0,0,0,0,0,0,0,0,0,NA,NA,0,0,0,0,0,0,NA,NA,NA,NA,NA,NA,NA,NA,NA,NA,NA,NA,NA,NA,NA,NA
etanercept,2010-04-01,0,9162,9162,0,16,0,0,0,0,0,0,0,0,0,0,NA,NA,0,0,0,0,0,0,NA,NA,NA,NA,NA,NA,NA,NA,NA,NA,NA,NA,NA,NA,NA,NA
etanercept,2010-05-01,0,11694,11694,0,17,0,0,0,0,0,0,0,0,0,0,NA,NA,0,0,0,0,0,0,NA,NA,NA,NA,NA,NA,NA,NA,NA,NA,NA,NA,NA,NA,NA,NA
etanercept,2010-06-01,0,11000,11000,0,18,0,0,0,0,0,0,0,0,0,0,NA,NA,0,0,0,0,0,0,NA,NA,NA,NA,NA,NA,NA,NA,NA,NA,NA,NA,NA,NA,NA,NA
etanercept,2010-07-01,0,11816,11816,0,19,0,0,0,0,0,0,0,0,0,0,NA,NA,0,0,0,0,0,0,NA,NA,NA,NA,NA,NA,NA,NA,NA,NA,NA,NA,NA,NA,NA,NA
etanercept,2010-08-01,0,10108,10108,0,20,0,0,0,0,0,0,0,0,0,0,NA,NA,0,0,0,0,0,0,NA,NA,NA,NA,NA,NA,NA,NA,NA,NA,NA,NA,NA,NA,NA,NA
etanercept,2010-09-01,0,11752,11752,0,21,0,0,0,0,0,0,0,0,0,0,NA,NA,0,0,0,0,0,0,NA,NA,NA,NA,NA,NA,NA,NA,NA,NA,NA,NA,NA,NA,NA,NA
etanercept,2010-10-01,0,11774,11774,0,22,0,0,0,0,0,0,0,0,0,0,NA,NA,0,0,0,0,0,0,NA,NA,NA,NA,NA,NA,NA,NA,NA,NA,NA,NA,NA,NA,NA,NA
etanercept,2010-11-01,0,12092,12092,0,23,0,0,0,0,0,0,0,0,0,0,NA,NA,0,0,0,0,0,0,NA,NA,NA,NA,NA,NA,NA,NA,NA,NA,NA,NA,NA,NA,NA,NA
etanercept,2010-12-01,0,9264,9264,0,24,0,0,0,0,0,0,0,0,0,0,NA,NA,0,0,0,0,0,0,NA,NA,NA,NA,NA,NA,NA,NA,NA,NA,NA,NA,NA,NA,NA,NA
etanercept,2011-01-01,0,11058,11058,0,25,0,0,0,0,0,0,0,0,0,0,NA,NA,0,0,0,0,0,0,NA,NA,NA,NA,NA,NA,NA,NA,NA,NA,NA,NA,NA,NA,NA,NA
etanercept,2011-02-01,0,11176,11176,0,26,0,0,0,0,0,0,0,0,0,0,NA,NA,0,0,0,0,0,0,NA,NA,NA,NA,NA,NA,NA,NA,NA,NA,NA,NA,NA,NA,NA,NA
etanercept,2011-03-01,0,12944,12944,0,27,0,0,0,0,0,0,0,0,0,0,NA,NA,0,0,0,0,0,0,NA,NA,NA,NA,NA,NA,NA,NA,NA,NA,NA,NA,NA,NA,NA,NA
etanercept,2011-04-01,0,11654,11654,0,28,0,0,0,0,0,0,0,0,0,0,NA,NA,0,0,0,0,0,0,NA,NA,NA,NA,NA,NA,NA,NA,NA,NA,NA,NA,NA,NA,NA,NA
etanercept,2011-05-01,0,11430,11430,0,29,0,0,0,0,0,0,0,0,0,0,NA,NA,0,0,0,0,0,0,NA,NA,NA,NA,NA,NA,NA,NA,NA,NA,NA,NA,NA,NA,NA,NA
etanercept,2011-06-01,0,11198,11198,0,30,0,0,0,0,0,0,0,0,0,0,NA,NA,0,0,0,0,0,0,NA,NA,NA,NA,NA,NA,NA,NA,NA,NA,NA,NA,NA,NA,NA,NA
etanercept,2011-07-01,0,13108,13108,0,31,0,0,0,0,0,0,0,0,0,0,NA,NA,0,0,0,0,0,0,NA,NA,NA,NA,NA,NA,NA,NA,NA,NA,NA,NA,NA,NA,NA,NA
etanercept,2011-08-01,0,12292,12292,0,32,0,0,0,0,0,0,0,0,0,0,NA,NA,0,0,0,0,0,0,NA,NA,NA,NA,NA,NA,NA,NA,NA,NA,NA,NA,NA,NA,NA,NA
etanercept,2011-09-01,0,11326,11326,0,33,0,0,0,0,0,0,0,0,0,0,NA,NA,0,0,0,0,0,0,NA,NA,NA,NA,NA,NA,NA,NA,NA,NA,NA,NA,NA,NA,NA,NA
etanercept,2011-10-01,0,10452,10452,0,34,0,0,0,0,0,0,0,0,0,0,NA,NA,0,0,0,0,0,0,NA,NA,NA,NA,NA,NA,NA,NA,NA,NA,NA,NA,NA,NA,NA,NA
etanercept,2011-11-01,0,10566,10566,0,35,0,0,0,0,0,0,0,0,0,0,NA,NA,0,0,0,0,0,0,NA,NA,NA,NA,NA,NA,NA,NA,NA,NA,NA,NA,NA,NA,NA,NA
etanercept,2011-12-01,0,9128,9128,0,36,0,0,0,0,0,0,0,0,0,0,NA,NA,0,0,0,0,0,0,NA,NA,NA,NA,NA,NA,NA,NA,NA,NA,NA,NA,NA,NA,NA,NA
etanercept,2012-01-01,0,10920,10920,0,37,0,0,0,0,0,0,0,0,0,0,NA,NA,0,0,0,0,0,0,NA,NA,NA,NA,NA,NA,NA,NA,NA,NA,NA,NA,NA,NA,NA,NA
etanercept,2012-02-01,0,8570,8570,0,38,0,0,0,0,0,0,0,0,0,0,NA,NA,0,0,0,0,0,0,NA,NA,NA,NA,NA,NA,NA,NA,NA,NA,NA,NA,NA,NA,NA,NA
etanercept,2012-03-01,0,12690,12690,0,39,0,0,0,0,0,0,0,0,0,0,NA,NA,0,0,0,0,0,0,NA,NA,NA,NA,NA,NA,NA,NA,NA,NA,NA,NA,NA,NA,NA,NA
etanercept,2012-04-01,0,12380,12380,0,40,0,0,0,0,0,0,0,0,0,0,NA,NA,0,0,0,0,0,0,NA,NA,NA,NA,NA,NA,NA,NA,NA,NA,NA,NA,NA,NA,NA,NA
etanercept,2012-05-01,0,15674,15674,0,41,0,0,0,0,0,0,0,0,0,0,NA,NA,0,0,0,0,0,0,NA,NA,NA,NA,NA,NA,NA,NA,NA,NA,NA,NA,NA,NA,NA,NA
etanercept,2012-06-01,0,21796,21796,0,42,0,0,0,0,0,0,0,0,0,0,NA,NA,0,0,0,0,0,0,NA,NA,NA,NA,NA,NA,NA,NA,NA,NA,NA,NA,NA,NA,NA,NA
etanercept,2012-07-01,0,12348,12348,0,43,0,0,0,0,0,0,0,0,0,0,NA,NA,0,0,0,0,0,0,NA,NA,NA,NA,NA,NA,NA,NA,NA,NA,NA,NA,NA,NA,NA,NA
etanercept,2012-08-01,0,13444,13444,0,44,0,0,0,0,0,0,0,0,0,0,NA,NA,0,0,0,0,0,0,NA,NA,NA,NA,NA,NA,NA,NA,NA,NA,NA,NA,NA,NA,NA,NA
etanercept,2012-09-01,0,17928,17928,0,45,0,0,0,0,0,0,0,0,0,0,NA,NA,0,0,0,0,0,0,NA,NA,NA,NA,NA,NA,NA,NA,NA,NA,NA,NA,NA,NA,NA,NA
etanercept,2012-10-01,0,14424,14424,0,46,0,0,0,0,0,0,0,0,0,0,NA,NA,0,0,0,0,0,0,NA,NA,NA,NA,NA,NA,NA,NA,NA,NA,NA,NA,NA,NA,NA,NA
etanercept,2012-11-01,0,13784,13784,0,47,0,0,0,0,0,0,0,0,0,0,NA,NA,0,0,0,0,0,0,NA,NA,NA,NA,NA,NA,NA,NA,NA,NA,NA,NA,NA,NA,NA,NA
etanercept,2012-12-01,0,9308,9308,0,48,0,0,0,0,0,0,0,0,0,0,NA,NA,0,0,0,0,0,0,NA,NA,NA,NA,NA,NA,NA,NA,NA,NA,NA,NA,NA,NA,NA,NA
etanercept,2013-01-01,0,15900,15900,0,49,0,0,0,0,0,0,0,0,0,0,NA,NA,0,0,0,0,0,0,NA,NA,NA,NA,NA,NA,NA,NA,NA,NA,NA,NA,NA,NA,NA,NA
etanercept,2013-02-01,0,12574,12574,0,50,0,0,0,0,0,0,0,0,0,0,NA,NA,0,0,0,0,0,0,NA,NA,NA,NA,NA,NA,NA,NA,NA,NA,NA,NA,NA,NA,NA,NA
etanercept,2013-03-01,0,10136,10136,0,51,0,0,0,0,0,0,0,0,0,0,NA,NA,0,0,0,0,0,0,NA,NA,NA,NA,NA,NA,NA,NA,NA,NA,NA,NA,NA,NA,NA,NA
etanercept,2013-04-01,0,12622,12622,0,52,0,0,0,0,0,0,0,0,0,0,NA,NA,0,0,0,0,0,0,NA,NA,NA,NA,NA,NA,NA,NA,NA,NA,NA,NA,NA,NA,NA,NA
etanercept,2013-05-01,0,14156,14156,0,53,0,0,0,0,0,0,0,0,0,0,NA,NA,0,0,0,0,0,0,NA,NA,NA,NA,NA,NA,NA,NA,NA,NA,NA,NA,NA,NA,NA,NA
etanercept,2013-06-01,0,14020,14020,0,54,0,0,0,0,0,0,0,0,0,0,NA,NA,0,0,0,0,0,0,NA,NA,NA,NA,NA,NA,NA,NA,NA,NA,NA,NA,NA,NA,NA,NA
etanercept,2013-07-01,0,12120,12120,0,55,0,0,0,0,0,0,0,0,0,0,NA,NA,0,0,0,0,0,0,NA,NA,NA,NA,NA,NA,NA,NA,NA,NA,NA,NA,NA,NA,NA,NA
etanercept,2013-08-01,0,12048,12048,0,56,0,0,0,0,0,0,0,0,0,0,NA,NA,0,0,0,0,0,0,NA,NA,NA,NA,NA,NA,NA,NA,NA,NA,NA,NA,NA,NA,NA,NA
etanercept,2013-09-01,0,11904,11904,0,57,0,0,0,0,0,0,0,0,0,0,NA,NA,0,0,0,0,0,0,NA,NA,NA,NA,NA,NA,NA,NA,NA,NA,NA,NA,NA,NA,NA,NA
etanercept,2013-10-01,0,10492,10492,0,58,0,0,0,0,0,0,0,0,0,0,NA,NA,0,0,0,0,0,0,NA,NA,NA,NA,NA,NA,NA,NA,NA,NA,NA,NA,NA,NA,NA,NA
etanercept,2013-11-01,0,10824,10824,0,59,0,0,0,0,0,0,0,0,0,0,NA,NA,0,0,0,0,0,0,NA,NA,NA,NA,NA,NA,NA,NA,NA,NA,NA,NA,NA,NA,NA,NA
etanercept,2013-12-01,0,10550,10550,0,60,0,0,0,0,0,0,0,0,0,0,NA,NA,0,0,0,0,0,0,NA,NA,NA,NA,NA,NA,NA,NA,NA,NA,NA,NA,NA,NA,NA,NA
etanercept,2014-01-01,0,11508,11508,0,61,0,0,0,0,0,0,0,0,0,0,NA,NA,0,0,0,0,0,0,NA,NA,NA,NA,NA,NA,NA,NA,NA,NA,NA,NA,NA,NA,NA,NA
etanercept,2014-02-01,0,8212,8212,0,62,0,0,0,0,0,0,0,0,0,0,NA,NA,0,0,0,0,0,0,NA,NA,NA,NA,NA,NA,NA,NA,NA,NA,NA,NA,NA,NA,NA,NA
etanercept,2014-03-01,0,24526,24526,0,63,0,0,0,0,0,0,0,0,0,0,NA,NA,0,0,0,0,0,0,NA,NA,NA,NA,NA,NA,NA,NA,NA,NA,NA,NA,NA,NA,NA,NA
etanercept,2014-04-01,0,30284,30284,0,64,0,0,0,0,0,0,0,0,0,0,NA,NA,0,0,0,0,0,0,NA,NA,NA,NA,NA,NA,NA,NA,NA,NA,NA,NA,NA,NA,NA,NA
etanercept,2014-05-01,0,19894,19894,0,65,0,0,0,0,0,0,0,0,0,0,NA,NA,0,0,0,0,0,0,NA,NA,NA,NA,NA,NA,NA,NA,NA,NA,NA,NA,NA,NA,NA,NA
etanercept,2014-06-01,0,16844,16844,0,66,0,0,0,0,0,0,0,0,0,0,NA,NA,0,0,0,0,0,0,NA,NA,NA,NA,NA,NA,NA,NA,NA,NA,NA,NA,NA,NA,NA,NA
etanercept,2014-07-01,0,13714,13714,0,67,0,0,0,0,0,0,0,0,0,0,NA,NA,0,0,0,0,0,0,NA,NA,NA,NA,NA,NA,NA,NA,NA,NA,NA,NA,NA,NA,NA,NA
etanercept,2014-08-01,0,15334,15334,0,68,0,0,0,0,0,0,0,0,0,0,NA,NA,0,0,0,0,0,0,NA,NA,NA,NA,NA,NA,NA,NA,NA,NA,NA,NA,NA,NA,NA,NA
etanercept,2014-09-01,0,13188,13188,0,69,0,0,0,0,0,0,0,0,0,0,NA,NA,0,0,0,0,0,0,NA,NA,NA,NA,NA,NA,NA,NA,NA,NA,NA,NA,NA,NA,NA,NA
etanercept,2014-10-01,0,12644,12644,0,70,0,0,0,0,0,0,0,0,0,0,NA,NA,0,0,0,0,0,0,NA,NA,NA,NA,NA,NA,NA,NA,NA,NA,NA,NA,NA,NA,NA,NA
etanercept,2014-11-01,0,14900,14900,0,71,0,0,0,0,0,0,0,0,0,0,NA,NA,0,0,0,0,0,0,NA,NA,NA,NA,NA,NA,NA,NA,NA,NA,NA,NA,NA,NA,NA,NA
etanercept,2014-12-01,0,12666,12666,0,72,0,0,0,0,0,0,0,0,0,0,NA,NA,0,0,0,0,0,0,NA,NA,NA,NA,NA,NA,NA,NA,NA,NA,NA,NA,NA,NA,NA,NA
etanercept,2015-01-01,0,14580,14580,0,73,0,0,0,0,0,0,0,0,0,0,NA,NA,0,0,0,0,0,0,NA,NA,NA,NA,NA,NA,NA,NA,NA,NA,NA,NA,NA,NA,NA,NA
etanercept,2015-02-01,0,19784,19784,0,74,0,0,0,0,0,0,0,0,0,0,NA,NA,0,0,0,0,0,0,NA,NA,NA,NA,NA,NA,NA,NA,NA,NA,NA,NA,NA,NA,NA,NA
etanercept,2015-03-01,0,16354,16354,0,75,0,0,0,0,0,0,0,0,0,0,NA,NA,0,0,0,0,0,0,NA,NA,NA,NA,NA,NA,NA,NA,NA,NA,NA,NA,NA,NA,NA,NA
etanercept,2015-04-01,0,13288,13288,0,76,0,0,0,0,0,0,0,0,0,0,NA,NA,0,0,0,0,0,0,NA,NA,NA,NA,NA,NA,NA,NA,NA,NA,NA,NA,NA,NA,NA,NA
etanercept,2015-05-01,0,25596,25596,0,77,0,0,0,0,0,0,0,0,0,0,NA,NA,0,0,0,0,0,0,NA,NA,NA,NA,NA,NA,NA,NA,NA,NA,NA,NA,NA,NA,NA,NA
etanercept,2015-06-01,0,18682,18682,0,78,0,0,0,0,0,0,0,0,0,0,NA,NA,0,0,0,0,0,0,NA,NA,NA,NA,NA,NA,NA,NA,NA,NA,NA,NA,NA,NA,NA,NA
etanercept,2015-07-01,0,18772,18772,0,79,0,0,0,0,0,0,0,0,0,0,NA,NA,0,0,0,0,0,0,NA,NA,NA,NA,NA,NA,NA,NA,NA,NA,NA,NA,NA,NA,NA,NA
etanercept,2015-08-01,0,15898,15898,0,80,0,0,0,0,0,0,0,0,0,0,NA,NA,0,0,0,0,0,0,NA,NA,NA,NA,NA,NA,NA,NA,NA,NA,NA,NA,NA,NA,NA,NA
etanercept,2015-09-01,0,15558,15558,0,81,0,0,0,0,0,0,0,0,0,0,NA,NA,0,0,0,0,0,0,NA,NA,NA,NA,NA,NA,NA,NA,NA,NA,NA,NA,NA,NA,NA,NA
etanercept,2015-10-01,0,15858,15858,0,82,0,0,0,0,0,0,0,0,0,0,NA,NA,0,0,0,0,0,0,NA,NA,NA,NA,NA,NA,NA,NA,NA,NA,NA,NA,NA,NA,NA,NA
etanercept,2015-11-01,0,15294,15294,0,83,0,0,0,0,0,0,0,0,0,0,NA,NA,0,0,0,0,0,0,NA,NA,NA,NA,NA,NA,NA,NA,NA,NA,NA,NA,NA,NA,NA,NA
etanercept,2015-12-01,0,17838,17838,0,84,0,0,0,0,0,0,0,0,0,0,NA,NA,0,0,0,0,0,0,NA,NA,NA,NA,NA,NA,NA,NA,NA,NA,NA,NA,NA,NA,NA,NA
etanercept,2016-01-01,0,13996,13996,0,85,0,0,0,0,0,0,0,0,0,0,NA,NA,0,0,0,0,0,0,NA,NA,NA,NA,NA,NA,NA,NA,NA,NA,NA,NA,NA,NA,NA,NA
etanercept,2016-02-01,0,15390,15390,0,86,0,0,0,0,0,0,0,0,0,0,NA,NA,0,0,0,0,0,0,NA,NA,NA,NA,NA,NA,NA,NA,NA,NA,NA,NA,NA,NA,NA,NA
etanercept,2016-03-01,0,17700,17700,0,87,0,0,0,0,0,0,0,0,0,0,NA,NA,0,0,0,0,0,0,NA,NA,NA,NA,NA,NA,NA,NA,NA,NA,NA,NA,NA,NA,NA,NA
etanercept,2016-04-01,0,16388,16388,0,88,0,0,0,0,0,0,0,0,0,0,NA,NA,0,0,0,0,0,0,NA,NA,NA,NA,NA,NA,NA,NA,NA,NA,NA,NA,NA,NA,NA,NA
etanercept,2016-05-01,0,15940,15940,0,89,0,0,0,0,0,0,0,0,0,0,NA,NA,0,0,0,0,0,0,NA,NA,NA,NA,NA,NA,NA,NA,NA,NA,NA,NA,NA,NA,NA,NA
etanercept,2016-06-01,0,16882,16882,0,90,0,0,0,0,0,0,0,0,0,0,NA,NA,0,0,0,0,0,0,NA,NA,NA,NA,NA,NA,NA,NA,NA,NA,NA,NA,NA,NA,NA,NA
etanercept,2016-07-01,0,16456,16456,0,91,0,0,0,0,0,0,0,0,0,0,NA,NA,0,0,0,0,0,0,NA,NA,NA,NA,NA,NA,NA,NA,NA,NA,NA,NA,NA,NA,NA,NA
etanercept,2016-08-01,0,15926,15926,0,92,0,0,0,0,0,0,0,0,0,0,NA,NA,0,0,0,0,0,0,NA,NA,NA,NA,NA,NA,NA,NA,NA,NA,NA,NA,NA,NA,NA,NA
etanercept,2016-09-01,0,15612,15612,0,93,0,0,0,0,0,0,0,0,0,0,NA,NA,0,0,0,0,0,0,NA,NA,NA,NA,NA,NA,NA,NA,NA,NA,NA,NA,NA,NA,NA,NA
etanercept,2016-10-01,0,15452,15452,0,94,0,0,0,0,0,0,0,0,0,0,NA,NA,0,0,0,0,0,0,NA,NA,NA,NA,NA,NA,NA,NA,NA,NA,NA,NA,NA,NA,NA,NA
etanercept,2016-11-01,0,15952,15952,0,95,0,0,0,0,0,0,0,0,0,0,NA,NA,0,0,0,0,0,0,NA,NA,NA,NA,NA,NA,NA,NA,NA,NA,NA,NA,NA,NA,NA,NA
etanercept,2016-12-01,0,18184,18184,0,96,0,0,0,0,0,0,0,0,0,0,NA,NA,0,0,0,0,0,0,NA,NA,NA,NA,NA,NA,NA,NA,NA,NA,NA,NA,NA,NA,NA,NA
etanercept,2017-01-01,0,14192,14192,0,97,0,0,0,0,0,0,0,0,0,0,NA,NA,0,0,0,0,0,0,NA,NA,NA,NA,NA,NA,NA,NA,NA,NA,NA,NA,NA,NA,NA,NA
etanercept,2017-02-01,0,14696,14696,0,98,0,0,0,0,0,0,0,0,0,0,NA,NA,0,0,0,0,0,0,NA,NA,NA,NA,NA,NA,NA,NA,NA,NA,NA,NA,NA,NA,NA,NA
etanercept,2017-03-01,0,17682,17682,0,99,0,0,0,0,0,0,0,0,0,0,NA,NA,0,0,0,0,0,0,NA,NA,NA,NA,NA,NA,NA,NA,NA,NA,NA,NA,NA,NA,NA,NA
etanercept,2017-04-01,15388,476,15864,0.9699949571356531,100,0,0,1,0,1,0,0,0,0,0,NA,NA,0,0,0,0,0,0,NA,NA,NA,NA,NA,NA,NA,NA,NA,NA,NA,NA,NA,NA,NA,NA
etanercept,2017-05-01,15576,536,16112,0.9667328699106256,101,0,0,1,1,1,1,0,0,0,0,NA,NA,0,0,0,0,0,0,NA,NA,NA,NA,NA,NA,NA,NA,NA,NA,NA,NA,NA,NA,NA,NA
etanercept,2017-06-01,16024,528,16552,0.9681005316578057,102,0,0,1,2,1,2,0,0,0,0,NA,NA,0,0,0,0,0,0,NA,NA,NA,NA,NA,NA,NA,NA,NA,NA,NA,NA,NA,NA,NA,NA
etanercept,2017-07-01,14854,536,15390,0.9651721897335932,103,0,0,1,3,1,3,0,0,0,0,NA,NA,0,0,0,0,0,0,NA,NA,NA,NA,NA,NA,NA,NA,NA,NA,NA,NA,NA,NA,NA,NA
etanercept,2017-08-01,15686,546,16232,0.966362740266141,104,0,0,1,4,1,4,0,0,0,0,NA,NA,0,0,0,0,0,0,NA,NA,NA,NA,NA,NA,NA,NA,NA,NA,NA,NA,NA,NA,NA,NA
etanercept,2017-09-01,15076,560,15636,0.9641852136096188,105,0,0,1,5,1,5,0,0,0,0,NA,NA,0,0,0,0,0,0,NA,NA,NA,NA,NA,NA,NA,NA,NA,NA,NA,NA,NA,NA,NA,NA
etanercept,2017-10-01,15296,538,15834,0.9660224832638625,106,0,0,1,6,1,6,0,0,0,0,NA,NA,0,0,0,0,0,0,NA,NA,NA,NA,NA,NA,NA,NA,NA,NA,NA,NA,NA,NA,NA,NA
etanercept,2017-11-01,15562,548,16110,0.965983860955928,107,0,0,1,7,1,7,0,0,0,0,NA,NA,0,0,0,0,0,0,NA,NA,NA,NA,NA,NA,NA,NA,NA,NA,NA,NA,NA,NA,NA,NA
etanercept,2017-12-01,17270,584,17854,0.9672902430827826,108,0,0,1,8,1,8,0,0,0,0,NA,NA,0,0,0,0,0,0,NA,NA,NA,NA,NA,NA,NA,NA,NA,NA,NA,NA,NA,NA,NA,NA
etanercept,2018-01-01,15094,486,15580,0.968806161745828,109,0,0,1,9,1,9,0,0,0,0,NA,NA,0,0,0,0,0,0,NA,NA,NA,NA,NA,NA,NA,NA,NA,NA,NA,NA,NA,NA,NA,NA
etanercept,2018-02-01,14580,490,15070,0.9674850696748507,110,0,0,1,10,1,10,0,0,0,0,NA,NA,0,0,0,0,0,0,NA,NA,NA,NA,NA,NA,NA,NA,NA,NA,NA,NA,NA,NA,NA,NA
etanercept,2018-03-01,15644,484,16128,0.9699900793650794,111,0,0,1,11,1,11,0,0,0,0,NA,NA,0,0,0,0,0,0,NA,NA,NA,NA,NA,NA,NA,NA,NA,NA,NA,NA,NA,NA,NA,NA
etanercept,2018-04-01,15616,492,16108,0.9694561708467843,112,0,0,1,12,1,12,0,0,0,0,NA,NA,0,0,0,0,0,0,NA,NA,NA,NA,NA,NA,NA,NA,NA,NA,NA,NA,NA,NA,NA,NA
etanercept,2018-05-01,16436,526,16962,0.9689895059544865,113,0,0,1,13,1,13,0,0,0,0,NA,NA,0,0,0,0,0,0,NA,NA,NA,NA,NA,NA,NA,NA,NA,NA,NA,NA,NA,NA,NA,NA
etanercept,2018-06-01,14634,448,15082,0.9702957167484418,114,0,0,1,14,1,14,0,0,0,0,NA,NA,0,0,0,0,0,0,NA,NA,NA,NA,NA,NA,NA,NA,NA,NA,NA,NA,NA,NA,NA,NA
etanercept,2018-07-01,14214,448,14662,0.969444823352885,115,0,0,1,15,1,15,0,0,0,0,NA,NA,0,0,0,0,0,0,NA,NA,NA,NA,NA,NA,NA,NA,NA,NA,NA,NA,NA,NA,NA,NA
etanercept,2018-08-01,20284,592,20876,0.9716420770262503,116,0,0,1,16,1,16,0,0,0,0,NA,NA,0,0,0,0,0,0,NA,NA,NA,NA,NA,NA,NA,NA,NA,NA,NA,NA,NA,NA,NA,NA
etanercept,2018-09-01,15738,458,16196,0.9717214126944924,117,0,0,1,17,1,17,0,0,0,0,NA,NA,0,0,0,0,0,0,NA,NA,NA,NA,NA,NA,NA,NA,NA,NA,NA,NA,NA,NA,NA,NA
etanercept,2018-10-01,15256,420,15676,0.9732074508803266,118,0,0,1,18,1,18,0,0,0,0,NA,NA,0,0,0,0,0,0,NA,NA,NA,NA,NA,NA,NA,NA,NA,NA,NA,NA,NA,NA,NA,NA
etanercept,2018-11-01,16550,532,17082,0.9688561058424072,119,0,0,1,19,1,19,0,0,0,0,NA,NA,0,0,0,0,0,0,NA,NA,NA,NA,NA,NA,NA,NA,NA,NA,NA,NA,NA,NA,NA,NA
etanercept,2018-12-01,18112,484,18596,0.9739728973972898,120,0,0,1,20,1,20,0,0,0,0,NA,NA,0,0,0,0,0,0,NA,NA,NA,NA,NA,NA,NA,NA,NA,NA,NA,NA,NA,NA,NA,NA
etanercept,2019-01-01,15706,424,16130,0.9737135771853689,121,0,0,1,21,1,21,0,0,0,0,NA,NA,0,0,0,0,0,0,NA,NA,NA,NA,NA,NA,NA,NA,NA,NA,NA,NA,NA,NA,NA,NA
etanercept,2019-02-01,15898,476,16374,0.9709295224135825,122,0,0,1,22,1,22,0,0,0,0,NA,NA,0,0,0,0,0,0,NA,NA,NA,NA,NA,NA,NA,NA,NA,NA,NA,NA,NA,NA,NA,NA
etanercept,2019-03-01,17374,486,17860,0.9727883538633818,123,0,0,1,23,1,23,0,0,0,0,NA,NA,0,0,0,0,0,0,NA,NA,NA,NA,NA,NA,NA,NA,NA,NA,NA,NA,NA,NA,NA,NA
etanercept,2019-04-01,15090,446,15536,0.971292481977343,124,0,0,1,24,1,24,0,0,0,0,NA,NA,0,0,0,0,0,0,NA,NA,NA,NA,NA,NA,NA,NA,NA,NA,NA,NA,NA,NA,NA,NA
etanercept,2019-05-01,17036,490,17526,0.9720415382859752,125,0,0,1,25,1,25,0,0,0,0,NA,NA,0,0,0,0,0,0,NA,NA,NA,NA,NA,NA,NA,NA,NA,NA,NA,NA,NA,NA,NA,NA
etanercept,2019-06-01,17162,486,17648,0.9724614687216682,126,0,0,1,26,1,26,0,0,0,0,NA,NA,0,0,0,0,0,0,NA,NA,NA,NA,NA,NA,NA,NA,NA,NA,NA,NA,NA,NA,NA,NA
etanercept,2019-07-01,15964,502,16466,0.9695129357463865,127,0,0,1,27,1,27,0,0,0,0,NA,NA,0,0,0,0,0,0,NA,NA,NA,NA,NA,NA,NA,NA,NA,NA,NA,NA,NA,NA,NA,NA
etanercept,2019-08-01,16654,414,17068,0.9757440824935552,128,0,0,1,28,1,28,0,0,0,0,NA,NA,0,0,0,0,0,0,NA,NA,NA,NA,NA,NA,NA,NA,NA,NA,NA,NA,NA,NA,NA,NA
etanercept,2019-09-01,16406,468,16874,0.9722650231124808,129,0,0,1,29,1,29,0,0,0,0,NA,NA,0,0,0,0,0,0,NA,NA,NA,NA,NA,NA,NA,NA,NA,NA,NA,NA,NA,NA,NA,NA
etanercept,2019-10-01,16070,458,16528,0.9722894482090997,130,0,0,1,30,1,30,0,0,0,0,NA,NA,0,0,0,0,0,0,NA,NA,NA,NA,NA,NA,NA,NA,NA,NA,NA,NA,NA,NA,NA,NA
etanercept,2019-11-01,17238,452,17690,0.9744488411531939,131,1,0,1,31,1,31,0,0,0,0,NA,NA,0,0,0,0,0,0,NA,NA,NA,NA,NA,NA,NA,NA,NA,NA,NA,NA,NA,NA,NA,NA
etanercept,2019-12-01,16964,442,17406,0.9746064575433758,132,1,1,1,32,1,32,0,0,0,0,NA,NA,0,0,0,0,0,0,NA,NA,NA,NA,NA,NA,NA,NA,NA,NA,NA,NA,NA,NA,NA,NA
etanercept,2020-01-01,17596,498,18094,0.9724770642201835,133,1,2,1,33,1,33,0,0,0,0,NA,NA,0,0,0,0,0,0,NA,NA,NA,NA,NA,NA,NA,NA,NA,NA,NA,NA,NA,NA,NA,NA
etanercept,2020-02-01,16290,386,16676,0.976852962341089,134,1,3,1,34,1,34,0,0,0,0,NA,NA,0,0,0,0,0,0,NA,NA,NA,NA,NA,NA,NA,NA,NA,NA,NA,NA,NA,NA,NA,NA
etanercept,2020-03-01,16656,496,17152,0.9710820895522388,135,1,4,1,35,1,35,0,0,0,0,NA,NA,0,0,0,0,0,0,NA,NA,NA,NA,NA,NA,NA,NA,NA,NA,NA,NA,NA,NA,NA,NA
etanercept,2020-04-01,17112,484,17596,0.97249374857922255,136,1,5,1,36,1,36,0,0,0,0,NA,NA,0,0,0,0,0,0,NA,NA,NA,NA,NA,NA,NA,NA,NA,NA,NA,NA,NA,NA,NA,NA
etanercept,2020-05-01,15184,378,15562,0.9757100629739108,137,1,6,1,37,1,37,0,0,0,0,NA,NA,0,0,0,0,0,0,NA,NA,NA,NA,NA,NA,NA,NA,NA,NA,NA,NA,NA,NA,NA,NA
etanercept,2020-06-01,15912,414,16326,0.9746416758544653,138,1,7,1,38,1,38,0,0,0,0,NA,NA,0,0,0,0,0,0,NA,NA,NA,NA,NA,NA,NA,NA,NA,NA,NA,NA,NA,NA,NA,NA
etanercept,2020-07-01,17954,410,18364,0.9776737094314965,139,1,8,1,39,1,39,0,0,0,0,NA,NA,0,0,0,0,0,0,NA,NA,NA,NA,NA,NA,NA,NA,NA,NA,NA,NA,NA,NA,NA,NA
etanercept,2020-08-01,17410,422,17832,0.9763346792283535,140,1,9,1,40,1,40,0,0,0,0,NA,NA,0,0,0,0,0,0,NA,NA,NA,NA,NA,NA,NA,NA,NA,NA,NA,NA,NA,NA,NA,NA
etanercept,2020-09-01,16142,392,16534,0.9762912785774767,141,1,10,1,41,1,41,0,0,0,0,NA,NA,0,0,0,0,0,0,NA,NA,NA,NA,NA,NA,NA,NA,NA,NA,NA,NA,NA,NA,NA,NA
etanercept,2020-10-01,17722,438,18160,0.9758810572687224,142,1,11,1,42,1,42,0,0,0,0,NA,NA,0,0,0,0,0,0,NA,NA,NA,NA,NA,NA,NA,NA,NA,NA,NA,NA,NA,NA,NA,NA
etanercept,2020-11-01,15912,392,16304,0.9759568204121688,143,1,12,1,43,1,43,0,0,0,0,NA,NA,0,0,0,0,0,0,NA,NA,NA,NA,NA,NA,NA,NA,NA,NA,NA,NA,NA,NA,NA,NA
etanercept,2020-12-01,17740,502,18242,0.9724810876000438,144,1,13,1,44,1,44,0,0,0,0,NA,NA,0,0,0,0,0,0,NA,NA,NA,NA,NA,NA,NA,NA,NA,NA,NA,NA,NA,NA,NA,NA
etanercept,2021-01-01,17502,406,17908,0.9773285682376591,145,1,14,1,45,1,45,0,0,0,0,NA,NA,0,0,0,0,0,0,NA,NA,NA,NA,NA,NA,NA,NA,NA,NA,NA,NA,NA,NA,NA,NA
etanercept,2021-02-01,16192,394,16586,0.9762450259254793,146,1,15,1,46,1,46,0,0,0,0,NA,NA,0,0,0,0,0,0,NA,NA,NA,NA,NA,NA,NA,NA,NA,NA,NA,NA,NA,NA,NA,NA
etanercept,2021-03-01,15110,410,15520,0.9735824742268041,147,1,16,1,47,1,47,0,0,0,0,NA,NA,0,0,0,0,0,0,NA,NA,NA,NA,NA,NA,NA,NA,NA,NA,NA,NA,NA,NA,NA,NA
etanercept,2021-04-01,16360,416,16776,0.9752026704816404,148,1,17,1,48,1,48,0,0,0,0,NA,NA,0,0,0,0,0,0,NA,NA,NA,NA,NA,NA,NA,NA,NA,NA,NA,NA,NA,NA,NA,NA
etanercept,2021-05-01,16150,386,16536,0.9766569908079342,149,1,18,1,49,1,49,0,0,0,0,NA,NA,0,0,0,0,0,0,NA,NA,NA,NA,NA,NA,NA,NA,NA,NA,NA,NA,NA,NA,NA,NA
etanercept,2021-06-01,16296,348,16644,0.9790915645277577,150,1,19,1,50,1,50,0,0,0,0,NA,NA,0,0,0,0,0,0,NA,NA,NA,NA,NA,NA,NA,NA,NA,NA,NA,NA,NA,NA,NA,NA
etanercept,2021-07-01,17418,410,17828,0.9770024680278214,151,1,20,1,51,1,51,0,0,0,0,NA,NA,0,0,0,0,0,0,NA,NA,NA,NA,NA,NA,NA,NA,NA,NA,NA,NA,NA,NA,NA,NA
etanercept,2021-08-01,16926,387,17313,0.9776468549644776,152,1,21,1,52,1,52,0,0,0,0,NA,NA,0,0,0,0,0,0,NA,NA,NA,NA,NA,NA,NA,NA,NA,NA,NA,NA,NA,NA,NA,NA
etanercept,2021-09-01,16691,354,17045,0.979231446171898,153,1,22,1,53,1,53,0,0,0,0,NA,NA,0,0,0,0,0,0,NA,NA,NA,NA,NA,NA,NA,NA,NA,NA,NA,NA,NA,NA,NA,NA
etanercept,2021-10-01,16825,323,17148,0.9811639841380919,154,1,23,1,54,1,54,0,0,0,0,NA,NA,0,0,0,0,0,0,NA,NA,NA,NA,NA,NA,NA,NA,NA,NA,NA,NA,NA,NA,NA,NA
etanercept,2021-11-01,16810,332,17142,0.9806323649515809,155,1,24,1,55,1,55,0,0,0,0,NA,NA,0,0,0,0,0,0,NA,NA,NA,NA,NA,NA,NA,NA,NA,NA,NA,NA,NA,NA,NA,NA
etanercept,2021-12-01,18639,409,19048,0.9785279294414112,156,1,25,1,56,1,56,0,0,0,0,NA,NA,0,0,0,0,0,0,NA,NA,NA,NA,NA,NA,NA,NA,NA,NA,NA,NA,NA,NA,NA,NA
etanercept,2022-01-01,16630,289,16919,0.9829186122111236,157,1,26,1,57,1,57,0,0,0,0,NA,NA,0,0,0,0,0,0,NA,NA,NA,NA,NA,NA,NA,NA,NA,NA,NA,NA,NA,NA,NA,NA
etanercept,2022-02-01,15306,269,15575,0.9827287319422151,158,1,27,1,58,1,58,0,0,0,0,NA,NA,0,0,0,0,0,0,NA,NA,NA,NA,NA,NA,NA,NA,NA,NA,NA,NA,NA,NA,NA,NA
etanercept,2022-03-01,18012,340,18352,0.9814734088927637,159,1,28,1,59,1,59,0,0,0,0,NA,NA,0,0,0,0,0,0,NA,NA,NA,NA,NA,NA,NA,NA,NA,NA,NA,NA,NA,NA,NA,NA
etanercept,2022-04-01,17681,280,17961,0.9844106675574856,160,1,29,1,60,1,60,0,0,0,0,NA,NA,0,0,0,0,0,0,NA,NA,NA,NA,NA,NA,NA,NA,NA,NA,NA,NA,NA,NA,NA,NA
etanercept,2022-05-01,17274,326,17600,0.9814772727272727,161,1,30,1,61,1,61,0,0,0,0,NA,NA,0,0,0,0,0,0,NA,NA,NA,NA,NA,NA,NA,NA,NA,NA,NA,NA,NA,NA,NA,NA
etanercept,2022-06-01,17552,318,17870,0.9822048125349748,162,1,31,1,62,1,62,0,0,0,0,NA,NA,0,0,0,0,0,0,NA,NA,NA,NA,NA,NA,NA,NA,NA,NA,NA,NA,NA,NA,NA,NA
etanercept,2022-07-01,8515,134,8649,0.9845068794080241,163,1,32,1,63,1,63,0,0,0,0,NA,NA,0,0,0,0,0,0,NA,NA,NA,NA,NA,NA,NA,NA,NA,NA,NA,NA,NA,NA,NA,NA
etanercept,2022-08-01,8996,156,9152,0.9829545454545454,164,1,33,1,64,1,64,0,0,0,0,NA,NA,0,0,0,0,0,0,NA,NA,NA,NA,NA,NA,NA,NA,NA,NA,NA,NA,NA,NA,NA,NA
etanercept,2022-09-01,8491,143,8634,0.9834375723882326,165,1,34,1,65,1,65,0,0,0,0,NA,NA,0,0,0,0,0,0,NA,NA,NA,NA,NA,NA,NA,NA,NA,NA,NA,NA,NA,NA,NA,NA
etanercept,2022-10-01,8763,148,8911,0.9833913141061609,166,1,35,1,66,1,66,0,0,0,0,NA,NA,0,0,0,0,0,0,NA,NA,NA,NA,NA,NA,NA,NA,NA,NA,NA,NA,NA,NA,NA,NA
etanercept,2022-11-01,8738,146,8884,0.9835659612787033,167,1,36,1,67,1,67,0,0,0,0,NA,NA,0,0,0,0,0,0,NA,NA,NA,NA,NA,NA,NA,NA,NA,NA,NA,NA,NA,NA,NA,NA
etanercept,2022-12-01,9299,143,9442,0.9848549036221139,168,1,37,1,68,1,68,0,0,0,0,NA,NA,0,0,0,0,0,0,NA,NA,NA,NA,NA,NA,NA,NA,NA,NA,NA,NA,NA,NA,NA,NA
etanercept,2023-01-01,8175,139,8314,0.9832812124127976,169,1,38,1,69,1,69,0,0,0,0,NA,NA,0,0,0,0,0,0,NA,NA,NA,NA,NA,NA,NA,NA,NA,NA,NA,NA,NA,NA,NA,NA
etanercept,2023-02-01,8020,123,8143,0.9848950018420729,170,1,39,1,70,1,70,0,0,0,0,NA,NA,0,0,0,0,0,0,NA,NA,NA,NA,NA,NA,NA,NA,NA,NA,NA,NA,NA,NA,NA,NA
etanercept,2023-03-01,10013,156,10169,0.984659258530829,171,1,40,1,71,1,71,0,0,0,0,NA,NA,0,0,0,0,0,0,NA,NA,NA,NA,NA,NA,NA,NA,NA,NA,NA,NA,NA,NA,NA,NA
etanercept,2023-04-01,7835,115,7950,0.9855345911949686,172,1,41,1,72,1,72,0,0,0,0,NA,NA,0,0,0,0,0,0,NA,NA,NA,NA,NA,NA,NA,NA,NA,NA,NA,NA,NA,NA,NA,NA
etanercept,2023-05-01,8837,145,8982,0.983856602093075,173,1,42,1,73,1,73,0,0,0,0,NA,NA,0,0,0,0,0,0,NA,NA,NA,NA,NA,NA,NA,NA,NA,NA,NA,NA,NA,NA,NA,NA
etanercept,2023-06-01,8540,143,8683,0.983531037659795,174,1,43,1,74,1,74,0,0,0,0,NA,NA,0,0,0,0,0,0,NA,NA,NA,NA,NA,NA,NA,NA,NA,NA,NA,NA,NA,NA,NA,NA
etanercept,2023-07-01,8600,145,8745,0.9834190966266438,175,1,44,1,75,1,75,0,0,0,0,NA,NA,0,0,0,0,0,0,NA,NA,NA,NA,NA,NA,NA,NA,NA,NA,NA,NA,NA,NA,NA,NA
etanercept,2023-08-01,9122,141,9263,0.9847781496275505,176,1,45,1,76,1,76,0,0,0,0,NA,NA,0,0,0,0,0,0,NA,NA,NA,NA,NA,NA,NA,NA,NA,NA,NA,NA,NA,NA,NA,NA
etanercept,2023-09-01,8576,125,8701,0.9856338351913573,177,1,46,1,77,1,77,0,0,0,0,NA,NA,0,0,0,0,0,0,NA,NA,NA,NA,NA,NA,NA,NA,NA,NA,NA,NA,NA,NA,NA,NA
etanercept,2023-10-01,8988,139,9127,0.984770461268763,178,1,47,1,78,1,78,0,0,0,0,NA,NA,0,0,0,0,0,0,NA,NA,NA,NA,NA,NA,NA,NA,NA,NA,NA,NA,NA,NA,NA,NA
etanercept,2023-11-01,9087,143,9230,0.9845070422535211,179,1,48,1,79,1,79,0,0,0,0,NA,NA,1,0,1,0,0,0,NA,NA,NA,NA,NA,NA,NA,NA,NA,NA,NA,NA,NA,NA,NA,NA
etanercept,2023-12-01,9362,134,9496,0.9858887952822241,180,1,49,1,80,1,80,0,0,0,0,NA,NA,1,1,1,1,1,0,NA,NA,NA,NA,NA,NA,NA,NA,NA,NA,NA,NA,NA,NA,NA,NA
etanercept,2024-01-01,8539,122,8661,0.9859138667590348,181,1,50,1,81,1,81,0,0,0,0,NA,NA,1,2,1,2,1,1,NA,NA,NA,NA,NA,NA,NA,NA,NA,NA,NA,NA,NA,NA,NA,NA
etanercept,2024-02-01,8562,134,8696,0.984590616375345,182,1,51,1,82,1,82,0,0,0,0,NA,NA,1,3,1,3,1,2,NA,NA,NA,NA,NA,NA,NA,NA,NA,NA,NA,NA,NA,NA,NA,NA
etanercept,2024-03-01,8855,130,8985,0.9855314412910406,183,1,52,1,83,1,83,0,0,0,0,NA,NA,1,4,1,4,1,3,NA,NA,NA,NA,NA,NA,NA,NA,NA,NA,NA,NA,NA,NA,NA,NA
etanercept,2024-04-01,9090,132,9222,0.9856864020819779,184,1,53,1,84,1,84,0,0,0,0,NA,NA,1,5,1,5,1,4,NA,NA,NA,NA,NA,NA,NA,NA,NA,NA,NA,NA,NA,NA,NA,NA
etanercept,2024-05-01,9424,132,9556,0.9861866889912098,185,1,54,1,85,1,85,0,0,0,0,NA,NA,1,6,1,6,1,5,NA,NA,NA,NA,NA,NA,NA,NA,NA,NA,NA,NA,NA,NA,NA,NA
etanercept,2024-06-01,8628,117,8745,0.9866209262435678,186,1,55,1,86,1,86,0,0,0,0,NA,NA,1,7,1,7,1,6,NA,NA,NA,NA,NA,NA,NA,NA,NA,NA,NA,NA,NA,NA,NA,NA
etanercept,2024-07-01,9525,134,9659,0.9861269282534424,187,1,56,1,87,1,87,0,0,0,0,NA,NA,1,8,1,8,1,7,NA,NA,NA,NA,NA,NA,NA,NA,NA,NA,NA,NA,NA,NA,NA,NA
etanercept,2024-08-01,9243,133,9376,0.9858148464163823,188,1,57,1,88,1,88,0,0,0,0,NA,NA,1,9,1,9,1,8,NA,NA,NA,NA,NA,NA,NA,NA,NA,NA,NA,NA,NA,NA,NA,NA
etanercept,2024-09-01,8838,114,8952,0.9872654155495979,189,1,58,1,89,1,89,0,0,0,0,NA,NA,1,10,1,10,1,9,NA,NA,NA,NA,NA,NA,NA,NA,NA,NA,NA,NA,NA,NA,NA,NA
etanercept,2024-10-01,9402,124,9526,0.9869829939114004,190,1,59,1,90,1,90,0,0,0,0,NA,NA,1,11,1,11,1,10,NA,NA,NA,NA,NA,NA,NA,NA,NA,NA,NA,NA,NA,NA,NA,NA
etanercept,2024-11-01,8923,109,9032,0.9879317980513729,191,1,60,1,91,1,91,0,0,0,0,NA,NA,1,12,1,12,1,11,NA,NA,NA,NA,NA,NA,NA,NA,NA,NA,NA,NA,NA,NA,NA,NA
etanercept,2024-12-01,9787,115,9902,0.9883861846091698,192,1,61,1,92,1,92,0,0,0,0,NA,NA,1,13,1,13,1,12,NA,NA,NA,NA,NA,NA,NA,NA,NA,NA,NA,NA,NA,NA,NA,NA
etanercept,2025-01-01,8489,114,8603,0.9867488085551552,193,1,62,1,93,1,93,0,0,0,0,NA,NA,1,14,1,14,1,13,NA,NA,NA,NA,NA,NA,NA,NA,NA,NA,NA,NA,NA,NA,NA,NA
etanercept,2025-02-01,8279,107,8386,0.9872406391605056,194,1,63,1,94,1,94,0,0,0,0,NA,NA,1,15,1,15,1,14,NA,NA,NA,NA,NA,NA,NA,NA,NA,NA,NA,NA,NA,NA,NA,NA
etanercept,2025-03-01,9066,102,9168,0.9888743455497382,195,1,64,1,95,1,95,0,0,0,0,NA,NA,1,16,1,16,1,15,NA,NA,NA,NA,NA,NA,NA,NA,NA,NA,NA,NA,NA,NA,NA,NA
etanercept,2025-04-01,8979,96,9075,0.9894214876033058,196,1,65,1,96,1,96,0,0,0,0,NA,NA,1,17,1,17,1,16,NA,NA,NA,NA,NA,NA,NA,NA,NA,NA,NA,NA,NA,NA,NA,NA
etanercept,2025-05-01,9187,110,9297,0.9881682263095622,197,1,66,1,97,1,97,0,0,0,0,NA,NA,1,18,1,18,1,17,NA,NA,NA,NA,NA,NA,NA,NA,NA,NA,NA,NA,NA,NA,NA,NA
etanercept,2025-06-01,8589,95,8684,0.989060340856748,198,1,67,1,98,1,98,0,0,0,0,NA,NA,1,19,1,19,1,18,NA,NA,NA,NA,NA,NA,NA,NA,NA,NA,NA,NA,NA,NA,NA,NA
etanercept,2025-07-01,9104,105,9209,0.988598110544033,199,1,68,1,99,1,99,1,0,0,0,NA,NA,1,20,1,20,1,19,NA,NA,NA,NA,NA,NA,NA,NA,NA,NA,NA,NA,NA,NA,NA,NA
etanercept,2025-08-01,8811,93,8904,0.9895552560646901,200,1,69,1,100,1,100,1,1,0,0,NA,NA,1,21,1,21,1,20,NA,NA,NA,NA,NA,NA,NA,NA,NA,NA,NA,NA,NA,NA,NA,NA
etanercept,2025-09-01,8880,102,8982,0.9886439545758183,201,1,70,1,101,1,101,1,2,0,0,NA,NA,1,22,1,22,1,21,NA,NA,NA,NA,NA,NA,NA,NA,NA,NA,NA,NA,NA,NA,NA,NA
etanercept,2025-10-01,9142,98,9240,0.9893939393939394,202,1,71,1,102,1,102,1,3,1,0,NA,NA,1,23,1,23,1,22,NA,NA,NA,NA,NA,NA,NA,NA,NA,NA,NA,NA,NA,NA,NA,NA
etanercept,2025-11-01,8662,97,8759,0.988925676447083,203,1,72,1,103,1,103,1,4,1,1,NA,NA,1,24,1,24,1,23,NA,NA,NA,NA,NA,NA,NA,NA,NA,NA,NA,NA,NA,NA,NA,NA
filgrastim,2021-07-01,1541,28,1569,0.9821542383683876,1,1,20,1,123,1,123,1,94,1,87,NA,NA,NA,NA,NA,NA,NA,NA,1,19,NA,NA,0,0,0,0,NA,NA,NA,NA,NA,NA,NA,NA
filgrastim,2021-08-01,1553,27,1580,0.9829113924050633,2,1,21,1,124,1,124,1,95,1,88,NA,NA,NA,NA,NA,NA,NA,NA,1,20,NA,NA,0,0,0,0,NA,NA,NA,NA,NA,NA,NA,NA
filgrastim,2021-09-01,1516,28,1544,0.9818652849740933,3,1,22,1,125,1,125,1,96,1,89,NA,NA,NA,NA,NA,NA,NA,NA,1,21,NA,NA,0,0,0,0,NA,NA,NA,NA,NA,NA,NA,NA
filgrastim,2021-10-01,1566,30,1596,0.981203007518797,4,1,23,1,126,1,126,1,97,1,90,NA,NA,NA,NA,NA,NA,NA,NA,1,22,NA,NA,0,0,0,0,NA,NA,NA,NA,NA,NA,NA,NA
filgrastim,2021-11-01,1606,29,1635,0.982262996941896,5,1,24,1,127,1,127,1,98,1,91,NA,NA,NA,NA,NA,NA,NA,NA,1,23,NA,NA,0,0,0,0,NA,NA,NA,NA,NA,NA,NA,NA
filgrastim,2021-12-01,1571,25,1596,0.9843358395989975,6,1,25,1,128,1,128,1,99,1,92,NA,NA,NA,NA,NA,NA,NA,NA,1,24,NA,NA,0,0,0,0,NA,NA,NA,NA,NA,NA,NA,NA
filgrastim,2022-01-01,1473,17,1490,0.9885906040268456,7,1,26,1,129,1,129,1,100,1,93,NA,NA,NA,NA,NA,NA,NA,NA,1,25,NA,NA,0,0,0,0,NA,NA,NA,NA,NA,NA,NA,NA
filgrastim,2022-02-01,1465,17,1482,0.9885290148448043,8,1,27,1,130,1,130,1,101,1,94,NA,NA,NA,NA,NA,NA,NA,NA,1,26,NA,NA,0,0,0,0,NA,NA,NA,NA,NA,NA,NA,NA
filgrastim,2022-03-01,1650,26,1676,0.9844868735083532,9,1,28,1,131,1,131,1,102,1,95,NA,NA,NA,NA,NA,NA,NA,NA,1,27,NA,NA,0,0,0,0,NA,NA,NA,NA,NA,NA,NA,NA
filgrastim,2022-04-01,1493,25,1518,0.9835309617918313,10,1,29,1,132,1,132,1,103,1,96,NA,NA,NA,NA,NA,NA,NA,NA,1,28,NA,NA,0,0,0,0,NA,NA,NA,NA,NA,NA,NA,NA
filgrastim,2022-05-01,1608,22,1630,0.9865030674846625,11,1,30,1,133,1,133,1,104,1,97,NA,NA,NA,NA,NA,NA,NA,NA,1,29,NA,NA,0,0,0,0,NA,NA,NA,NA,NA,NA,NA,NA
filgrastim,2022-06-01,1570,35,1605,0.9781931464174455,12,1,31,1,134,1,134,1,105,1,98,NA,NA,NA,NA,NA,NA,NA,NA,1,30,NA,NA,0,0,0,0,NA,NA,NA,NA,NA,NA,NA,NA
filgrastim,2022-07-01,1598,30,1628,0.9815724815724816,13,1,32,1,135,1,135,1,106,1,99,NA,NA,NA,NA,NA,NA,NA,NA,1,31,NA,NA,0,0,0,0,NA,NA,NA,NA,NA,NA,NA,NA
filgrastim,2022-08-01,1677,32,1709,0.981275599765945,14,1,33,1,136,1,136,1,107,1,100,NA,NA,NA,NA,NA,NA,NA,NA,1,32,NA,NA,0,0,0,0,NA,NA,NA,NA,NA,NA,NA,NA
filgrastim,2022-09-01,1639,27,1666,0.9837935174069627,15,1,34,1,137,1,137,1,108,1,101,NA,NA,NA,NA,NA,NA,NA,NA,1,33,NA,NA,0,0,0,0,NA,NA,NA,NA,NA,NA,NA,NA
filgrastim,2022-10-01,1657,24,1681,0.9857227840571089,16,1,35,1,138,1,138,1,109,1,102,NA,NA,NA,NA,NA,NA,NA,NA,1,34,NA,NA,0,0,0,0,NA,NA,NA,NA,NA,NA,NA,NA
filgrastim,2022-11-01,1790,32,1822,0.9824368825466521,17,1,36,1,139,1,139,1,110,1,103,NA,NA,NA,NA,NA,NA,NA,NA,1,35,NA,NA,0,0,0,0,NA,NA,NA,NA,NA,NA,NA,NA
filgrastim,2022-12-01,1782,44,1826,0.9759036144578314,18,1,37,1,140,1,140,1,111,1,104,NA,NA,NA,NA,NA,NA,NA,NA,1,36,NA,NA,0,0,0,0,NA,NA,NA,NA,NA,NA,NA,NA
filgrastim,2023-01-01,1671,24,1695,0.9858407079646018,19,1,38,1,141,1,141,1,112,1,105,NA,NA,NA,NA,NA,NA,NA,NA,1,37,NA,NA,0,0,0,0,NA,NA,NA,NA,NA,NA,NA,NA
filgrastim,2023-02-01,1621,20,1641,0.987812309567337,20,1,39,1,142,1,142,1,113,1,106,NA,NA,NA,NA,NA,NA,NA,NA,1,38,NA,NA,0,0,0,0,NA,NA,NA,NA,NA,NA,NA,NA
filgrastim,2023-03-01,1964,31,1995,0.9844611528822055,21,1,40,1,143,1,143,1,114,1,107,NA,NA,NA,NA,NA,NA,NA,NA,1,39,NA,NA,0,0,0,0,NA,NA,NA,NA,NA,NA,NA,NA
filgrastim,2023-04-01,1641,33,1674,0.9802867383512545,22,1,41,1,144,1,144,1,115,1,108,NA,NA,NA,NA,NA,NA,NA,NA,1,40,NA,NA,0,0,0,0,NA,NA,NA,NA,NA,NA,NA,NA
filgrastim,2023-05-01,1803,42,1845,0.9772357723577236,23,1,42,1,145,1,145,1,116,1,109,NA,NA,NA,NA,NA,NA,NA,NA,1,41,NA,NA,0,0,0,0,NA,NA,NA,NA,NA,NA,NA,NA
filgrastim,2023-06-01,1835,35,1870,0.9812834224598931,24,1,43,1,146,1,146,1,117,1,110,NA,NA,NA,NA,NA,NA,NA,NA,1,42,NA,NA,0,0,0,0,NA,NA,NA,NA,NA,NA,NA,NA
filgrastim,2023-07-01,1753,40,1793,0.9776910206358059,25,1,44,1,147,1,147,1,118,1,111,NA,NA,NA,NA,NA,NA,NA,NA,1,43,NA,NA,0,0,0,0,NA,NA,NA,NA,NA,NA,NA,NA
filgrastim,2023-08-01,1912,31,1943,0.9840452907874421,26,1,45,1,148,1,148,1,119,1,112,NA,NA,NA,NA,NA,NA,NA,NA,1,44,NA,NA,0,0,0,0,NA,NA,NA,NA,NA,NA,NA,NA
filgrastim,2023-09-01,1813,19,1832,0.9896288209606987,27,1,46,1,149,1,149,1,120,1,113,NA,NA,NA,NA,NA,NA,NA,NA,1,45,NA,NA,0,0,0,0,NA,NA,NA,NA,NA,NA,NA,NA
filgrastim,2023-10-01,1899,47,1946,0.9758478931140802,28,1,47,1,150,1,150,1,121,1,114,NA,NA,NA,NA,NA,NA,NA,NA,1,46,NA,NA,0,0,0,0,NA,NA,NA,NA,NA,NA,NA,NA
filgrastim,2023-11-01,1976,38,2014,0.9811320754716981,29,1,48,1,151,1,151,1,122,1,115,NA,NA,NA,NA,NA,NA,NA,NA,1,47,NA,NA,1,0,0,0,NA,NA,NA,NA,NA,NA,NA,NA
filgrastim,2023-12-01,1848,50,1898,0.9736564805057956,30,1,49,1,152,1,152,1,123,1,116,NA,NA,NA,NA,NA,NA,NA,NA,1,48,NA,NA,1,1,1,0,NA,NA,NA,NA,NA,NA,NA,NA
filgrastim,2024-01-01,1768,30,1798,0.9833147942157954,31,1,50,1,153,1,153,1,124,1,117,NA,NA,NA,NA,NA,NA,NA,NA,1,49,NA,NA,1,2,1,1,NA,NA,NA,NA,NA,NA,NA,NA
filgrastim,2024-02-01,1803,28,1831,0.9847078099399236,32,1,51,1,154,1,154,1,125,1,118,NA,NA,NA,NA,NA,NA,NA,NA,1,50,NA,NA,1,3,1,2,NA,NA,NA,NA,NA,NA,NA,NA
filgrastim,2024-03-01,1845,0,1845,1,33,1,52,1,155,1,155,1,126,1,119,NA,NA,NA,NA,NA,NA,NA,NA,1,51,NA,NA,1,4,1,3,NA,NA,NA,NA,NA,NA,NA,NA
filgrastim,2024-04-01,1919,0,1919,1,34,1,53,1,156,1,156,1,127,1,120,NA,NA,NA,NA,NA,NA,NA,NA,1,52,NA,NA,1,5,1,4,NA,NA,NA,NA,NA,NA,NA,NA
filgrastim,2024-05-01,2036,0,2036,1,35,1,54,1,157,1,157,1,128,1,121,NA,NA,NA,NA,NA,NA,NA,NA,1,53,NA,NA,1,6,1,5,NA,NA,NA,NA,NA,NA,NA,NA
filgrastim,2024-06-01,1722,0,1722,1,36,1,55,1,158,1,158,1,129,1,122,NA,NA,NA,NA,NA,NA,NA,NA,1,54,NA,NA,1,7,1,6,NA,NA,NA,NA,NA,NA,NA,NA
filgrastim,2024-07-01,1995,0,1995,1,37,1,56,1,159,1,159,1,130,1,123,NA,NA,NA,NA,NA,NA,NA,NA,1,55,NA,NA,1,8,1,7,NA,NA,NA,NA,NA,NA,NA,NA
filgrastim,2024-08-01,1909,0,1909,1,38,1,57,1,160,1,160,1,131,1,124,NA,NA,NA,NA,NA,NA,NA,NA,1,56,NA,NA,1,9,1,8,NA,NA,NA,NA,NA,NA,NA,NA
filgrastim,2024-09-01,1995,0,1995,1,39,1,58,1,161,1,161,1,132,1,125,NA,NA,NA,NA,NA,NA,NA,NA,1,57,NA,NA,1,10,1,9,NA,NA,NA,NA,NA,NA,NA,NA
filgrastim,2024-10-01,2192,0,2192,1,40,1,59,1,162,1,162,1,133,1,126,NA,NA,NA,NA,NA,NA,NA,NA,1,58,NA,NA,1,11,1,10,NA,NA,NA,NA,NA,NA,NA,NA
filgrastim,2024-11-01,2030,0,2030,1,41,1,60,1,163,1,163,1,134,1,127,NA,NA,NA,NA,NA,NA,NA,NA,1,59,NA,NA,1,12,1,11,NA,NA,NA,NA,NA,NA,NA,NA
filgrastim,2024-12-01,2102,0,2102,1,42,1,61,1,164,1,164,1,135,1,128,NA,NA,NA,NA,NA,NA,NA,NA,1,60,NA,NA,1,13,1,12,NA,NA,NA,NA,NA,NA,NA,NA
filgrastim,2025-01-01,1999,0,1999,1,43,1,62,1,165,1,165,1,136,1,129,NA,NA,NA,NA,NA,NA,NA,NA,1,61,NA,NA,1,14,1,13,NA,NA,NA,NA,NA,NA,NA,NA
filgrastim,2025-02-01,1870,0,1870,1,44,1,63,1,166,1,166,1,137,1,130,NA,NA,NA,NA,NA,NA,NA,NA,1,62,NA,NA,1,15,1,14,NA,NA,NA,NA,NA,NA,NA,NA
filgrastim,2025-03-01,1944,0,1944,1,45,1,64,1,167,1,167,1,138,1,131,NA,NA,NA,NA,NA,NA,NA,NA,1,63,NA,NA,1,16,1,15,NA,NA,NA,NA,NA,NA,NA,NA
filgrastim,2025-04-01,2000,0,2000,1,46,1,65,1,168,1,168,1,139,1,132,NA,NA,NA,NA,NA,NA,NA,NA,1,64,NA,NA,1,17,1,16,NA,NA,NA,NA,NA,NA,NA,NA
filgrastim,2025-05-01,2051,0,2051,1,47,1,66,1,169,1,169,1,140,1,133,NA,NA,NA,NA,NA,NA,NA,NA,1,65,NA,NA,1,18,1,17,NA,NA,NA,NA,NA,NA,NA,NA
filgrastim,2025-06-01,1951,0,1951,1,48,1,67,1,170,1,170,1,141,1,134,NA,NA,NA,NA,NA,NA,NA,NA,1,66,NA,NA,1,19,1,18,NA,NA,NA,NA,NA,NA,NA,NA
filgrastim,2025-07-01,2113,0,2113,1,49,1,68,1,171,1,171,1,142,1,135,NA,NA,NA,NA,NA,NA,NA,NA,1,67,NA,NA,1,20,1,19,NA,NA,NA,NA,NA,NA,NA,NA
filgrastim,2025-08-01,2148,0,2148,1,50,1,69,1,172,1,172,1,143,1,136,NA,NA,NA,NA,NA,NA,NA,NA,1,68,NA,NA,1,21,1,20,NA,NA,NA,NA,NA,NA,NA,NA
filgrastim,2025-09-01,2129,0,2129,1,51,1,70,1,173,1,173,1,144,1,137,NA,NA,NA,NA,NA,NA,NA,NA,1,69,NA,NA,1,22,1,21,NA,NA,NA,NA,NA,NA,NA,NA
filgrastim,2025-10-01,2167,0,2167,1,52,1,71,1,174,1,174,1,145,1,138,NA,NA,NA,NA,NA,NA,NA,NA,1,70,NA,NA,1,23,1,22,NA,NA,NA,NA,NA,NA,NA,NA
filgrastim,2025-11-01,2009,0,2009,1,53,1,72,1,175,1,175,1,146,1,139,NA,NA,NA,NA,NA,NA,NA,NA,1,71,NA,NA,1,24,1,23,NA,NA,NA,NA,NA,NA,NA,NA
infliximab,2009-01-01,0,2068,2068,0,1,0,0,0,0,0,0,0,0,0,0,NA,NA,0,0,0,0,0,0,0,0,NA,NA,NA,NA,NA,NA,0,0,NA,NA,NA,NA,NA,NA
infliximab,2009-02-01,0,2374,2374,0,2,0,0,0,0,0,0,0,0,0,0,NA,NA,0,0,0,0,0,0,0,0,NA,NA,NA,NA,NA,NA,0,0,NA,NA,NA,NA,NA,NA
infliximab,2009-03-01,0,2102,2102,0,3,0,0,0,0,0,0,0,0,0,0,NA,NA,0,0,0,0,0,0,0,0,NA,NA,NA,NA,NA,NA,0,0,NA,NA,NA,NA,NA,NA
infliximab,2009-04-01,0,2422,2422,0,4,0,0,0,0,0,0,0,0,0,0,NA,NA,0,0,0,0,0,0,0,0,NA,NA,NA,NA,NA,NA,0,0,NA,NA,NA,NA,NA,NA
infliximab,2009-05-01,0,2430,2430,0,5,0,0,0,0,0,0,0,0,0,0,NA,NA,0,0,0,0,0,0,0,0,NA,NA,NA,NA,NA,NA,0,0,NA,NA,NA,NA,NA,NA
infliximab,2009-06-01,0,2268,2268,0,6,0,0,0,0,0,0,0,0,0,0,NA,NA,0,0,0,0,0,0,0,0,NA,NA,NA,NA,NA,NA,0,0,NA,NA,NA,NA,NA,NA
infliximab,2009-07-01,0,2048,2048,0,7,0,0,0,0,0,0,0,0,0,0,NA,NA,0,0,0,0,0,0,0,0,NA,NA,NA,NA,NA,NA,0,0,NA,NA,NA,NA,NA,NA
infliximab,2009-08-01,0,2134,2134,0,8,0,0,0,0,0,0,0,0,0,0,NA,NA,0,0,0,0,0,0,0,0,NA,NA,NA,NA,NA,NA,0,0,NA,NA,NA,NA,NA,NA
infliximab,2009-09-01,0,2306,2306,0,9,0,0,0,0,0,0,0,0,0,0,NA,NA,0,0,0,0,0,0,0,0,NA,NA,NA,NA,NA,NA,0,0,NA,NA,NA,NA,NA,NA
infliximab,2009-10-01,0,2316,2316,0,10,0,0,0,0,0,0,0,0,0,0,NA,NA,0,0,0,0,0,0,0,0,NA,NA,NA,NA,NA,NA,0,0,NA,NA,NA,NA,NA,NA
infliximab,2009-11-01,0,1902,1902,0,11,0,0,0,0,0,0,0,0,0,0,NA,NA,0,0,0,0,0,0,0,0,NA,NA,NA,NA,NA,NA,0,0,NA,NA,NA,NA,NA,NA
infliximab,2009-12-01,0,2182,2182,0,12,0,0,0,0,0,0,0,0,0,0,NA,NA,0,0,0,0,0,0,0,0,NA,NA,NA,NA,NA,NA,0,0,NA,NA,NA,NA,NA,NA
infliximab,2010-01-01,0,2538,2538,0,13,0,0,0,0,0,0,0,0,0,0,NA,NA,0,0,0,0,0,0,0,0,NA,NA,NA,NA,NA,NA,0,0,NA,NA,NA,NA,NA,NA
infliximab,2010-02-01,0,2652,2652,0,14,0,0,0,0,0,0,0,0,0,0,NA,NA,0,0,0,0,0,0,0,0,NA,NA,NA,NA,NA,NA,0,0,NA,NA,NA,NA,NA,NA
infliximab,2010-03-01,0,2206,2206,0,15,0,0,0,0,0,0,0,0,0,0,NA,NA,0,0,0,0,0,0,0,0,NA,NA,NA,NA,NA,NA,0,0,NA,NA,NA,NA,NA,NA
infliximab,2010-04-01,0,2162,2162,0,16,0,0,0,0,0,0,0,0,0,0,NA,NA,0,0,0,0,0,0,0,0,NA,NA,NA,NA,NA,NA,0,0,NA,NA,NA,NA,NA,NA
infliximab,2010-05-01,0,2240,2240,0,17,0,0,0,0,0,0,0,0,0,0,NA,NA,0,0,0,0,0,0,0,0,NA,NA,NA,NA,NA,NA,0,0,NA,NA,NA,NA,NA,NA
infliximab,2010-06-01,0,2154,2154,0,18,0,0,0,0,0,0,0,0,0,0,NA,NA,0,0,0,0,0,0,0,0,NA,NA,NA,NA,NA,NA,0,0,NA,NA,NA,NA,NA,NA
infliximab,2010-07-01,0,2702,2702,0,19,0,0,0,0,0,0,0,0,0,0,NA,NA,0,0,0,0,0,0,0,0,NA,NA,NA,NA,NA,NA,0,0,NA,NA,NA,NA,NA,NA
infliximab,2010-08-01,0,2076,2076,0,20,0,0,0,0,0,0,0,0,0,0,NA,NA,0,0,0,0,0,0,0,0,NA,NA,NA,NA,NA,NA,0,0,NA,NA,NA,NA,NA,NA
infliximab,2010-09-01,0,2196,2196,0,21,0,0,0,0,0,0,0,0,0,0,NA,NA,0,0,0,0,0,0,0,0,NA,NA,NA,NA,NA,NA,0,0,NA,NA,NA,NA,NA,NA
infliximab,2010-10-01,0,2174,2174,0,22,0,0,0,0,0,0,0,0,0,0,NA,NA,0,0,0,0,0,0,0,0,NA,NA,NA,NA,NA,NA,0,0,NA,NA,NA,NA,NA,NA
infliximab,2010-11-01,0,2246,2246,0,23,0,0,0,0,0,0,0,0,0,0,NA,NA,0,0,0,0,0,0,0,0,NA,NA,NA,NA,NA,NA,0,0,NA,NA,NA,NA,NA,NA
infliximab,2010-12-01,0,1894,1894,0,24,0,0,0,0,0,0,0,0,0,0,NA,NA,0,0,0,0,0,0,0,0,NA,NA,NA,NA,NA,NA,0,0,NA,NA,NA,NA,NA,NA
infliximab,2011-01-01,0,2594,2594,0,25,0,0,0,0,0,0,0,0,0,0,NA,NA,0,0,0,0,0,0,0,0,NA,NA,NA,NA,NA,NA,0,0,NA,NA,NA,NA,NA,NA
infliximab,2011-02-01,0,2676,2676,0,26,0,0,0,0,0,0,0,0,0,0,NA,NA,0,0,0,0,0,0,0,0,NA,NA,NA,NA,NA,NA,0,0,NA,NA,NA,NA,NA,NA
infliximab,2011-03-01,0,2692,2692,0,27,0,0,0,0,0,0,0,0,0,0,NA,NA,0,0,0,0,0,0,0,0,NA,NA,NA,NA,NA,NA,0,0,NA,NA,NA,NA,NA,NA
infliximab,2011-04-01,0,2588,2588,0,28,0,0,0,0,0,0,0,0,0,0,NA,NA,0,0,0,0,0,0,0,0,NA,NA,NA,NA,NA,NA,0,0,NA,NA,NA,NA,NA,NA
infliximab,2011-05-01,0,2566,2566,0,29,0,0,0,0,0,0,0,0,0,0,NA,NA,0,0,0,0,0,0,0,0,NA,NA,NA,NA,NA,NA,0,0,NA,NA,NA,NA,NA,NA
infliximab,2011-06-01,0,2554,2554,0,30,0,0,0,0,0,0,0,0,0,0,NA,NA,0,0,0,0,0,0,0,0,NA,NA,NA,NA,NA,NA,0,0,NA,NA,NA,NA,NA,NA
infliximab,2011-07-01,0,2852,2852,0,31,0,0,0,0,0,0,0,0,0,0,NA,NA,0,0,0,0,0,0,0,0,NA,NA,NA,NA,NA,NA,0,0,NA,NA,NA,NA,NA,NA
infliximab,2011-08-01,0,3068,3068,0,32,0,0,0,0,0,0,0,0,0,0,NA,NA,0,0,0,0,0,0,0,0,NA,NA,NA,NA,NA,NA,0,0,NA,NA,NA,NA,NA,NA
infliximab,2011-09-01,0,2640,2640,0,33,0,0,0,0,0,0,0,0,0,0,NA,NA,0,0,0,0,0,0,0,0,NA,NA,NA,NA,NA,NA,0,0,NA,NA,NA,NA,NA,NA
infliximab,2011-10-01,0,2628,2628,0,34,0,0,0,0,0,0,0,0,0,0,NA,NA,0,0,0,0,0,0,0,0,NA,NA,NA,NA,NA,NA,0,0,NA,NA,NA,NA,NA,NA
infliximab,2011-11-01,0,2674,2674,0,35,0,0,0,0,0,0,0,0,0,0,NA,NA,0,0,0,0,0,0,0,0,NA,NA,NA,NA,NA,NA,0,0,NA,NA,NA,NA,NA,NA
infliximab,2011-12-01,0,2128,2128,0,36,0,0,0,0,0,0,0,0,0,0,NA,NA,0,0,0,0,0,0,0,0,NA,NA,NA,NA,NA,NA,0,0,NA,NA,NA,NA,NA,NA
infliximab,2012-01-01,0,2776,2776,0,37,0,0,0,0,0,0,0,0,0,0,NA,NA,0,0,0,0,0,0,0,0,NA,NA,NA,NA,NA,NA,0,0,NA,NA,NA,NA,NA,NA
infliximab,2012-02-01,0,2208,2208,0,38,0,0,0,0,0,0,0,0,0,0,NA,NA,0,0,0,0,0,0,0,0,NA,NA,NA,NA,NA,NA,0,0,NA,NA,NA,NA,NA,NA
infliximab,2012-03-01,0,3198,3198,0,39,0,0,0,0,0,0,0,0,0,0,NA,NA,0,0,0,0,0,0,0,0,NA,NA,NA,NA,NA,NA,0,0,NA,NA,NA,NA,NA,NA
infliximab,2012-04-01,0,2470,2470,0,40,0,0,0,0,0,0,0,0,0,0,NA,NA,0,0,0,0,0,0,0,0,NA,NA,NA,NA,NA,NA,0,0,NA,NA,NA,NA,NA,NA
infliximab,2012-05-01,0,3852,3852,0,41,0,0,0,0,0,0,0,0,0,0,NA,NA,0,0,0,0,0,0,0,0,NA,NA,NA,NA,NA,NA,0,0,NA,NA,NA,NA,NA,NA
infliximab,2012-06-01,0,3816,3816,0,42,0,0,0,0,0,0,0,0,0,0,NA,NA,0,0,0,0,0,0,0,0,NA,NA,NA,NA,NA,NA,0,0,NA,NA,NA,NA,NA,NA
infliximab,2012-07-01,0,2892,2892,0,43,0,0,0,0,0,0,0,0,0,0,NA,NA,0,0,0,0,0,0,0,0,NA,NA,NA,NA,NA,NA,0,0,NA,NA,NA,NA,NA,NA
infliximab,2012-08-01,0,3104,3104,0,44,0,0,0,0,0,0,0,0,0,0,NA,NA,0,0,0,0,0,0,0,0,NA,NA,NA,NA,NA,NA,0,0,NA,NA,NA,NA,NA,NA
infliximab,2012-09-01,0,3700,3700,0,45,0,0,0,0,0,0,0,0,0,0,NA,NA,0,0,0,0,0,0,0,0,NA,NA,NA,NA,NA,NA,0,0,NA,NA,NA,NA,NA,NA
infliximab,2012-10-01,0,3354,3354,0,46,0,0,0,0,0,0,0,0,0,0,NA,NA,0,0,0,0,0,0,0,0,NA,NA,NA,NA,NA,NA,0,0,NA,NA,NA,NA,NA,NA
infliximab,2012-11-01,0,3528,3528,0,47,0,0,0,0,0,0,0,0,0,0,NA,NA,0,0,0,0,0,0,0,0,NA,NA,NA,NA,NA,NA,0,0,NA,NA,NA,NA,NA,NA
infliximab,2012-12-01,0,2188,2188,0,48,0,0,0,0,0,0,0,0,0,0,NA,NA,0,0,0,0,0,0,0,0,NA,NA,NA,NA,NA,NA,0,0,NA,NA,NA,NA,NA,NA
infliximab,2013-01-01,0,4222,4222,0,49,0,0,0,0,0,0,0,0,0,0,NA,NA,0,0,0,0,0,0,0,0,NA,NA,NA,NA,NA,NA,0,0,NA,NA,NA,NA,NA,NA
infliximab,2013-02-01,0,3328,3328,0,50,0,0,0,0,0,0,0,0,0,0,NA,NA,0,0,0,0,0,0,0,0,NA,NA,NA,NA,NA,NA,0,0,NA,NA,NA,NA,NA,NA
infliximab,2013-03-01,0,3202,3202,0,51,0,0,0,0,0,0,0,0,0,0,NA,NA,0,0,0,0,0,0,0,0,NA,NA,NA,NA,NA,NA,0,0,NA,NA,NA,NA,NA,NA
infliximab,2013-04-01,0,3248,3248,0,52,0,0,0,0,0,0,0,0,0,0,NA,NA,0,0,0,0,0,0,0,0,NA,NA,NA,NA,NA,NA,0,0,NA,NA,NA,NA,NA,NA
infliximab,2013-05-01,0,4552,4552,0,53,0,0,0,0,0,0,0,0,0,0,NA,NA,0,0,0,0,0,0,0,0,NA,NA,NA,NA,NA,NA,0,0,NA,NA,NA,NA,NA,NA
infliximab,2013-06-01,0,3660,3660,0,54,0,0,0,0,0,0,0,0,0,0,NA,NA,0,0,0,0,0,0,0,0,NA,NA,NA,NA,NA,NA,0,0,NA,NA,NA,NA,NA,NA
infliximab,2013-07-01,0,4308,4308,0,55,0,0,0,0,0,0,0,0,0,0,NA,NA,0,0,0,0,0,0,0,0,NA,NA,NA,NA,NA,NA,0,0,NA,NA,NA,NA,NA,NA
infliximab,2013-08-01,0,4108,4108,0,56,0,0,0,0,0,0,0,0,0,0,NA,NA,0,0,0,0,0,0,0,0,NA,NA,NA,NA,NA,NA,0,0,NA,NA,NA,NA,NA,NA
infliximab,2013-09-01,0,4184,4184,0,57,0,0,0,0,0,0,0,0,0,0,NA,NA,0,0,0,0,0,0,0,0,NA,NA,NA,NA,NA,NA,0,0,NA,NA,NA,NA,NA,NA
infliximab,2013-10-01,0,4102,4102,0,58,0,0,0,0,0,0,0,0,0,0,NA,NA,0,0,0,0,0,0,0,0,NA,NA,NA,NA,NA,NA,0,0,NA,NA,NA,NA,NA,NA
infliximab,2013-11-01,0,4094,4094,0,59,0,0,0,0,0,0,0,0,0,0,NA,NA,0,0,0,0,0,0,0,0,NA,NA,NA,NA,NA,NA,0,0,NA,NA,NA,NA,NA,NA
infliximab,2013-12-01,0,3988,3988,0,60,0,0,0,0,0,0,0,0,0,0,NA,NA,0,0,0,0,0,0,0,0,NA,NA,NA,NA,NA,NA,0,0,NA,NA,NA,NA,NA,NA
infliximab,2014-01-01,0,4466,4466,0,61,0,0,0,0,0,0,0,0,0,0,NA,NA,0,0,0,0,0,0,0,0,NA,NA,NA,NA,NA,NA,0,0,NA,NA,NA,NA,NA,NA
infliximab,2014-02-01,0,3976,3976,0,62,0,0,0,0,0,0,0,0,0,0,NA,NA,0,0,0,0,0,0,0,0,NA,NA,NA,NA,NA,NA,0,0,NA,NA,NA,NA,NA,NA
infliximab,2014-03-01,0,5112,5112,0,63,0,0,0,0,0,0,0,0,0,0,NA,NA,0,0,0,0,0,0,0,0,NA,NA,NA,NA,NA,NA,0,0,NA,NA,NA,NA,NA,NA
infliximab,2014-04-01,0,4932,4932,0,64,0,0,0,0,0,0,0,0,0,0,NA,NA,0,0,0,0,0,0,0,0,NA,NA,NA,NA,NA,NA,0,0,NA,NA,NA,NA,NA,NA
infliximab,2014-05-01,0,6688,6688,0,65,0,0,0,0,0,0,0,0,0,0,NA,NA,0,0,0,0,0,0,0,0,NA,NA,NA,NA,NA,NA,0,0,NA,NA,NA,NA,NA,NA
infliximab,2014-06-01,0,5334,5334,0,66,0,0,0,0,0,0,0,0,0,0,NA,NA,0,0,0,0,0,0,0,0,NA,NA,NA,NA,NA,NA,0,0,NA,NA,NA,NA,NA,NA
infliximab,2014-07-01,0,4086,4086,0,67,0,0,0,0,0,0,0,0,0,0,NA,NA,0,0,0,0,0,0,0,0,NA,NA,NA,NA,NA,NA,0,0,NA,NA,NA,NA,NA,NA
infliximab,2014-08-01,0,5370,5370,0,68,0,0,0,0,0,0,0,0,0,0,NA,NA,0,0,0,0,0,0,0,0,NA,NA,NA,NA,NA,NA,0,0,NA,NA,NA,NA,NA,NA
infliximab,2014-09-01,0,4258,4258,0,69,0,0,0,0,0,0,0,0,0,0,NA,NA,0,0,0,0,0,0,0,0,NA,NA,NA,NA,NA,NA,0,0,NA,NA,NA,NA,NA,NA
infliximab,2014-10-01,0,4910,4910,0,70,0,0,0,0,0,0,0,0,0,0,NA,NA,0,0,0,0,0,0,0,0,NA,NA,NA,NA,NA,NA,0,0,NA,NA,NA,NA,NA,NA
infliximab,2014-11-01,0,4524,4524,0,71,0,0,0,0,0,0,0,0,0,0,NA,NA,0,0,0,0,0,0,0,0,NA,NA,NA,NA,NA,NA,0,0,NA,NA,NA,NA,NA,NA
infliximab,2014-12-01,0,4544,4544,0,72,0,0,0,0,0,0,0,0,0,0,NA,NA,0,0,0,0,0,0,0,0,NA,NA,NA,NA,NA,NA,0,0,NA,NA,NA,NA,NA,NA
infliximab,2015-01-01,0,5044,5044,0,73,0,0,0,0,0,0,0,0,0,0,NA,NA,0,0,0,0,0,0,0,0,NA,NA,NA,NA,NA,NA,0,0,NA,NA,NA,NA,NA,NA
infliximab,2015-02-01,0,7366,7366,0,74,0,0,0,0,0,0,0,0,0,0,NA,NA,0,0,0,0,0,0,0,0,NA,NA,NA,NA,NA,NA,0,0,NA,NA,NA,NA,NA,NA
infliximab,2015-03-01,0,6000,6000,0,75,0,0,0,0,0,0,0,0,0,0,NA,NA,0,0,0,0,0,0,0,0,NA,NA,NA,NA,NA,NA,0,0,NA,NA,NA,NA,NA,NA
infliximab,2015-04-01,0,4538,4538,0,76,0,0,0,0,0,0,0,0,0,0,NA,NA,0,0,0,0,0,0,0,0,NA,NA,NA,NA,NA,NA,0,0,NA,NA,NA,NA,NA,NA
infliximab,2015-05-01,0,9818,9818,0,77,0,0,0,0,0,0,0,0,0,0,NA,NA,0,0,0,0,0,0,0,0,NA,NA,NA,NA,NA,NA,0,0,NA,NA,NA,NA,NA,NA
infliximab,2015-06-01,0,6914,6914,0,78,0,0,0,0,0,0,0,0,0,0,NA,NA,0,0,0,0,0,0,0,0,NA,NA,NA,NA,NA,NA,0,0,NA,NA,NA,NA,NA,NA
infliximab,2015-07-01,0,7852,7852,0,79,0,0,0,0,0,0,0,0,0,0,NA,NA,0,0,0,0,0,0,0,0,NA,NA,NA,NA,NA,NA,0,0,NA,NA,NA,NA,NA,NA
infliximab,2015-08-01,0,6270,6270,0,80,0,0,0,0,0,0,0,0,0,0,NA,NA,0,0,0,0,0,0,0,0,NA,NA,NA,NA,NA,NA,0,0,NA,NA,NA,NA,NA,NA
infliximab,2015-09-01,0,6466,6466,0,81,0,0,0,0,0,0,0,0,0,0,NA,NA,0,0,0,0,0,0,0,0,NA,NA,NA,NA,NA,NA,0,0,NA,NA,NA,NA,NA,NA
infliximab,2015-10-01,0,6240,6240,0,82,0,0,0,0,0,0,0,0,0,0,NA,NA,0,0,0,0,0,0,0,0,NA,NA,NA,NA,NA,NA,0,0,NA,NA,NA,NA,NA,NA
infliximab,2015-11-01,0,5606,5606,0,83,0,0,0,0,0,0,0,0,0,0,NA,NA,0,0,0,0,0,0,0,0,NA,NA,NA,NA,NA,NA,0,0,NA,NA,NA,NA,NA,NA
infliximab,2015-12-01,7146,0,7146,1,84,0,0,1,0,1,0,0,0,0,0,NA,NA,0,0,0,0,0,0,0,0,NA,NA,NA,NA,NA,NA,0,0,NA,NA,NA,NA,NA,NA
infliximab,2016-01-01,6484,2,6486,0.9996916435399321,85,0,0,1,1,1,1,0,0,0,0,NA,NA,0,0,0,0,0,0,0,0,NA,NA,NA,NA,NA,NA,0,0,NA,NA,NA,NA,NA,NA
infliximab,2016-02-01,7786,2,7788,0.9997431946584489,86,0,0,1,2,1,2,0,0,0,0,NA,NA,0,0,0,0,0,0,0,0,NA,NA,NA,NA,NA,NA,0,0,NA,NA,NA,NA,NA,NA
infliximab,2016-03-01,8578,6,8584,0.9993010251630942,87,0,0,1,3,1,3,0,0,0,0,NA,NA,0,0,0,0,0,0,0,0,NA,NA,NA,NA,NA,NA,0,0,NA,NA,NA,NA,NA,NA
infliximab,2016-04-01,6478,0,6478,1,88,0,0,1,4,1,4,0,0,0,0,NA,NA,0,0,0,0,0,0,0,0,NA,NA,NA,NA,NA,NA,0,0,NA,NA,NA,NA,NA,NA
infliximab,2016-05-01,7226,4,7230,0.9994467496542185,89,0,0,1,5,1,5,0,0,0,0,NA,NA,0,0,0,0,0,0,0,0,NA,NA,NA,NA,NA,NA,0,0,NA,NA,NA,NA,NA,NA
infliximab,2016-06-01,7540,2,7542,0.9997348183505701,90,0,0,1,6,1,6,0,0,0,0,NA,NA,0,0,0,0,0,0,0,0,NA,NA,NA,NA,NA,NA,0,0,NA,NA,NA,NA,NA,NA
infliximab,2016-07-01,7628,4,7632,0.999475890985325,91,0,0,1,7,1,7,0,0,0,0,NA,NA,0,0,0,0,0,0,0,0,NA,NA,NA,NA,NA,NA,0,0,NA,NA,NA,NA,NA,NA
infliximab,2016-08-01,7646,4,7650,0.9994771241830065,92,0,0,1,8,1,8,0,0,0,0,NA,NA,0,0,0,0,0,0,0,0,NA,NA,NA,NA,NA,NA,0,0,NA,NA,NA,NA,NA,NA
infliximab,2016-09-01,7466,6,7472,0.9991970021413277,93,0,0,1,9,1,9,0,0,0,0,NA,NA,0,0,0,0,0,0,0,0,NA,NA,NA,NA,NA,NA,0,0,NA,NA,NA,NA,NA,NA
infliximab,2016-10-01,7160,8,7168,0.9988839285714286,94,0,0,1,10,1,10,0,0,0,0,NA,NA,0,0,0,0,0,0,0,0,NA,NA,NA,NA,NA,NA,0,0,NA,NA,NA,NA,NA,NA
infliximab,2016-11-01,7428,2,7430,0.9997308209959623,95,0,0,1,11,1,11,0,0,0,0,NA,NA,0,0,0,0,0,0,0,0,NA,NA,NA,NA,NA,NA,0,0,NA,NA,NA,NA,NA,NA
infliximab,2016-12-01,7752,6,7758,0.9992266047950503,96,0,0,1,12,1,12,0,0,0,0,NA,NA,0,0,0,0,0,0,0,0,NA,NA,NA,NA,NA,NA,0,0,NA,NA,NA,NA,NA,NA
infliximab,2017-01-01,7012,4,7016,0.999429874572406,97,0,0,1,13,1,13,0,0,0,0,NA,NA,0,0,0,0,0,0,0,0,NA,NA,NA,NA,NA,NA,0,0,NA,NA,NA,NA,NA,NA
infliximab,2017-02-01,8628,4,8632,0.9995366079703429,98,0,0,1,14,1,14,0,0,0,0,NA,NA,0,0,0,0,0,0,0,0,NA,NA,NA,NA,NA,NA,0,0,NA,NA,NA,NA,NA,NA
infliximab,2017-03-01,9656,2,9658,0.999792917788362,99,0,0,1,15,1,15,0,0,0,0,NA,NA,0,0,0,0,0,0,0,0,NA,NA,NA,NA,NA,NA,0,0,NA,NA,NA,NA,NA,NA
infliximab,2017-04-01,7290,8,7298,0.9989038092628117,100,0,0,1,16,1,16,0,0,0,0,NA,NA,0,0,0,0,0,0,0,0,NA,NA,NA,NA,NA,NA,0,0,NA,NA,NA,NA,NA,NA
infliximab,2017-05-01,7638,0,7638,1,101,0,0,1,17,1,17,0,0,0,0,NA,NA,0,0,0,0,0,0,0,0,NA,NA,NA,NA,NA,NA,0,0,NA,NA,NA,NA,NA,NA
infliximab,2017-06-01,9640,6,9646,0.999377980510056,102,0,0,1,18,1,18,0,0,0,0,NA,NA,0,0,0,0,0,0,0,0,NA,NA,NA,NA,NA,NA,0,0,NA,NA,NA,NA,NA,NA
infliximab,2017-07-01,7704,0,7704,1,103,0,0,1,19,1,19,0,0,0,0,NA,NA,0,0,0,0,0,0,0,0,NA,NA,NA,NA,NA,NA,0,0,NA,NA,NA,NA,NA,NA
infliximab,2017-08-01,8604,2,8606,0.9997676039972112,104,0,0,1,20,1,20,1,0,0,0,NA,NA,0,0,0,0,0,0,0,0,NA,NA,NA,NA,NA,NA,0,0,NA,NA,NA,NA,NA,NA
infliximab,2017-09-01,8012,2,8014,0.9997504367357125,105,0,0,1,21,1,21,1,1,0,0,NA,NA,0,0,0,0,0,0,0,0,NA,NA,NA,NA,NA,NA,0,0,NA,NA,NA,NA,NA,NA
infliximab,2017-10-01,8242,4,8246,0.9995149163230658,106,0,0,1,22,1,22,1,2,0,0,NA,NA,0,0,0,0,0,0,0,0,NA,NA,NA,NA,NA,NA,0,0,NA,NA,NA,NA,NA,NA
infliximab,2017-11-01,8650,2,8652,0.9997688395746648,107,0,0,1,23,1,23,1,3,0,0,NA,NA,0,0,0,0,0,0,0,0,NA,NA,NA,NA,NA,NA,0,0,NA,NA,NA,NA,NA,NA
infliximab,2017-12-01,8604,4,8608,0.9995353159851301,108,0,0,1,24,1,24,1,4,0,0,NA,NA,0,0,0,0,0,0,0,0,NA,NA,NA,NA,NA,NA,0,0,NA,NA,NA,NA,NA,NA
infliximab,2018-01-01,7966,0,7966,1,109,0,0,1,25,1,25,1,5,0,0,NA,NA,0,0,0,0,0,0,0,0,NA,NA,NA,NA,NA,NA,0,0,NA,NA,NA,NA,NA,NA
infliximab,2018-02-01,8290,0,8290,1,110,0,0,1,26,1,26,1,6,0,0,NA,NA,0,0,0,0,0,0,0,0,NA,NA,NA,NA,NA,NA,0,0,NA,NA,NA,NA,NA,NA
infliximab,2018-03-01,8106,0,8106,1,111,0,0,1,27,1,27,1,7,0,0,NA,NA,0,0,0,0,0,0,0,0,NA,NA,NA,NA,NA,NA,0,0,NA,NA,NA,NA,NA,NA
infliximab,2018-04-01,9370,8,9378,0.99914693964598,112,0,0,1,28,1,28,1,8,0,0,NA,NA,0,0,0,0,0,0,0,0,NA,NA,NA,NA,NA,NA,1,0,NA,NA,NA,NA,NA,NA
infliximab,2018-05-01,10280,0,10280,1,113,0,0,1,29,1,29,1,9,0,0,NA,NA,0,0,0,0,0,0,0,0,NA,NA,NA,NA,NA,NA,1,1,NA,NA,NA,NA,NA,NA
infliximab,2018-06-01,9154,2,9156,0.9997815640017474,114,0,0,1,30,1,30,1,10,0,0,NA,NA,0,0,0,0,0,0,0,0,NA,NA,NA,NA,NA,NA,1,2,NA,NA,NA,NA,NA,NA
infliximab,2018-07-01,8836,4,8840,0.9995475113122172,115,0,0,1,31,1,31,1,11,0,0,NA,NA,0,0,0,0,0,0,0,0,NA,NA,NA,NA,NA,NA,1,3,NA,NA,NA,NA,NA,NA
infliximab,2018-08-01,9164,2,9166,0.9997818023128955,116,0,0,1,32,1,32,1,12,0,0,NA,NA,0,0,0,0,0,0,0,0,NA,NA,NA,NA,NA,NA,1,4,NA,NA,NA,NA,NA,NA
infliximab,2018-09-01,8958,2,8960,0.9997767857142857,117,0,0,1,33,1,33,1,13,0,0,NA,NA,0,0,0,0,0,0,0,0,NA,NA,NA,NA,NA,NA,1,5,NA,NA,NA,NA,NA,NA
infliximab,2018-10-01,9204,4,9208,0.9995655951346655,118,0,0,1,34,1,34,1,14,0,0,NA,NA,0,0,0,0,0,0,0,0,NA,NA,NA,NA,NA,NA,1,6,NA,NA,NA,NA,NA,NA
infliximab,2018-11-01,8972,4,8976,0.999554367201426,119,0,0,1,35,1,35,1,15,0,0,NA,NA,0,0,0,0,0,0,0,0,NA,NA,NA,NA,NA,NA,1,7,NA,NA,NA,NA,NA,NA
infliximab,2018-12-01,9400,4,9404,0.9995746490854955,120,0,0,1,36,1,36,1,16,0,0,NA,NA,0,0,0,0,0,0,0,0,NA,NA,NA,NA,NA,NA,1,8,NA,NA,NA,NA,NA,NA
infliximab,2019-01-01,8536,6,8542,0.9992975883867946,121,0,0,1,37,1,37,1,17,0,0,NA,NA,0,0,0,0,0,0,0,0,NA,NA,NA,NA,NA,NA,1,9,NA,NA,NA,NA,NA,NA
infliximab,2019-02-01,8534,0,8534,1,122,0,0,1,38,1,38,1,18,0,0,NA,NA,0,0,0,0,0,0,0,0,NA,NA,NA,NA,NA,NA,1,10,NA,NA,NA,NA,NA,NA
infliximab,2019-03-01,9012,4,9016,0.9995563442768411,123,0,0,1,39,1,39,1,19,0,0,NA,NA,0,0,0,0,0,0,0,0,NA,NA,NA,NA,NA,NA,1,11,NA,NA,NA,NA,NA,NA
infliximab,2019-04-01,8858,4,8862,0.9995486346197247,124,0,0,1,40,1,40,1,20,0,0,NA,NA,0,0,0,0,0,0,0,0,NA,NA,NA,NA,NA,NA,1,12,NA,NA,NA,NA,NA,NA
infliximab,2019-05-01,12244,4,12248,0.9996734160679295,125,0,0,1,41,1,41,1,21,0,0,NA,NA,0,0,0,0,0,0,0,0,NA,NA,NA,NA,NA,NA,1,13,NA,NA,NA,NA,NA,NA
infliximab,2019-06-01,9824,6,9830,0.9993896236012207,126,0,0,1,42,1,42,1,22,0,0,NA,NA,0,0,0,0,0,0,0,0,NA,NA,NA,NA,NA,NA,1,14,NA,NA,NA,NA,NA,NA
infliximab,2019-07-01,10782,8,10790,0.9992585727525487,127,0,0,1,43,1,43,1,23,0,0,NA,NA,0,0,0,0,0,0,0,0,NA,NA,NA,NA,NA,NA,1,15,NA,NA,NA,NA,NA,NA
infliximab,2019-08-01,10838,4,10842,0.9996310643792659,128,0,0,1,44,1,44,1,24,0,0,NA,NA,0,0,0,0,0,0,0,0,NA,NA,NA,NA,NA,NA,1,16,NA,NA,NA,NA,NA,NA
infliximab,2019-09-01,9628,6,9634,0.9993772057297073,129,0,0,1,45,1,45,1,25,0,0,NA,NA,0,0,0,0,0,0,0,0,NA,NA,NA,NA,NA,NA,1,17,NA,NA,NA,NA,NA,NA
infliximab,2019-10-01,9598,4,9602,0.9995834201208081,130,0,0,1,46,1,46,1,26,0,0,NA,NA,0,0,0,0,0,0,0,0,NA,NA,NA,NA,NA,NA,1,18,NA,NA,NA,NA,NA,NA
infliximab,2019-11-01,9562,6,9568,0.9993729096989966,131,1,0,1,47,1,47,1,27,0,0,NA,NA,0,0,0,0,0,0,0,0,NA,NA,NA,NA,NA,NA,1,19,NA,NA,NA,NA,NA,NA
infliximab,2019-12-01,11108,2,11110,0.9998199819981998,132,1,1,1,48,1,48,1,28,0,0,NA,NA,0,0,0,0,0,0,0,0,NA,NA,NA,NA,NA,NA,1,20,NA,NA,NA,NA,NA,NA
infliximab,2020-01-01,10130,4,10134,0.9996052891257154,133,1,2,1,49,1,49,1,29,0,0,NA,NA,0,0,0,0,0,0,0,0,NA,NA,NA,NA,NA,NA,1,21,NA,NA,NA,NA,NA,NA
infliximab,2020-02-01,10118,0,10118,1,134,1,3,1,50,1,50,1,30,0,0,NA,NA,0,0,0,0,0,0,0,0,NA,NA,NA,NA,NA,NA,1,22,NA,NA,NA,NA,NA,NA
infliximab,2020-03-01,9896,2,9898,0.9997979389775712,135,1,4,1,51,1,51,1,31,0,0,NA,NA,0,0,0,0,0,0,0,0,NA,NA,NA,NA,NA,NA,1,23,NA,NA,NA,NA,NA,NA
infliximab,2020-04-01,10888,8,10896,0.9992657856093979,136,1,5,1,52,1,52,1,32,0,0,NA,NA,0,0,0,0,0,0,0,0,NA,NA,NA,NA,NA,NA,1,24,NA,NA,NA,NA,NA,NA
infliximab,2020-05-01,10078,4,10082,0.9996032533227535,137,1,6,1,53,1,53,1,33,0,0,NA,NA,0,0,0,0,0,0,0,0,NA,NA,NA,NA,NA,NA,1,25,NA,NA,NA,NA,NA,NA
infliximab,2020-06-01,11032,4,11036,0.9996375498368975,138,1,7,1,54,1,54,1,34,0,0,NA,NA,0,0,0,0,0,0,0,0,NA,NA,NA,NA,NA,NA,1,26,NA,NA,NA,NA,NA,NA
infliximab,2020-07-01,10542,4,10546,0.9996207092736583,139,1,8,1,55,1,55,1,35,0,0,NA,NA,0,0,0,0,0,0,0,0,NA,NA,NA,NA,NA,NA,1,27,NA,NA,NA,NA,NA,NA
infliximab,2020-08-01,10226,6,10232,0.9994136043784206,140,1,9,1,56,1,56,1,36,0,0,NA,NA,0,0,0,0,0,0,0,0,NA,NA,NA,NA,NA,NA,1,28,NA,NA,NA,NA,NA,NA
infliximab,2020-09-01,10120,6,10126,0.999407465929291,141,1,10,1,57,1,57,1,37,0,0,NA,NA,0,0,0,0,0,0,0,0,NA,NA,NA,NA,NA,NA,1,29,NA,NA,NA,NA,NA,NA
infliximab,2020-10-01,11450,0,11450,1,142,1,11,1,58,1,58,1,38,0,0,NA,NA,0,0,0,0,0,0,0,0,NA,NA,NA,NA,NA,NA,1,30,NA,NA,NA,NA,NA,NA
infliximab,2020-11-01,9668,6,9674,0.9993797808559024,143,1,12,1,59,1,59,1,39,0,0,NA,NA,0,0,0,0,0,0,0,0,NA,NA,NA,NA,NA,NA,1,31,NA,NA,NA,NA,NA,NA
infliximab,2020-12-01,12668,2,12670,0.9998421468034727,144,1,13,1,60,1,60,1,40,0,0,NA,NA,0,0,0,0,0,0,0,0,NA,NA,NA,NA,NA,NA,1,32,NA,NA,NA,NA,NA,NA
infliximab,2021-01-01,11330,8,11338,0.999294408184865,145,1,14,1,61,1,61,1,41,0,0,NA,NA,0,0,0,0,0,0,0,0,NA,NA,NA,NA,NA,NA,1,33,NA,NA,NA,NA,NA,NA
infliximab,2021-02-01,9946,4,9950,0.9995979899497487,146,1,15,1,62,1,62,1,42,0,0,NA,NA,0,0,0,0,0,0,0,0,NA,NA,NA,NA,NA,NA,1,34,NA,NA,NA,NA,NA,NA
infliximab,2021-03-01,10628,0,10628,1,147,1,16,1,63,1,63,1,43,0,0,NA,NA,0,0,0,0,0,0,0,0,NA,NA,NA,NA,NA,NA,1,35,NA,NA,NA,NA,NA,NA
infliximab,2021-04-01,11966,0,11966,1,148,1,17,1,64,1,64,1,44,0,0,NA,NA,0,0,0,0,0,0,0,0,NA,NA,NA,NA,NA,NA,1,36,NA,NA,NA,NA,NA,NA
infliximab,2021-05-01,11632,2,11634,0.9998280900807976,149,1,18,1,65,1,65,1,45,0,0,NA,NA,0,0,0,0,0,0,0,0,NA,NA,NA,NA,NA,NA,1,37,NA,NA,NA,NA,NA,NA
infliximab,2021-06-01,11378,2,11380,0.9998242530755712,150,1,19,1,66,1,66,1,46,0,0,NA,NA,0,0,0,0,0,0,0,0,NA,NA,NA,NA,NA,NA,1,38,NA,NA,NA,NA,NA,NA
infliximab,2021-07-01,12215,4,12219,0.9996726409689828,151,1,20,1,67,1,67,1,47,1,0,NA,NA,0,0,0,0,0,0,0,0,NA,NA,NA,NA,NA,NA,1,39,NA,NA,NA,NA,NA,NA
infliximab,2021-08-01,11722,6,11728,0.9994884038199181,152,1,21,1,68,1,68,1,48,1,1,NA,NA,0,0,0,0,0,0,0,0,NA,NA,NA,NA,NA,NA,1,40,NA,NA,NA,NA,NA,NA
infliximab,2021-09-01,12239,5,12244,0.9995916367200262,153,1,22,1,69,1,69,1,49,1,2,NA,NA,0,0,0,0,0,0,0,0,NA,NA,NA,NA,NA,NA,1,41,NA,NA,NA,NA,NA,NA
infliximab,2021-10-01,12038,7,12045,0.9994188459941885,154,1,23,1,70,1,70,1,50,1,3,NA,NA,0,0,0,0,0,0,0,0,NA,NA,NA,NA,NA,NA,1,42,NA,NA,NA,NA,NA,NA
infliximab,2021-11-01,11775,14,11789,0.9988124522860293,155,1,24,1,71,1,71,1,51,1,4,NA,NA,0,0,0,0,0,0,0,0,NA,NA,NA,NA,NA,NA,1,43,NA,NA,NA,NA,NA,NA
infliximab,2021-12-01,13670,6,13676,0.9995612752266745,156,1,25,1,72,1,72,1,52,1,5,NA,NA,0,0,0,0,0,0,0,0,NA,NA,NA,NA,NA,NA,1,44,NA,NA,NA,NA,NA,NA
infliximab,2022-01-01,12371,5,12376,0.9995959922430511,157,1,26,1,73,1,73,1,53,1,6,NA,NA,0,0,0,0,0,0,0,0,NA,NA,NA,NA,NA,NA,1,45,NA,NA,NA,NA,NA,NA
infliximab,2022-02-01,11396,4,11400,0.9996491228070176,158,1,27,1,74,1,74,1,54,1,7,NA,NA,0,0,0,0,0,0,0,0,NA,NA,NA,NA,NA,NA,1,46,NA,NA,NA,NA,NA,NA
infliximab,2022-03-01,14036,5,14041,0.999643900007122,159,1,28,1,75,1,75,1,55,1,8,NA,NA,0,0,0,0,0,0,0,0,NA,NA,NA,NA,NA,NA,1,47,NA,NA,NA,NA,NA,NA
infliximab,2022-04-01,12646,4,12650,0.9996837944664032,160,1,29,1,76,1,76,1,56,1,9,NA,NA,0,0,0,0,0,0,0,0,NA,NA,NA,NA,NA,NA,1,48,NA,NA,NA,NA,NA,NA
infliximab,2022-05-01,13571,3,13574,0.9997789892441432,161,1,30,1,77,1,77,1,57,1,10,NA,NA,0,0,0,0,0,0,0,0,NA,NA,NA,NA,NA,NA,1,49,NA,NA,NA,NA,NA,NA
infliximab,2022-06-01,14143,8,14151,0.9994346689279909,162,1,31,1,78,1,78,1,58,1,11,NA,NA,0,0,0,0,0,0,0,0,NA,NA,NA,NA,NA,NA,1,50,NA,NA,NA,NA,NA,NA
infliximab,2022-07-01,6599,2,6601,0.9996970156036964,163,1,32,1,79,1,79,1,59,1,12,NA,NA,0,0,0,0,0,0,0,0,NA,NA,NA,NA,NA,NA,1,51,NA,NA,NA,NA,NA,NA
infliximab,2022-08-01,7168,2,7170,0.999721059972106,164,1,33,1,80,1,80,1,60,1,13,NA,NA,0,0,0,0,0,0,0,0,NA,NA,NA,NA,NA,NA,1,52,NA,NA,NA,NA,NA,NA
infliximab,2022-09-01,6951,2,6953,0.9997123543794045,165,1,34,1,81,1,81,1,61,1,14,NA,NA,0,0,0,0,0,0,0,0,NA,NA,NA,NA,NA,NA,1,53,NA,NA,NA,NA,NA,NA
infliximab,2022-10-01,6999,2,7001,0.9997143265247822,166,1,35,1,82,1,82,1,62,1,15,NA,NA,0,0,0,0,0,0,0,0,NA,NA,NA,NA,NA,NA,1,54,NA,NA,NA,NA,NA,NA
infliximab,2022-11-01,7138,1,7139,0.9998599243591539,167,1,36,1,83,1,83,1,63,1,16,NA,NA,0,0,0,0,0,0,0,0,NA,NA,NA,NA,NA,NA,1,55,NA,NA,NA,NA,NA,NA
infliximab,2022-12-01,7355,3,7358,0.9995922805110085,168,1,37,1,84,1,84,1,64,1,17,NA,NA,0,0,0,0,0,0,0,0,NA,NA,NA,NA,NA,NA,1,56,NA,NA,NA,NA,NA,NA
infliximab,2023-01-01,7348,1,7349,0.9998639270649068,169,1,38,1,85,1,85,1,65,1,18,NA,NA,0,0,0,0,0,0,0,0,NA,NA,NA,NA,NA,NA,1,57,NA,NA,NA,NA,NA,NA
infliximab,2023-02-01,7034,5,7039,0.9992896718283847,170,1,39,1,86,1,86,1,66,1,19,NA,NA,0,0,0,0,0,0,0,0,NA,NA,NA,NA,NA,NA,1,58,NA,NA,NA,NA,NA,NA
infliximab,2023-03-01,8321,1,8322,0.9998798365777457,171,1,40,1,87,1,87,1,67,1,20,NA,NA,0,0,0,0,0,0,0,0,NA,NA,NA,NA,NA,NA,1,59,NA,NA,NA,NA,NA,NA
infliximab,2023-04-01,7008,2,7010,0.9997146932952924,172,1,41,1,88,1,88,1,68,1,21,NA,NA,0,0,0,0,0,0,0,0,NA,NA,NA,NA,NA,NA,1,60,NA,NA,NA,NA,NA,NA
infliximab,2023-05-01,8292,0,8292,1,173,1,42,1,89,1,89,1,69,1,22,NA,NA,0,0,0,0,0,0,0,0,NA,NA,NA,NA,NA,NA,1,61,NA,NA,NA,NA,NA,NA
infliximab,2023-06-01,7934,1,7935,0.9998739760554506,174,1,43,1,90,1,90,1,70,1,23,NA,NA,0,0,0,0,0,0,0,0,NA,NA,NA,NA,NA,NA,1,62,NA,NA,NA,NA,NA,NA
infliximab,2023-07-01,7746,1,7747,0.9998709177746224,175,1,44,1,91,1,91,1,71,1,24,NA,NA,0,0,0,0,0,0,0,0,NA,NA,NA,NA,NA,NA,1,63,NA,NA,NA,NA,NA,NA
infliximab,2023-08-01,8508,1,8509,0.9998824773768951,176,1,45,1,92,1,92,1,72,1,25,NA,NA,0,0,0,0,0,0,0,0,NA,NA,NA,NA,NA,NA,1,64,NA,NA,NA,NA,NA,NA
infliximab,2023-09-01,7979,2,7981,0.9997494048364867,177,1,46,1,93,1,93,1,73,1,26,NA,NA,0,0,0,0,0,0,0,0,NA,NA,NA,NA,NA,NA,1,65,NA,NA,NA,NA,NA,NA
infliximab,2023-10-01,8073,0,8073,1,178,1,47,1,94,1,94,1,74,1,27,NA,NA,0,0,0,0,0,0,0,0,NA,NA,NA,NA,NA,NA,1,66,NA,NA,NA,NA,NA,NA
infliximab,2023-11-01,8236,2,8238,0.9997572226268512,179,1,48,1,95,1,95,1,75,1,28,NA,NA,1,0,1,0,0,0,0,0,NA,NA,NA,NA,NA,NA,1,67,NA,NA,NA,NA,NA,NA
infliximab,2023-12-01,7951,1,7952,0.999874245472837,180,1,49,1,96,1,96,1,76,1,29,NA,NA,1,1,1,1,1,0,0,0,NA,NA,NA,NA,NA,NA,1,68,NA,NA,NA,NA,NA,NA
infliximab,2024-01-01,8512,2,8514,0.9997650927883486,181,1,50,1,97,1,97,1,77,1,30,NA,NA,1,2,1,2,1,1,0,0,NA,NA,NA,NA,NA,NA,1,69,NA,NA,NA,NA,NA,NA
infliximab,2024-02-01,7993,0,7993,1,182,1,51,1,98,1,98,1,78,1,31,NA,NA,1,3,1,3,1,2,0,0,NA,NA,NA,NA,NA,NA,1,70,NA,NA,NA,NA,NA,NA
infliximab,2024-03-01,8522,5,8527,0.9994136273015128,183,1,52,1,99,1,99,1,79,1,32,NA,NA,1,4,1,4,1,3,0,0,NA,NA,NA,NA,NA,NA,1,71,NA,NA,NA,NA,NA,NA
infliximab,2024-04-01,8406,1,8407,0.9998810515046984,184,1,53,1,100,1,100,1,80,1,33,NA,NA,1,5,1,5,1,4,0,0,NA,NA,NA,NA,NA,NA,1,72,NA,NA,NA,NA,NA,NA
infliximab,2024-05-01,9131,0,9131,1,185,1,54,1,101,1,101,1,81,1,34,NA,NA,1,6,1,6,1,5,0,0,NA,NA,NA,NA,NA,NA,1,73,NA,NA,NA,NA,NA,NA
infliximab,2024-06-01,7943,0,7943,1,186,1,55,1,102,1,102,1,82,1,35,NA,NA,1,7,1,7,1,6,0,0,NA,NA,NA,NA,NA,NA,1,74,NA,NA,NA,NA,NA,NA
infliximab,2024-07-01,9220,1,9221,0.9998915518924195,187,1,56,1,103,1,103,1,83,1,36,NA,NA,1,8,1,8,1,7,0,0,NA,NA,NA,NA,NA,NA,1,75,NA,NA,NA,NA,NA,NA
infliximab,2024-08-01,9069,1,9070,0.9998897464167585,188,1,57,1,104,1,104,1,84,1,37,NA,NA,1,9,1,9,1,8,0,0,NA,NA,NA,NA,NA,NA,1,76,NA,NA,NA,NA,NA,NA
infliximab,2024-09-01,8721,1,8722,0.9998853473973859,189,1,58,1,105,1,105,1,85,1,38,NA,NA,1,10,1,10,1,9,0,0,NA,NA,NA,NA,NA,NA,1,77,NA,NA,NA,NA,NA,NA
infliximab,2024-10-01,9497,1,9498,0.999894714676774,190,1,59,1,106,1,106,1,86,1,39,NA,NA,1,11,1,11,1,10,0,0,NA,NA,NA,NA,NA,NA,1,78,NA,NA,NA,NA,NA,NA
infliximab,2024-11-01,8978,1,8979,0.9998886290232766,191,1,60,1,107,1,107,1,87,1,40,NA,NA,1,12,1,12,1,11,0,0,NA,NA,NA,NA,NA,NA,1,79,NA,NA,NA,NA,NA,NA
infliximab,2024-12-01,9277,1,9278,0.9998922181504635,192,1,61,1,108,1,108,1,88,1,41,NA,NA,1,13,1,13,1,12,0,0,NA,NA,NA,NA,NA,NA,1,80,NA,NA,NA,NA,NA,NA
infliximab,2025-01-01,9439,2,9441,0.9997881580341066,193,1,62,1,109,1,109,1,89,1,42,NA,NA,1,14,1,14,1,13,0,0,NA,NA,NA,NA,NA,NA,1,81,NA,NA,NA,NA,NA,NA
infliximab,2025-02-01,8591,0,8591,1,194,1,63,1,110,1,110,1,90,1,43,NA,NA,1,15,1,15,1,14,0,0,NA,NA,NA,NA,NA,NA,1,82,NA,NA,NA,NA,NA,NA
infliximab,2025-03-01,9270,1,9271,0.9998921367705749,195,1,64,1,111,1,111,1,91,1,44,NA,NA,1,16,1,16,1,15,0,0,NA,NA,NA,NA,NA,NA,1,83,NA,NA,NA,NA,NA,NA
infliximab,2025-04-01,9326,2,9328,0.9997855917667239,196,1,65,1,112,1,112,1,92,1,45,NA,NA,1,17,1,17,1,16,0,0,NA,NA,NA,NA,NA,NA,1,84,NA,NA,NA,NA,NA,NA
infliximab,2025-05-01,9942,0,9942,1,197,1,66,1,113,1,113,1,93,1,46,NA,NA,1,18,1,18,1,17,0,0,NA,NA,NA,NA,NA,NA,1,85,NA,NA,NA,NA,NA,NA
infliximab,2025-06-01,9159,2,9161,0.9997816832223556,198,1,67,1,114,1,114,1,94,1,47,NA,NA,1,19,1,19,1,18,0,0,NA,NA,NA,NA,NA,NA,1,86,NA,NA,NA,NA,NA,NA
infliximab,2025-07-01,10258,1,10259,0.9999025246125354,199,1,68,1,115,1,115,1,95,1,48,NA,NA,1,20,1,20,1,19,0,0,NA,NA,NA,NA,NA,NA,1,87,NA,NA,NA,NA,NA,NA
infliximab,2025-08-01,9478,1,9479,0.9998945036396244,200,1,69,1,116,1,116,1,96,1,49,NA,NA,1,21,1,21,1,20,0,0,NA,NA,NA,NA,NA,NA,1,88,NA,NA,NA,NA,NA,NA
infliximab,2025-09-01,9918,0,9918,1,201,1,70,1,117,1,117,1,97,1,50,NA,NA,1,22,1,22,1,21,0,0,NA,NA,NA,NA,NA,NA,1,89,NA,NA,NA,NA,NA,NA
infliximab,2025-10-01,10210,0,10210,1,202,1,71,1,118,1,118,1,98,1,51,NA,NA,1,23,1,23,1,22,0,0,NA,NA,NA,NA,NA,NA,1,90,NA,NA,NA,NA,NA,NA
infliximab,2025-11-01,9301,2,9303,0.99978501558637,203,1,72,1,119,1,119,1,99,1,52,NA,NA,1,24,1,24,1,23,1,0,NA,NA,NA,NA,NA,NA,1,91,NA,NA,NA,NA,NA,NA
insulin glargine,2021-07-01,0,29527,29527,0,1,1,20,1,21,1,21,NA,NA,NA,NA,NA,NA,NA,NA,NA,NA,NA,NA,NA,NA,NA,NA,0,0,1,12,NA,NA,NA,NA,NA,NA,NA,NA
insulin glargine,2021-08-01,0,29742,29742,0,2,1,21,1,22,1,22,NA,NA,NA,NA,NA,NA,NA,NA,NA,NA,NA,NA,NA,NA,NA,NA,0,0,1,13,NA,NA,NA,NA,NA,NA,NA,NA
insulin glargine,2021-09-01,0,28696,28696,0,3,1,22,1,23,1,23,NA,NA,NA,NA,NA,NA,NA,NA,NA,NA,NA,NA,NA,NA,NA,NA,0,0,1,14,NA,NA,NA,NA,NA,NA,NA,NA
insulin glargine,2021-10-01,0,28696,28696,0,4,1,23,1,24,1,24,NA,NA,NA,NA,NA,NA,NA,NA,NA,NA,NA,NA,NA,NA,NA,NA,0,0,1,15,NA,NA,NA,NA,NA,NA,NA,NA
insulin glargine,2021-11-01,0,30357,30357,0,5,1,24,1,25,1,25,NA,NA,NA,NA,NA,NA,NA,NA,NA,NA,NA,NA,NA,NA,NA,NA,0,0,1,16,NA,NA,NA,NA,NA,NA,NA,NA
insulin glargine,2021-12-01,0,39612,39612,0,6,1,25,1,26,1,26,NA,NA,NA,NA,NA,NA,NA,NA,NA,NA,NA,NA,NA,NA,NA,NA,0,0,1,17,NA,NA,NA,NA,NA,NA,NA,NA
insulin glargine,2022-01-01,0,22623,22623,0,7,1,26,1,27,1,27,NA,NA,NA,NA,NA,NA,NA,NA,NA,NA,NA,NA,NA,NA,NA,NA,0,0,1,18,NA,NA,NA,NA,NA,NA,NA,NA
insulin glargine,2022-02-01,0,22841,22841,0,8,1,27,1,28,1,28,NA,NA,NA,NA,NA,NA,NA,NA,NA,NA,NA,NA,NA,NA,NA,NA,0,0,1,19,NA,NA,NA,NA,NA,NA,NA,NA
insulin glargine,2022-03-01,0,26579,26579,0,9,1,28,1,29,1,29,NA,NA,NA,NA,NA,NA,NA,NA,NA,NA,NA,NA,NA,NA,NA,NA,0,0,1,20,NA,NA,NA,NA,NA,NA,NA,NA
insulin glargine,2022-04-01,0,25089,25089,0,10,1,29,1,30,1,30,NA,NA,NA,NA,NA,NA,NA,NA,NA,NA,NA,NA,NA,NA,NA,NA,0,0,1,21,NA,NA,NA,NA,NA,NA,NA,NA
insulin glargine,2022-05-01,0,27181,27181,0,11,1,30,1,31,1,31,NA,NA,NA,NA,NA,NA,NA,NA,NA,NA,NA,NA,NA,NA,NA,NA,0,0,1,22,NA,NA,NA,NA,NA,NA,NA,NA
insulin glargine,2022-06-01,0,26718,26718,0,12,1,31,1,32,1,32,NA,NA,NA,NA,NA,NA,NA,NA,NA,NA,NA,NA,NA,NA,NA,NA,0,0,1,23,NA,NA,NA,NA,NA,NA,NA,NA
insulin glargine,2022-07-01,0,27939,27939,0,13,1,32,1,33,1,33,NA,NA,NA,NA,NA,NA,NA,NA,NA,NA,NA,NA,NA,NA,NA,NA,0,0,1,24,NA,NA,NA,NA,NA,NA,NA,NA
insulin glargine,2022-08-01,0,29233,29233,0,14,1,33,1,34,1,34,NA,NA,NA,NA,NA,NA,NA,NA,NA,NA,NA,NA,NA,NA,NA,NA,0,0,1,25,NA,NA,NA,NA,NA,NA,NA,NA
insulin glargine,2022-09-01,0,28529,28529,0,15,1,34,1,35,1,35,NA,NA,NA,NA,NA,NA,NA,NA,NA,NA,NA,NA,NA,NA,NA,NA,0,0,1,26,NA,NA,NA,NA,NA,NA,NA,NA
insulin glargine,2022-10-01,0,29035,29035,0,16,1,35,1,36,1,36,NA,NA,NA,NA,NA,NA,NA,NA,NA,NA,NA,NA,NA,NA,NA,NA,0,0,1,27,NA,NA,NA,NA,NA,NA,NA,NA
insulin glargine,2022-11-01,0,30817,30817,0,17,1,36,1,37,1,37,NA,NA,NA,NA,NA,NA,NA,NA,NA,NA,NA,NA,NA,NA,NA,NA,0,0,1,28,NA,NA,NA,NA,NA,NA,NA,NA
insulin glargine,2022-12-01,0,39516,39516,0,18,1,37,1,38,1,38,NA,NA,NA,NA,NA,NA,NA,NA,NA,NA,NA,NA,NA,NA,NA,NA,0,0,1,29,NA,NA,NA,NA,NA,NA,NA,NA
insulin glargine,2023-01-01,0,21991,21991,0,19,1,38,1,39,1,39,NA,NA,NA,NA,NA,NA,NA,NA,NA,NA,NA,NA,NA,NA,NA,NA,0,0,1,30,NA,NA,NA,NA,NA,NA,NA,NA
insulin glargine,2023-02-01,0,22776,22776,0,20,1,39,1,40,1,40,NA,NA,NA,NA,NA,NA,NA,NA,NA,NA,NA,NA,NA,NA,NA,NA,0,0,1,31,NA,NA,NA,NA,NA,NA,NA,NA
insulin glargine,2023-03-01,0,27210,27210,0,21,1,40,1,41,1,41,NA,NA,NA,NA,NA,NA,NA,NA,NA,NA,NA,NA,NA,NA,NA,NA,0,0,1,32,NA,NA,NA,NA,NA,NA,NA,NA
insulin glargine,2023-04-01,0,23620,23620,0,22,1,41,1,42,1,42,NA,NA,NA,NA,NA,NA,NA,NA,NA,NA,NA,NA,NA,NA,NA,NA,0,0,1,33,NA,NA,NA,NA,NA,NA,NA,NA
insulin glargine,2023-05-01,0,27280,27280,0,23,1,42,1,43,1,43,NA,NA,NA,NA,NA,NA,NA,NA,NA,NA,NA,NA,NA,NA,NA,NA,0,0,1,34,NA,NA,NA,NA,NA,NA,NA,NA
insulin glargine,2023-06-01,0,26270,26270,0,24,1,43,1,44,1,44,NA,NA,NA,NA,NA,NA,NA,NA,NA,NA,NA,NA,NA,NA,NA,NA,0,0,1,35,NA,NA,NA,NA,NA,NA,NA,NA
insulin glargine,2023-07-01,0,26664,26664,0,25,1,44,1,45,1,45,NA,NA,NA,NA,NA,NA,NA,NA,NA,NA,NA,NA,NA,NA,NA,NA,0,0,1,36,NA,NA,NA,NA,NA,NA,NA,NA
insulin glargine,2023-08-01,0,27957,27957,0,26,1,45,1,46,1,46,NA,NA,NA,NA,NA,NA,NA,NA,NA,NA,NA,NA,NA,NA,NA,NA,0,0,1,37,NA,NA,NA,NA,NA,NA,NA,NA
insulin glargine,2023-09-01,0,26950,26950,0,27,1,46,1,47,1,47,NA,NA,NA,NA,NA,NA,NA,NA,NA,NA,NA,NA,NA,NA,NA,NA,0,0,1,38,NA,NA,NA,NA,NA,NA,NA,NA
insulin glargine,2023-10-01,0,28449,28449,0,28,1,47,1,48,1,48,NA,NA,NA,NA,NA,NA,NA,NA,NA,NA,NA,NA,NA,NA,NA,NA,0,0,1,39,NA,NA,NA,NA,NA,NA,NA,NA
insulin glargine,2023-11-01,0,29209,29209,0,29,1,48,1,49,1,49,NA,NA,NA,NA,NA,NA,NA,NA,NA,NA,NA,NA,NA,NA,NA,NA,1,0,1,40,NA,NA,NA,NA,NA,NA,NA,NA
insulin glargine,2023-12-01,0,36784,36784,0,30,1,49,1,50,1,50,NA,NA,NA,NA,NA,NA,NA,NA,NA,NA,NA,NA,NA,NA,NA,NA,1,1,1,41,NA,NA,NA,NA,NA,NA,NA,NA
insulin glargine,2024-01-01,0,22462,22462,0,31,1,50,1,51,1,51,NA,NA,NA,NA,NA,NA,NA,NA,NA,NA,NA,NA,NA,NA,NA,NA,1,2,1,42,NA,NA,NA,NA,NA,NA,NA,NA
insulin glargine,2024-02-01,0,23396,23396,0,32,1,51,1,52,1,52,NA,NA,NA,NA,NA,NA,NA,NA,NA,NA,NA,NA,NA,NA,NA,NA,1,3,1,43,NA,NA,NA,NA,NA,NA,NA,NA
insulin glargine,2024-03-01,0,24174,24174,0,33,1,52,1,53,1,53,NA,NA,NA,NA,NA,NA,NA,NA,NA,NA,NA,NA,NA,NA,NA,NA,1,4,1,44,NA,NA,NA,NA,NA,NA,NA,NA
insulin glargine,2024-04-01,0,24999,24999,0,34,1,53,1,54,1,54,NA,NA,NA,NA,NA,NA,NA,NA,NA,NA,NA,NA,NA,NA,NA,NA,1,5,1,45,NA,NA,NA,NA,NA,NA,NA,NA
insulin glargine,2024-05-01,0,27396,27396,0,35,1,54,1,55,1,55,NA,NA,NA,NA,NA,NA,NA,NA,NA,NA,NA,NA,NA,NA,NA,NA,1,6,1,46,NA,NA,NA,NA,NA,NA,NA,NA
insulin glargine,2024-06-01,0,25231,25231,0,36,1,55,1,56,1,56,NA,NA,NA,NA,NA,NA,NA,NA,NA,NA,NA,NA,NA,NA,NA,NA,1,7,1,47,NA,NA,NA,NA,NA,NA,NA,NA
insulin glargine,2024-07-01,0,27888,27888,0,37,1,56,1,57,1,57,NA,NA,NA,NA,NA,NA,NA,NA,NA,NA,NA,NA,NA,NA,NA,NA,1,8,1,48,NA,NA,NA,NA,NA,NA,NA,NA
insulin glargine,2024-08-01,0,27890,27890,0,38,1,57,1,58,1,58,NA,NA,NA,NA,NA,NA,NA,NA,NA,NA,NA,NA,NA,NA,NA,NA,1,9,1,49,NA,NA,NA,NA,NA,NA,NA,NA
insulin glargine,2024-09-01,0,26499,26499,0,39,1,58,1,59,1,59,NA,NA,NA,NA,NA,NA,NA,NA,NA,NA,NA,NA,NA,NA,NA,NA,1,10,1,50,NA,NA,NA,NA,NA,NA,NA,NA
insulin glargine,2024-10-01,0,28671,28671,0,40,1,59,1,60,1,60,NA,NA,NA,NA,NA,NA,NA,NA,NA,NA,NA,NA,NA,NA,NA,NA,1,11,1,51,NA,NA,NA,NA,NA,NA,NA,NA
insulin glargine,2024-11-01,0,28775,28775,0,41,1,60,1,61,1,61,NA,NA,NA,NA,NA,NA,NA,NA,NA,NA,NA,NA,NA,NA,NA,NA,1,12,1,52,NA,NA,NA,NA,NA,NA,NA,NA
insulin glargine,2024-12-01,0,37112,37112,0,42,1,61,1,62,1,62,NA,NA,NA,NA,NA,NA,NA,NA,NA,NA,NA,NA,NA,NA,NA,NA,1,13,1,53,NA,NA,NA,NA,NA,NA,NA,NA
insulin glargine,2025-01-01,0,22395,22395,0,43,1,62,1,63,1,63,NA,NA,NA,NA,NA,NA,NA,NA,NA,NA,NA,NA,NA,NA,NA,NA,1,14,1,54,NA,NA,NA,NA,NA,NA,NA,NA
insulin glargine,2025-02-01,0,22792,22792,0,44,1,63,1,64,1,64,NA,NA,NA,NA,NA,NA,NA,NA,NA,NA,NA,NA,NA,NA,NA,NA,1,15,1,55,NA,NA,NA,NA,NA,NA,NA,NA
insulin glargine,2025-03-01,0,25141,25141,0,45,1,64,1,65,1,65,NA,NA,NA,NA,NA,NA,NA,NA,NA,NA,NA,NA,NA,NA,NA,NA,1,16,1,56,NA,NA,NA,NA,NA,NA,NA,NA
insulin glargine,2025-04-01,0,25270,25270,0,46,1,65,1,66,1,66,NA,NA,NA,NA,NA,NA,NA,NA,NA,NA,NA,NA,NA,NA,NA,NA,1,17,1,57,NA,NA,NA,NA,NA,NA,NA,NA
insulin glargine,2025-05-01,0,27514,27514,0,47,1,66,1,67,1,67,NA,NA,NA,NA,NA,NA,NA,NA,NA,NA,NA,NA,NA,NA,NA,NA,1,18,1,58,NA,NA,NA,NA,NA,NA,NA,NA
insulin glargine,2025-06-01,0,26453,26453,0,48,1,67,1,68,1,68,NA,NA,NA,NA,NA,NA,NA,NA,NA,NA,NA,NA,NA,NA,NA,NA,1,19,1,59,NA,NA,NA,NA,NA,NA,NA,NA
insulin glargine,2025-07-01,0,28299,28299,0,49,1,68,1,69,1,69,NA,NA,NA,NA,NA,NA,NA,NA,NA,NA,NA,NA,NA,NA,NA,NA,1,20,1,60,NA,NA,NA,NA,NA,NA,NA,NA
insulin glargine,2025-08-01,0,27409,27409,0,50,1,69,1,70,1,70,NA,NA,NA,NA,NA,NA,NA,NA,NA,NA,NA,NA,NA,NA,NA,NA,1,21,1,61,NA,NA,NA,NA,NA,NA,NA,NA
insulin glargine,2025-09-01,0,27827,27827,0,51,1,70,1,71,1,71,NA,NA,NA,NA,NA,NA,NA,NA,NA,NA,NA,NA,NA,NA,NA,NA,1,22,1,62,NA,NA,NA,NA,NA,NA,NA,NA
insulin glargine,2025-10-01,0,29060,29060,0,52,1,71,1,72,1,72,NA,NA,NA,NA,NA,NA,NA,NA,NA,NA,NA,NA,NA,NA,NA,NA,1,23,1,63,NA,NA,NA,NA,NA,NA,NA,NA
insulin glargine,2025-11-01,0,28426,28426,0,53,1,72,1,73,1,73,NA,NA,NA,NA,NA,NA,NA,NA,NA,NA,NA,NA,NA,NA,NA,NA,1,24,1,64,NA,NA,NA,NA,NA,NA,NA,NA
pegfilgrastim,2021-07-01,5897,0,5897,1,1,1,20,1,16,1,16,NA,NA,NA,NA,NA,NA,NA,NA,NA,NA,NA,NA,NA,NA,NA,NA,0,0,NA,NA,NA,NA,1,11,NA,NA,NA,NA
pegfilgrastim,2021-08-01,5370,0,5370,1,2,1,21,1,17,1,17,NA,NA,NA,NA,NA,NA,NA,NA,NA,NA,NA,NA,NA,NA,NA,NA,0,0,NA,NA,NA,NA,1,12,NA,NA,NA,NA
pegfilgrastim,2021-09-01,4836,0,4836,1,3,1,22,1,18,1,18,NA,NA,NA,NA,NA,NA,NA,NA,NA,NA,NA,NA,NA,NA,NA,NA,0,0,NA,NA,NA,NA,1,13,NA,NA,NA,NA
pegfilgrastim,2021-10-01,4104,0,4104,1,4,1,23,1,19,1,19,NA,NA,NA,NA,NA,NA,NA,NA,NA,NA,NA,NA,NA,NA,NA,NA,0,0,NA,NA,NA,NA,1,14,NA,NA,NA,NA
pegfilgrastim,2021-11-01,4377,0,4377,1,5,1,24,1,20,1,20,NA,NA,NA,NA,NA,NA,NA,NA,NA,NA,NA,NA,NA,NA,NA,NA,0,0,NA,NA,NA,NA,1,15,NA,NA,NA,NA
pegfilgrastim,2021-12-01,4253,0,4253,1,6,1,25,1,21,1,21,NA,NA,NA,NA,NA,NA,NA,NA,NA,NA,NA,NA,NA,NA,NA,NA,0,0,NA,NA,NA,NA,1,16,NA,NA,NA,NA
pegfilgrastim,2022-01-01,3874,0,3874,1,7,1,26,1,22,1,22,NA,NA,NA,NA,NA,NA,NA,NA,NA,NA,NA,NA,NA,NA,NA,NA,0,0,NA,NA,NA,NA,1,17,NA,NA,NA,NA
pegfilgrastim,2022-02-01,3771,0,3771,1,8,1,27,1,23,1,23,NA,NA,NA,NA,NA,NA,NA,NA,NA,NA,NA,NA,NA,NA,NA,NA,0,0,NA,NA,NA,NA,1,18,NA,NA,NA,NA
pegfilgrastim,2022-03-01,4151,0,4151,1,9,1,28,1,24,1,24,NA,NA,NA,NA,NA,NA,NA,NA,NA,NA,NA,NA,NA,NA,NA,NA,0,0,NA,NA,NA,NA,1,19,NA,NA,NA,NA
pegfilgrastim,2022-04-01,3449,0,3449,1,10,1,29,1,25,1,25,NA,NA,NA,NA,NA,NA,NA,NA,NA,NA,NA,NA,NA,NA,NA,NA,0,0,NA,NA,NA,NA,1,20,NA,NA,NA,NA
pegfilgrastim,2022-05-01,3701,0,3701,1,11,1,30,1,26,1,26,NA,NA,NA,NA,NA,NA,NA,NA,NA,NA,NA,NA,NA,NA,NA,NA,0,0,NA,NA,NA,NA,1,21,NA,NA,NA,NA
pegfilgrastim,2022-06-01,3665,0,3665,1,12,1,31,1,27,1,27,NA,NA,NA,NA,NA,NA,NA,NA,NA,NA,NA,NA,NA,NA,NA,NA,0,0,NA,NA,NA,NA,1,22,NA,NA,NA,NA
pegfilgrastim,2022-07-01,3278,0,3278,1,13,1,32,1,28,1,28,NA,NA,NA,NA,NA,NA,NA,NA,NA,NA,NA,NA,NA,NA,NA,NA,0,0,NA,NA,NA,NA,1,23,NA,NA,NA,NA
pegfilgrastim,2022-08-01,3659,0,3659,1,14,1,33,1,29,1,29,NA,NA,NA,NA,NA,NA,NA,NA,NA,NA,NA,NA,NA,NA,NA,NA,0,0,NA,NA,NA,NA,1,24,NA,NA,NA,NA
pegfilgrastim,2022-09-01,3566,0,3566,1,15,1,34,1,30,1,30,NA,NA,NA,NA,NA,NA,NA,NA,NA,NA,NA,NA,NA,NA,NA,NA,0,0,NA,NA,NA,NA,1,25,NA,NA,NA,NA
pegfilgrastim,2022-10-01,3301,0,3301,1,16,1,35,1,31,1,31,NA,NA,NA,NA,NA,NA,NA,NA,NA,NA,NA,NA,NA,NA,NA,NA,0,0,NA,NA,NA,NA,1,26,NA,NA,NA,NA
pegfilgrastim,2022-11-01,3518,0,3518,1,17,1,36,1,32,1,32,NA,NA,NA,NA,NA,NA,NA,NA,NA,NA,NA,NA,NA,NA,NA,NA,0,0,NA,NA,NA,NA,1,27,NA,NA,NA,NA
pegfilgrastim,2022-12-01,3544,0,3544,1,18,1,37,1,33,1,33,NA,NA,NA,NA,NA,NA,NA,NA,NA,NA,NA,NA,NA,NA,NA,NA,0,0,NA,NA,NA,NA,1,28,NA,NA,NA,NA
pegfilgrastim,2023-01-01,3437,0,3437,1,19,1,38,1,34,1,34,NA,NA,NA,NA,NA,NA,NA,NA,NA,NA,NA,NA,NA,NA,NA,NA,0,0,NA,NA,NA,NA,1,29,NA,NA,NA,NA
pegfilgrastim,2023-02-01,3163,0,3163,1,20,1,39,1,35,1,35,NA,NA,NA,NA,NA,NA,NA,NA,NA,NA,NA,NA,NA,NA,NA,NA,0,0,NA,NA,NA,NA,1,30,NA,NA,NA,NA
pegfilgrastim,2023-03-01,3708,0,3708,1,21,1,40,1,36,1,36,NA,NA,NA,NA,NA,NA,NA,NA,NA,NA,NA,NA,NA,NA,NA,NA,0,0,NA,NA,NA,NA,1,31,NA,NA,NA,NA
pegfilgrastim,2023-04-01,2925,0,2925,1,22,1,41,1,37,1,37,NA,NA,NA,NA,NA,NA,NA,NA,NA,NA,NA,NA,NA,NA,NA,NA,0,0,NA,NA,NA,NA,1,32,NA,NA,NA,NA
pegfilgrastim,2023-05-01,3370,0,3370,1,23,1,42,1,38,1,38,NA,NA,NA,NA,NA,NA,NA,NA,NA,NA,NA,NA,NA,NA,NA,NA,0,0,NA,NA,NA,NA,1,33,NA,NA,NA,NA
pegfilgrastim,2023-06-01,3069,0,3069,1,24,1,43,1,39,1,39,NA,NA,NA,NA,NA,NA,NA,NA,NA,NA,NA,NA,NA,NA,NA,NA,0,0,NA,NA,NA,NA,1,34,NA,NA,NA,NA
pegfilgrastim,2023-07-01,2846,0,2846,1,25,1,44,1,40,1,40,NA,NA,NA,NA,NA,NA,NA,NA,NA,NA,NA,NA,NA,NA,NA,NA,0,0,NA,NA,NA,NA,1,35,NA,NA,NA,NA
pegfilgrastim,2023-08-01,3097,0,3097,1,26,1,45,1,41,1,41,NA,NA,NA,NA,NA,NA,NA,NA,NA,NA,NA,NA,NA,NA,NA,NA,0,0,NA,NA,NA,NA,1,36,NA,NA,NA,NA
pegfilgrastim,2023-09-01,2794,0,2794,1,27,1,46,1,42,1,42,NA,NA,NA,NA,NA,NA,NA,NA,NA,NA,NA,NA,NA,NA,NA,NA,0,0,NA,NA,NA,NA,1,37,NA,NA,NA,NA
pegfilgrastim,2023-10-01,2852,0,2852,1,28,1,47,1,43,1,43,NA,NA,NA,NA,NA,NA,NA,NA,NA,NA,NA,NA,NA,NA,NA,NA,0,0,NA,NA,NA,NA,1,38,NA,NA,NA,NA
pegfilgrastim,2023-11-01,2795,0,2795,1,29,1,48,1,44,1,44,NA,NA,NA,NA,NA,NA,NA,NA,NA,NA,NA,NA,NA,NA,NA,NA,1,0,NA,NA,NA,NA,1,39,NA,NA,NA,NA
pegfilgrastim,2023-12-01,2588,0,2588,1,30,1,49,1,45,1,45,NA,NA,NA,NA,NA,NA,NA,NA,NA,NA,NA,NA,NA,NA,NA,NA,1,1,NA,NA,NA,NA,1,40,NA,NA,NA,NA
pegfilgrastim,2024-01-01,2756,0,2756,1,31,1,50,1,46,1,46,NA,NA,NA,NA,NA,NA,NA,NA,NA,NA,NA,NA,NA,NA,NA,NA,1,2,NA,NA,NA,NA,1,41,NA,NA,NA,NA
pegfilgrastim,2024-02-01,2645,0,2645,1,32,1,51,1,47,1,47,NA,NA,NA,NA,NA,NA,NA,NA,NA,NA,NA,NA,NA,NA,NA,NA,1,3,NA,NA,NA,NA,1,42,NA,NA,NA,NA
pegfilgrastim,2024-03-01,2550,0,2550,1,33,1,52,1,48,1,48,NA,NA,NA,NA,NA,NA,NA,NA,NA,NA,NA,NA,NA,NA,NA,NA,1,4,NA,NA,NA,NA,1,43,NA,NA,NA,NA
pegfilgrastim,2024-04-01,2607,0,2607,1,34,1,53,1,49,1,49,NA,NA,NA,NA,NA,NA,NA,NA,NA,NA,NA,NA,NA,NA,NA,NA,1,5,NA,NA,NA,NA,1,44,NA,NA,NA,NA
pegfilgrastim,2024-05-01,2770,0,2770,1,35,1,54,1,50,1,50,NA,NA,NA,NA,NA,NA,NA,NA,NA,NA,NA,NA,NA,NA,NA,NA,1,6,NA,NA,NA,NA,1,45,NA,NA,NA,NA
pegfilgrastim,2024-06-01,2245,0,2245,1,36,1,55,1,51,1,51,NA,NA,NA,NA,NA,NA,NA,NA,NA,NA,NA,NA,NA,NA,NA,NA,1,7,NA,NA,NA,NA,1,46,NA,NA,NA,NA
pegfilgrastim,2024-07-01,2695,0,2695,1,37,1,56,1,52,1,52,NA,NA,NA,NA,NA,NA,NA,NA,NA,NA,NA,NA,NA,NA,NA,NA,1,8,NA,NA,NA,NA,1,47,NA,NA,NA,NA
pegfilgrastim,2024-08-01,2542,0,2542,1,38,1,57,1,53,1,53,NA,NA,NA,NA,NA,NA,NA,NA,NA,NA,NA,NA,NA,NA,NA,NA,1,9,NA,NA,NA,NA,1,48,NA,NA,NA,NA
pegfilgrastim,2024-09-01,2563,0,2563,1,39,1,58,1,54,1,54,NA,NA,NA,NA,NA,NA,NA,NA,NA,NA,NA,NA,NA,NA,NA,NA,1,10,NA,NA,NA,NA,1,49,NA,NA,NA,NA
pegfilgrastim,2024-10-01,2716,0,2716,1,40,1,59,1,55,1,55,NA,NA,NA,NA,NA,NA,NA,NA,NA,NA,NA,NA,NA,NA,NA,NA,1,11,NA,NA,NA,NA,1,50,NA,NA,NA,NA
pegfilgrastim,2024-11-01,2487,0,2487,1,41,1,60,1,56,1,56,NA,NA,NA,NA,NA,NA,NA,NA,NA,NA,NA,NA,NA,NA,NA,NA,1,12,NA,NA,NA,NA,1,51,NA,NA,NA,NA
pegfilgrastim,2024-12-01,2641,0,2641,1,42,1,61,1,57,1,57,NA,NA,NA,NA,NA,NA,NA,NA,NA,NA,NA,NA,NA,NA,NA,NA,1,13,NA,NA,NA,NA,1,52,NA,NA,NA,NA
pegfilgrastim,2025-01-01,2516,0,2516,1,43,1,62,1,58,1,58,NA,NA,NA,NA,NA,NA,NA,NA,NA,NA,NA,NA,NA,NA,NA,NA,1,14,NA,NA,NA,NA,1,53,NA,NA,NA,NA
pegfilgrastim,2025-02-01,2212,0,2212,1,44,1,63,1,59,1,59,NA,NA,NA,NA,NA,NA,NA,NA,NA,NA,NA,NA,NA,NA,NA,NA,1,15,NA,NA,NA,NA,1,54,NA,NA,NA,NA
pegfilgrastim,2025-03-01,2370,0,2370,1,45,1,64,1,60,1,60,NA,NA,NA,NA,NA,NA,NA,NA,NA,NA,NA,NA,NA,NA,NA,NA,1,16,NA,NA,NA,NA,1,55,NA,NA,NA,NA
pegfilgrastim,2025-04-01,2514,0,2514,1,46,1,65,1,61,1,61,NA,NA,NA,NA,NA,NA,NA,NA,NA,NA,NA,NA,NA,NA,NA,NA,1,17,NA,NA,NA,NA,1,56,NA,NA,NA,NA
pegfilgrastim,2025-05-01,2696,0,2696,1,47,1,66,1,62,1,62,NA,NA,NA,NA,NA,NA,NA,NA,NA,NA,NA,NA,NA,NA,NA,NA,1,18,NA,NA,NA,NA,1,57,NA,NA,NA,NA
pegfilgrastim,2025-06-01,2470,0,2470,1,48,1,67,1,63,1,63,NA,NA,NA,NA,NA,NA,NA,NA,NA,NA,NA,NA,NA,NA,NA,NA,1,19,NA,NA,NA,NA,1,58,NA,NA,NA,NA
pegfilgrastim,2025-07-01,2593,0,2593,1,49,1,68,1,64,1,64,NA,NA,NA,NA,NA,NA,NA,NA,NA,NA,NA,NA,NA,NA,NA,NA,1,20,NA,NA,NA,NA,1,59,NA,NA,NA,NA
pegfilgrastim,2025-08-01,2255,0,2255,1,50,1,69,1,65,1,65,NA,NA,NA,NA,NA,NA,NA,NA,NA,NA,NA,NA,NA,NA,NA,NA,1,21,NA,NA,NA,NA,1,60,NA,NA,NA,NA
pegfilgrastim,2025-09-01,2404,0,2404,1,51,1,70,1,66,1,66,NA,NA,NA,NA,NA,NA,NA,NA,NA,NA,NA,NA,NA,NA,NA,NA,1,22,NA,NA,NA,NA,1,61,NA,NA,NA,NA
pegfilgrastim,2025-10-01,2463,0,2463,1,52,1,71,1,67,1,67,NA,NA,NA,NA,NA,NA,NA,NA,NA,NA,NA,NA,NA,NA,NA,NA,1,23,NA,NA,NA,NA,1,62,NA,NA,NA,NA
pegfilgrastim,2025-11-01,2165,0,2165,1,53,1,72,1,68,1,68,NA,NA,NA,NA,NA,NA,NA,NA,NA,NA,NA,NA,NA,NA,NA,NA,1,24,NA,NA,NA,NA,1,63,NA,NA,NA,NA
rituximab,2009-01-01,0,9584,9584,0,1,0,0,0,0,0,0,0,0,0,0,NA,NA,0,0,0,0,NA,NA,NA,NA,NA,NA,NA,NA,NA,NA,NA,NA,NA,NA,0,0,0,0
rituximab,2009-02-01,0,9968,9968,0,2,0,0,0,0,0,0,0,0,0,0,NA,NA,0,0,0,0,NA,NA,NA,NA,NA,NA,NA,NA,NA,NA,NA,NA,NA,NA,0,0,0,0
rituximab,2009-03-01,0,10764,10764,0,3,0,0,0,0,0,0,0,0,0,0,NA,NA,0,0,0,0,NA,NA,NA,NA,NA,NA,NA,NA,NA,NA,NA,NA,NA,NA,0,0,0,0
rituximab,2009-04-01,0,10268,10268,0,4,0,0,0,0,0,0,0,0,0,0,NA,NA,0,0,0,0,NA,NA,NA,NA,NA,NA,NA,NA,NA,NA,NA,NA,NA,NA,0,0,0,0
rituximab,2009-05-01,0,10008,10008,0,5,0,0,0,0,0,0,0,0,0,0,NA,NA,0,0,0,0,NA,NA,NA,NA,NA,NA,NA,NA,NA,NA,NA,NA,NA,NA,0,0,0,0
rituximab,2009-06-01,0,10550,10550,0,6,0,0,0,0,0,0,0,0,0,0,NA,NA,0,0,0,0,NA,NA,NA,NA,NA,NA,NA,NA,NA,NA,NA,NA,NA,NA,0,0,0,0
rituximab,2009-07-01,0,10350,10350,0,7,0,0,0,0,0,0,0,0,0,0,NA,NA,0,0,0,0,NA,NA,NA,NA,NA,NA,NA,NA,NA,NA,NA,NA,NA,NA,0,0,0,0
rituximab,2009-08-01,0,9662,9662,0,8,0,0,0,0,0,0,0,0,0,0,NA,NA,0,0,0,0,NA,NA,NA,NA,NA,NA,NA,NA,NA,NA,NA,NA,NA,NA,0,0,0,0
rituximab,2009-09-01,0,9638,9638,0,9,0,0,0,0,0,0,0,0,0,0,NA,NA,0,0,0,0,NA,NA,NA,NA,NA,NA,NA,NA,NA,NA,NA,NA,NA,NA,0,0,0,0
rituximab,2009-10-01,0,10154,10154,0,10,0,0,0,0,0,0,0,0,0,0,NA,NA,0,0,0,0,NA,NA,NA,NA,NA,NA,NA,NA,NA,NA,NA,NA,NA,NA,0,0,0,0
rituximab,2009-11-01,0,9524,9524,0,11,0,0,0,0,0,0,0,0,0,0,NA,NA,0,0,0,0,NA,NA,NA,NA,NA,NA,NA,NA,NA,NA,NA,NA,NA,NA,0,0,0,0
rituximab,2009-12-01,0,9486,9486,0,12,0,0,0,0,0,0,0,0,0,0,NA,NA,0,0,0,0,NA,NA,NA,NA,NA,NA,NA,NA,NA,NA,NA,NA,NA,NA,0,0,0,0
rituximab,2010-01-01,0,11574,11574,0,13,0,0,0,0,0,0,0,0,0,0,NA,NA,0,0,0,0,NA,NA,NA,NA,NA,NA,NA,NA,NA,NA,NA,NA,NA,NA,0,0,0,0
rituximab,2010-02-01,0,9884,9884,0,14,0,0,0,0,0,0,0,0,0,0,NA,NA,0,0,0,0,NA,NA,NA,NA,NA,NA,NA,NA,NA,NA,NA,NA,NA,NA,0,0,0,0
rituximab,2010-03-01,0,12060,12060,0,15,0,0,0,0,0,0,0,0,0,0,NA,NA,0,0,0,0,NA,NA,NA,NA,NA,NA,NA,NA,NA,NA,NA,NA,NA,NA,0,0,0,0
rituximab,2010-04-01,0,9260,9260,0,16,0,0,0,0,0,0,0,0,0,0,NA,NA,0,0,0,0,NA,NA,NA,NA,NA,NA,NA,NA,NA,NA,NA,NA,NA,NA,0,0,0,0
rituximab,2010-05-01,0,10070,10070,0,17,0,0,0,0,0,0,0,0,0,0,NA,NA,0,0,0,0,NA,NA,NA,NA,NA,NA,NA,NA,NA,NA,NA,NA,NA,NA,0,0,0,0
rituximab,2010-06-01,0,10888,10888,0,18,0,0,0,0,0,0,0,0,0,0,NA,NA,0,0,0,0,NA,NA,NA,NA,NA,NA,NA,NA,NA,NA,NA,NA,NA,NA,0,0,0,0
rituximab,2010-07-01,0,11086,11086,0,19,0,0,0,0,0,0,0,0,0,0,NA,NA,0,0,0,0,NA,NA,NA,NA,NA,NA,NA,NA,NA,NA,NA,NA,NA,NA,0,0,0,0
rituximab,2010-08-01,0,10268,10268,0,20,0,0,0,0,0,0,0,0,0,0,NA,NA,0,0,0,0,NA,NA,NA,NA,NA,NA,NA,NA,NA,NA,NA,NA,NA,NA,0,0,0,0
rituximab,2010-09-01,0,9916,9916,0,21,0,0,0,0,0,0,0,0,0,0,NA,NA,0,0,0,0,NA,NA,NA,NA,NA,NA,NA,NA,NA,NA,NA,NA,NA,NA,0,0,0,0
rituximab,2010-10-01,0,10958,10958,0,22,0,0,0,0,0,0,0,0,0,0,NA,NA,0,0,0,0,NA,NA,NA,NA,NA,NA,NA,NA,NA,NA,NA,NA,NA,NA,0,0,0,0
rituximab,2010-11-01,0,9712,9712,0,23,0,0,0,0,0,0,0,0,0,0,NA,NA,0,0,0,0,NA,NA,NA,NA,NA,NA,NA,NA,NA,NA,NA,NA,NA,NA,0,0,0,0
rituximab,2010-12-01,0,9038,9038,0,24,0,0,0,0,0,0,0,0,0,0,NA,NA,0,0,0,0,NA,NA,NA,NA,NA,NA,NA,NA,NA,NA,NA,NA,NA,NA,0,0,0,0
rituximab,2011-01-01,0,11132,11132,0,25,0,0,0,0,0,0,0,0,0,0,NA,NA,0,0,0,0,NA,NA,NA,NA,NA,NA,NA,NA,NA,NA,NA,NA,NA,NA,0,0,0,0
rituximab,2011-02-01,0,10016,10016,0,26,0,0,0,0,0,0,0,0,0,0,NA,NA,0,0,0,0,NA,NA,NA,NA,NA,NA,NA,NA,NA,NA,NA,NA,NA,NA,0,0,0,0
rituximab,2011-03-01,0,11698,11698,0,27,0,0,0,0,0,0,0,0,0,0,NA,NA,0,0,0,0,NA,NA,NA,NA,NA,NA,NA,NA,NA,NA,NA,NA,NA,NA,0,0,0,0
rituximab,2011-04-01,0,11096,11096,0,28,0,0,0,0,0,0,0,0,0,0,NA,NA,0,0,0,0,NA,NA,NA,NA,NA,NA,NA,NA,NA,NA,NA,NA,NA,NA,0,0,0,0
rituximab,2011-05-01,0,11040,11040,0,29,0,0,0,0,0,0,0,0,0,0,NA,NA,0,0,0,0,NA,NA,NA,NA,NA,NA,NA,NA,NA,NA,NA,NA,NA,NA,0,0,0,0
rituximab,2011-06-01,0,11550,11550,0,30,0,0,0,0,0,0,0,0,0,0,NA,NA,0,0,0,0,NA,NA,NA,NA,NA,NA,NA,NA,NA,NA,NA,NA,NA,NA,0,0,0,0
rituximab,2011-07-01,0,12550,12550,0,31,0,0,0,0,0,0,0,0,0,0,NA,NA,0,0,0,0,NA,NA,NA,NA,NA,NA,NA,NA,NA,NA,NA,NA,NA,NA,0,0,0,0
rituximab,2011-08-01,0,11976,11976,0,32,0,0,0,0,0,0,0,0,0,0,NA,NA,0,0,0,0,NA,NA,NA,NA,NA,NA,NA,NA,NA,NA,NA,NA,NA,NA,0,0,0,0
rituximab,2011-09-01,0,11576,11576,0,33,0,0,0,0,0,0,0,0,0,0,NA,NA,0,0,0,0,NA,NA,NA,NA,NA,NA,NA,NA,NA,NA,NA,NA,NA,NA,0,0,0,0
rituximab,2011-10-01,0,10702,10702,0,34,0,0,0,0,0,0,0,0,0,0,NA,NA,0,0,0,0,NA,NA,NA,NA,NA,NA,NA,NA,NA,NA,NA,NA,NA,NA,0,0,0,0
rituximab,2011-11-01,0,10576,10576,0,35,0,0,0,0,0,0,0,0,0,0,NA,NA,0,0,0,0,NA,NA,NA,NA,NA,NA,NA,NA,NA,NA,NA,NA,NA,NA,0,0,0,0
rituximab,2011-12-01,0,8728,8728,0,36,0,0,0,0,0,0,0,0,0,0,NA,NA,0,0,0,0,NA,NA,NA,NA,NA,NA,NA,NA,NA,NA,NA,NA,NA,NA,0,0,0,0
rituximab,2012-01-01,0,11042,11042,0,37,0,0,0,0,0,0,0,0,0,0,NA,NA,0,0,0,0,NA,NA,NA,NA,NA,NA,NA,NA,NA,NA,NA,NA,NA,NA,0,0,0,0
rituximab,2012-02-01,0,6816,6816,0,38,0,0,0,0,0,0,0,0,0,0,NA,NA,0,0,0,0,NA,NA,NA,NA,NA,NA,NA,NA,NA,NA,NA,NA,NA,NA,0,0,0,0
rituximab,2012-03-01,0,10152,10152,0,39,0,0,0,0,0,0,0,0,0,0,NA,NA,0,0,0,0,NA,NA,NA,NA,NA,NA,NA,NA,NA,NA,NA,NA,NA,NA,0,0,0,0
rituximab,2012-04-01,0,8218,8218,0,40,0,0,0,0,0,0,0,0,0,0,NA,NA,0,0,0,0,NA,NA,NA,NA,NA,NA,NA,NA,NA,NA,NA,NA,NA,NA,0,0,0,0
rituximab,2012-05-01,0,11400,11400,0,41,0,0,0,0,0,0,0,0,0,0,NA,NA,0,0,0,0,NA,NA,NA,NA,NA,NA,NA,NA,NA,NA,NA,NA,NA,NA,0,0,0,0
rituximab,2012-06-01,0,8788,8788,0,42,0,0,0,0,0,0,0,0,0,0,NA,NA,0,0,0,0,NA,NA,NA,NA,NA,NA,NA,NA,NA,NA,NA,NA,NA,NA,0,0,0,0
rituximab,2012-07-01,0,7634,7634,0,43,0,0,0,0,0,0,0,0,0,0,NA,NA,0,0,0,0,NA,NA,NA,NA,NA,NA,NA,NA,NA,NA,NA,NA,NA,NA,0,0,0,0
rituximab,2012-08-01,0,6112,6112,0,44,0,0,0,0,0,0,0,0,0,0,NA,NA,0,0,0,0,NA,NA,NA,NA,NA,NA,NA,NA,NA,NA,NA,NA,NA,NA,0,0,0,0
rituximab,2012-09-01,0,9328,9328,0,45,0,0,0,0,0,0,0,0,0,0,NA,NA,0,0,0,0,NA,NA,NA,NA,NA,NA,NA,NA,NA,NA,NA,NA,NA,NA,0,0,0,0
rituximab,2012-10-01,0,7206,7206,0,46,0,0,0,0,0,0,0,0,0,0,NA,NA,0,0,0,0,NA,NA,NA,NA,NA,NA,NA,NA,NA,NA,NA,NA,NA,NA,0,0,0,0
rituximab,2012-11-01,0,8224,8224,0,47,0,0,0,0,0,0,0,0,0,0,NA,NA,0,0,0,0,NA,NA,NA,NA,NA,NA,NA,NA,NA,NA,NA,NA,NA,NA,0,0,0,0
rituximab,2012-12-01,0,4786,4786,0,48,0,0,0,0,0,0,0,0,0,0,NA,NA,0,0,0,0,NA,NA,NA,NA,NA,NA,NA,NA,NA,NA,NA,NA,NA,NA,0,0,0,0
rituximab,2013-01-01,0,8180,8180,0,49,0,0,0,0,0,0,0,0,0,0,NA,NA,0,0,0,0,NA,NA,NA,NA,NA,NA,NA,NA,NA,NA,NA,NA,NA,NA,0,0,0,0
rituximab,2013-02-01,0,6320,6320,0,50,0,0,0,0,0,0,0,0,0,0,NA,NA,0,0,0,0,NA,NA,NA,NA,NA,NA,NA,NA,NA,NA,NA,NA,NA,NA,0,0,0,0
rituximab,2013-03-01,0,7476,7476,0,51,0,0,0,0,0,0,0,0,0,0,NA,NA,0,0,0,0,NA,NA,NA,NA,NA,NA,NA,NA,NA,NA,NA,NA,NA,NA,0,0,0,0
rituximab,2013-04-01,0,6008,6008,0,52,0,0,0,0,0,0,0,0,0,0,NA,NA,0,0,0,0,NA,NA,NA,NA,NA,NA,NA,NA,NA,NA,NA,NA,NA,NA,0,0,0,0
rituximab,2013-05-01,0,8076,8076,0,53,0,0,0,0,0,0,0,0,0,0,NA,NA,0,0,0,0,NA,NA,NA,NA,NA,NA,NA,NA,NA,NA,NA,NA,NA,NA,0,0,0,0
rituximab,2013-06-01,0,7792,7792,0,54,0,0,0,0,0,0,0,0,0,0,NA,NA,0,0,0,0,NA,NA,NA,NA,NA,NA,NA,NA,NA,NA,NA,NA,NA,NA,0,0,0,0
rituximab,2013-07-01,0,6400,6400,0,55,0,0,0,0,0,0,0,0,0,0,NA,NA,0,0,0,0,NA,NA,NA,NA,NA,NA,NA,NA,NA,NA,NA,NA,NA,NA,0,0,0,0
rituximab,2013-08-01,0,7358,7358,0,56,0,0,0,0,0,0,0,0,0,0,NA,NA,0,0,0,0,NA,NA,NA,NA,NA,NA,NA,NA,NA,NA,NA,NA,NA,NA,0,0,0,0
rituximab,2013-09-01,0,8000,8000,0,57,0,0,0,0,0,0,0,0,0,0,NA,NA,0,0,0,0,NA,NA,NA,NA,NA,NA,NA,NA,NA,NA,NA,NA,NA,NA,0,0,0,0
rituximab,2013-10-01,0,6526,6526,0,58,0,0,0,0,0,0,0,0,0,0,NA,NA,0,0,0,0,NA,NA,NA,NA,NA,NA,NA,NA,NA,NA,NA,NA,NA,NA,0,0,0,0
rituximab,2013-11-01,0,6558,6558,0,59,0,0,0,0,0,0,0,0,0,0,NA,NA,0,0,0,0,NA,NA,NA,NA,NA,NA,NA,NA,NA,NA,NA,NA,NA,NA,0,0,0,0
rituximab,2013-12-01,0,7226,7226,0,60,0,0,0,0,0,0,0,0,0,0,NA,NA,0,0,0,0,NA,NA,NA,NA,NA,NA,NA,NA,NA,NA,NA,NA,NA,NA,0,0,0,0
rituximab,2014-01-01,0,7270,7270,0,61,0,0,0,0,0,0,0,0,0,0,NA,NA,0,0,0,0,NA,NA,NA,NA,NA,NA,NA,NA,NA,NA,NA,NA,NA,NA,0,0,0,0
rituximab,2014-02-01,0,6328,6328,0,62,0,0,0,0,0,0,0,0,0,0,NA,NA,0,0,0,0,NA,NA,NA,NA,NA,NA,NA,NA,NA,NA,NA,NA,NA,NA,0,0,0,0
rituximab,2014-03-01,0,7608,7608,0,63,0,0,0,0,0,0,0,0,0,0,NA,NA,0,0,0,0,NA,NA,NA,NA,NA,NA,NA,NA,NA,NA,NA,NA,NA,NA,0,0,0,0
rituximab,2014-04-01,0,8290,8290,0,64,0,0,0,0,0,0,0,0,0,0,NA,NA,0,0,0,0,NA,NA,NA,NA,NA,NA,NA,NA,NA,NA,NA,NA,NA,NA,0,0,0,0
rituximab,2014-05-01,0,10530,10530,0,65,0,0,0,0,0,0,0,0,0,0,NA,NA,0,0,0,0,NA,NA,NA,NA,NA,NA,NA,NA,NA,NA,NA,NA,NA,NA,0,0,0,0
rituximab,2014-06-01,0,8374,8374,0,66,0,0,0,0,0,0,0,0,0,0,NA,NA,0,0,0,0,NA,NA,NA,NA,NA,NA,NA,NA,NA,NA,NA,NA,NA,NA,0,0,0,0
rituximab,2014-07-01,0,6242,6242,0,67,0,0,0,0,0,0,0,0,0,0,NA,NA,0,0,0,0,NA,NA,NA,NA,NA,NA,NA,NA,NA,NA,NA,NA,NA,NA,0,0,0,0
rituximab,2014-08-01,0,7390,7390,0,68,0,0,0,0,0,0,0,0,0,0,NA,NA,0,0,0,0,NA,NA,NA,NA,NA,NA,NA,NA,NA,NA,NA,NA,NA,NA,0,0,0,0
rituximab,2014-09-01,0,6916,6916,0,69,0,0,0,0,0,0,0,0,0,0,NA,NA,0,0,0,0,NA,NA,NA,NA,NA,NA,NA,NA,NA,NA,NA,NA,NA,NA,0,0,0,0
rituximab,2014-10-01,0,7132,7132,0,70,0,0,0,0,0,0,0,0,0,0,NA,NA,0,0,0,0,NA,NA,NA,NA,NA,NA,NA,NA,NA,NA,NA,NA,NA,NA,0,0,0,0
rituximab,2014-11-01,0,6532,6532,0,71,0,0,0,0,0,0,0,0,0,0,NA,NA,0,0,0,0,NA,NA,NA,NA,NA,NA,NA,NA,NA,NA,NA,NA,NA,NA,0,0,0,0
rituximab,2014-12-01,0,6716,6716,0,72,0,0,0,0,0,0,0,0,0,0,NA,NA,0,0,0,0,NA,NA,NA,NA,NA,NA,NA,NA,NA,NA,NA,NA,NA,NA,0,0,0,0
rituximab,2015-01-01,0,7498,7498,0,73,0,0,0,0,0,0,0,0,0,0,NA,NA,0,0,0,0,NA,NA,NA,NA,NA,NA,NA,NA,NA,NA,NA,NA,NA,NA,0,0,0,0
rituximab,2015-02-01,0,8568,8568,0,74,0,0,0,0,0,0,0,0,0,0,NA,NA,0,0,0,0,NA,NA,NA,NA,NA,NA,NA,NA,NA,NA,NA,NA,NA,NA,0,0,0,0
rituximab,2015-03-01,0,8694,8694,0,75,0,0,0,0,0,0,0,0,0,0,NA,NA,0,0,0,0,NA,NA,NA,NA,NA,NA,NA,NA,NA,NA,NA,NA,NA,NA,0,0,0,0
rituximab,2015-04-01,0,6308,6308,0,76,0,0,0,0,0,0,0,0,0,0,NA,NA,0,0,0,0,NA,NA,NA,NA,NA,NA,NA,NA,NA,NA,NA,NA,NA,NA,0,0,0,0
rituximab,2015-05-01,0,11990,11990,0,77,0,0,0,0,0,0,0,0,0,0,NA,NA,0,0,0,0,NA,NA,NA,NA,NA,NA,NA,NA,NA,NA,NA,NA,NA,NA,0,0,0,0
rituximab,2015-06-01,0,7794,7794,0,78,0,0,0,0,0,0,0,0,0,0,NA,NA,0,0,0,0,NA,NA,NA,NA,NA,NA,NA,NA,NA,NA,NA,NA,NA,NA,0,0,0,0
rituximab,2015-07-01,0,8404,8404,0,79,0,0,0,0,0,0,0,0,0,0,NA,NA,0,0,0,0,NA,NA,NA,NA,NA,NA,NA,NA,NA,NA,NA,NA,NA,NA,0,0,0,0
rituximab,2015-08-01,0,7230,7230,0,80,0,0,0,0,0,0,0,0,0,0,NA,NA,0,0,0,0,NA,NA,NA,NA,NA,NA,NA,NA,NA,NA,NA,NA,NA,NA,0,0,0,0
rituximab,2015-09-01,0,7000,7000,0,81,0,0,0,0,0,0,0,0,0,0,NA,NA,0,0,0,0,NA,NA,NA,NA,NA,NA,NA,NA,NA,NA,NA,NA,NA,NA,0,0,0,0
rituximab,2015-10-01,0,6982,6982,0,82,0,0,0,0,0,0,0,0,0,0,NA,NA,0,0,0,0,NA,NA,NA,NA,NA,NA,NA,NA,NA,NA,NA,NA,NA,NA,0,0,0,0
rituximab,2015-11-01,0,6536,6536,0,83,0,0,0,0,0,0,0,0,0,0,NA,NA,0,0,0,0,NA,NA,NA,NA,NA,NA,NA,NA,NA,NA,NA,NA,NA,NA,0,0,0,0
rituximab,2015-12-01,0,7442,7442,0,84,0,0,0,0,0,0,0,0,0,0,NA,NA,0,0,0,0,NA,NA,NA,NA,NA,NA,NA,NA,NA,NA,NA,NA,NA,NA,0,0,0,0
rituximab,2016-01-01,0,7324,7324,0,85,0,0,0,0,0,0,0,0,0,0,NA,NA,0,0,0,0,NA,NA,NA,NA,NA,NA,NA,NA,NA,NA,NA,NA,NA,NA,0,0,0,0
rituximab,2016-02-01,0,7162,7162,0,86,0,0,0,0,0,0,0,0,0,0,NA,NA,0,0,0,0,NA,NA,NA,NA,NA,NA,NA,NA,NA,NA,NA,NA,NA,NA,0,0,0,0
rituximab,2016-03-01,0,8826,8826,0,87,0,0,0,0,0,0,0,0,0,0,NA,NA,0,0,0,0,NA,NA,NA,NA,NA,NA,NA,NA,NA,NA,NA,NA,NA,NA,0,0,0,0
rituximab,2016-04-01,0,6954,6954,0,88,0,0,0,0,0,0,0,0,0,0,NA,NA,0,0,0,0,NA,NA,NA,NA,NA,NA,NA,NA,NA,NA,NA,NA,NA,NA,0,0,0,0
rituximab,2016-05-01,0,7648,7648,0,89,0,0,0,0,0,0,0,0,0,0,NA,NA,0,0,0,0,NA,NA,NA,NA,NA,NA,NA,NA,NA,NA,NA,NA,NA,NA,0,0,0,0
rituximab,2016-06-01,0,7328,7328,0,90,0,0,0,0,0,0,0,0,0,0,NA,NA,0,0,0,0,NA,NA,NA,NA,NA,NA,NA,NA,NA,NA,NA,NA,NA,NA,0,0,0,0
rituximab,2016-07-01,0,8854,8854,0,91,0,0,0,0,0,0,0,0,0,0,NA,NA,0,0,0,0,NA,NA,NA,NA,NA,NA,NA,NA,NA,NA,NA,NA,NA,NA,0,0,0,0
rituximab,2016-08-01,0,7176,7176,0,92,0,0,0,0,0,0,0,0,0,0,NA,NA,0,0,0,0,NA,NA,NA,NA,NA,NA,NA,NA,NA,NA,NA,NA,NA,NA,0,0,0,0
rituximab,2016-09-01,0,7354,7354,0,93,0,0,0,0,0,0,0,0,0,0,NA,NA,0,0,0,0,NA,NA,NA,NA,NA,NA,NA,NA,NA,NA,NA,NA,NA,NA,0,0,0,0
rituximab,2016-10-01,0,6844,6844,0,94,0,0,0,0,0,0,0,0,0,0,NA,NA,0,0,0,0,NA,NA,NA,NA,NA,NA,NA,NA,NA,NA,NA,NA,NA,NA,0,0,0,0
rituximab,2016-11-01,0,6656,6656,0,95,0,0,0,0,0,0,0,0,0,0,NA,NA,0,0,0,0,NA,NA,NA,NA,NA,NA,NA,NA,NA,NA,NA,NA,NA,NA,0,0,0,0
rituximab,2016-12-01,0,7372,7372,0,96,0,0,0,0,0,0,0,0,0,0,NA,NA,0,0,0,0,NA,NA,NA,NA,NA,NA,NA,NA,NA,NA,NA,NA,NA,NA,0,0,0,0
rituximab,2017-01-01,0,6360,6360,0,97,0,0,0,0,0,0,0,0,0,0,NA,NA,0,0,0,0,NA,NA,NA,NA,NA,NA,NA,NA,NA,NA,NA,NA,NA,NA,0,0,0,0
rituximab,2017-02-01,0,7088,7088,0,98,0,0,0,0,0,0,0,0,0,0,NA,NA,0,0,0,0,NA,NA,NA,NA,NA,NA,NA,NA,NA,NA,NA,NA,NA,NA,0,0,0,0
rituximab,2017-03-01,0,9304,9304,0,99,0,0,0,0,0,0,0,0,0,0,NA,NA,0,0,0,0,NA,NA,NA,NA,NA,NA,NA,NA,NA,NA,NA,NA,NA,NA,0,0,0,0
rituximab,2017-04-01,0,6606,6606,0,100,0,0,0,0,0,0,0,0,0,0,NA,NA,0,0,0,0,NA,NA,NA,NA,NA,NA,NA,NA,NA,NA,NA,NA,NA,NA,0,0,0,0
rituximab,2017-05-01,0,7058,7058,0,101,0,0,0,0,0,0,0,0,0,0,NA,NA,0,0,0,0,NA,NA,NA,NA,NA,NA,NA,NA,NA,NA,NA,NA,NA,NA,0,0,0,0
rituximab,2017-06-01,0,8468,8468,0,102,0,0,0,0,0,0,0,0,0,0,NA,NA,0,0,0,0,NA,NA,NA,NA,NA,NA,NA,NA,NA,NA,NA,NA,NA,NA,0,0,0,0
rituximab,2017-07-01,0,6572,6572,0,103,0,0,0,0,0,0,0,0,0,0,NA,NA,0,0,0,0,NA,NA,NA,NA,NA,NA,NA,NA,NA,NA,NA,NA,NA,NA,0,0,0,0
rituximab,2017-08-01,0,7918,7918,0,104,0,0,0,0,0,0,0,0,0,0,NA,NA,0,0,0,0,NA,NA,NA,NA,NA,NA,NA,NA,NA,NA,NA,NA,NA,NA,0,0,0,0
rituximab,2017-09-01,0,7226,7226,0,105,0,0,0,0,0,0,0,0,0,0,NA,NA,0,0,0,0,NA,NA,NA,NA,NA,NA,NA,NA,NA,NA,NA,NA,NA,NA,0,0,0,0
rituximab,2017-10-01,0,6390,6390,0,106,0,0,0,0,0,0,0,0,0,0,NA,NA,0,0,0,0,NA,NA,NA,NA,NA,NA,NA,NA,NA,NA,NA,NA,NA,NA,0,0,0,0
rituximab,2017-11-01,0,7392,7392,0,107,0,0,0,0,0,0,0,0,0,0,NA,NA,0,0,0,0,NA,NA,NA,NA,NA,NA,NA,NA,NA,NA,NA,NA,NA,NA,0,0,0,0
rituximab,2017-12-01,0,6846,6846,0,108,0,0,0,0,0,0,0,0,0,0,NA,NA,0,0,0,0,NA,NA,NA,NA,NA,NA,NA,NA,NA,NA,NA,NA,NA,NA,0,0,0,0
rituximab,2018-01-01,0,6196,6196,0,109,0,0,0,0,0,0,0,0,0,0,NA,NA,0,0,0,0,NA,NA,NA,NA,NA,NA,NA,NA,NA,NA,NA,NA,NA,NA,0,0,0,0
rituximab,2018-02-01,0,7680,7680,0,110,0,0,0,0,0,0,0,0,0,0,NA,NA,0,0,0,0,NA,NA,NA,NA,NA,NA,NA,NA,NA,NA,NA,NA,NA,NA,0,0,0,0
rituximab,2018-03-01,0,7098,7098,0,111,0,0,0,0,0,0,0,0,0,0,NA,NA,0,0,0,0,NA,NA,NA,NA,NA,NA,NA,NA,NA,NA,NA,NA,NA,NA,0,0,0,0
rituximab,2018-04-01,0,6248,6248,0,112,0,0,0,0,0,0,0,0,0,0,NA,NA,0,0,0,0,NA,NA,NA,NA,NA,NA,NA,NA,NA,NA,NA,NA,NA,NA,0,0,0,0
rituximab,2018-05-01,0,9310,9310,0,113,0,0,0,0,0,0,0,0,0,0,NA,NA,0,0,0,0,NA,NA,NA,NA,NA,NA,NA,NA,NA,NA,NA,NA,NA,NA,0,0,0,0
rituximab,2018-06-01,0,6898,6898,0,114,0,0,0,0,0,0,0,0,0,0,NA,NA,0,0,0,0,NA,NA,NA,NA,NA,NA,NA,NA,NA,NA,NA,NA,NA,NA,0,0,0,0
rituximab,2018-07-01,0,5926,5926,0,115,0,0,0,0,0,0,0,0,0,0,NA,NA,0,0,0,0,NA,NA,NA,NA,NA,NA,NA,NA,NA,NA,NA,NA,NA,NA,0,0,0,0
rituximab,2018-08-01,0,7002,7002,0,116,0,0,0,0,0,0,0,0,0,0,NA,NA,0,0,0,0,NA,NA,NA,NA,NA,NA,NA,NA,NA,NA,NA,NA,NA,NA,0,0,0,0
rituximab,2018-09-01,0,6694,6694,0,117,0,0,0,0,0,0,0,0,0,0,NA,NA,0,0,0,0,NA,NA,NA,NA,NA,NA,NA,NA,NA,NA,NA,NA,NA,NA,0,0,0,0
rituximab,2018-10-01,0,6510,6510,0,118,0,0,0,0,0,0,0,0,0,0,NA,NA,0,0,0,0,NA,NA,NA,NA,NA,NA,NA,NA,NA,NA,NA,NA,NA,NA,0,0,0,0
rituximab,2018-11-01,0,7082,7082,0,119,0,0,0,0,0,0,0,0,0,0,NA,NA,0,0,0,0,NA,NA,NA,NA,NA,NA,NA,NA,NA,NA,NA,NA,NA,NA,0,0,0,0
rituximab,2018-12-01,0,6606,6606,0,120,0,0,0,0,0,0,0,0,0,0,NA,NA,0,0,0,0,NA,NA,NA,NA,NA,NA,NA,NA,NA,NA,NA,NA,NA,NA,0,0,0,0
rituximab,2019-01-01,0,6264,6264,0,121,0,0,0,0,0,0,0,0,0,0,NA,NA,0,0,0,0,NA,NA,NA,NA,NA,NA,NA,NA,NA,NA,NA,NA,NA,NA,0,0,0,0
rituximab,2019-02-01,0,6232,6232,0,122,0,0,0,0,0,0,0,0,0,0,NA,NA,0,0,0,0,NA,NA,NA,NA,NA,NA,NA,NA,NA,NA,NA,NA,NA,NA,0,0,0,0
rituximab,2019-03-01,0,7004,7004,0,123,0,0,0,0,0,0,0,0,0,0,NA,NA,0,0,0,0,NA,NA,NA,NA,NA,NA,NA,NA,NA,NA,NA,NA,NA,NA,0,0,0,0
rituximab,2019-04-01,0,5528,5528,0,124,0,0,0,0,0,0,0,0,0,0,NA,NA,0,0,0,0,NA,NA,NA,NA,NA,NA,NA,NA,NA,NA,NA,NA,NA,NA,0,0,0,0
rituximab,2019-05-01,0,7864,7864,0,125,0,0,0,0,0,0,0,0,0,0,NA,NA,0,0,0,0,NA,NA,NA,NA,NA,NA,NA,NA,NA,NA,NA,NA,NA,NA,0,0,0,0
rituximab,2019-06-01,0,7408,7408,0,126,0,0,0,0,0,0,0,0,0,0,NA,NA,0,0,0,0,NA,NA,NA,NA,NA,NA,NA,NA,NA,NA,NA,NA,NA,NA,0,0,0,0
rituximab,2019-07-01,0,6560,6560,0,127,0,0,0,0,0,0,0,0,0,0,NA,NA,0,0,0,0,NA,NA,NA,NA,NA,NA,NA,NA,NA,NA,NA,NA,NA,NA,0,0,0,0
rituximab,2019-08-01,0,7164,7164,0,128,0,0,0,0,0,0,0,0,0,0,NA,NA,0,0,0,0,NA,NA,NA,NA,NA,NA,NA,NA,NA,NA,NA,NA,NA,NA,0,0,0,0
rituximab,2019-09-01,0,6178,6178,0,129,0,0,0,0,0,0,0,0,0,0,NA,NA,0,0,0,0,NA,NA,NA,NA,NA,NA,NA,NA,NA,NA,NA,NA,NA,NA,0,0,0,0
rituximab,2019-10-01,0,6302,6302,0,130,0,0,1,0,0,0,0,0,0,0,NA,NA,0,0,0,0,NA,NA,NA,NA,NA,NA,NA,NA,NA,NA,NA,NA,NA,NA,0,0,0,0
rituximab,2019-11-01,10,6572,6582,0.0015192950470981465,131,1,0,1,1,0,0,0,0,0,0,NA,NA,0,0,0,0,NA,NA,NA,NA,NA,NA,NA,NA,NA,NA,NA,NA,NA,NA,0,0,0,0
rituximab,2019-12-01,36,6880,6916,0.005205320994794679,132,1,1,1,2,0,0,0,0,0,0,NA,NA,0,0,0,0,NA,NA,NA,NA,NA,NA,NA,NA,NA,NA,NA,NA,NA,NA,0,0,0,0
rituximab,2020-01-01,12,7912,7924,0.001514386673397274,133,1,2,1,3,1,0,1,0,0,0,NA,NA,0,0,0,0,NA,NA,NA,NA,NA,NA,NA,NA,NA,NA,NA,NA,NA,NA,0,0,0,0
rituximab,2020-02-01,12,6688,6700,0.001791044776119403,134,1,3,1,4,1,1,1,1,0,0,NA,NA,0,0,0,0,NA,NA,NA,NA,NA,NA,NA,NA,NA,NA,NA,NA,NA,NA,0,0,0,0
rituximab,2020-03-01,16,5966,5982,0.0026746907388833165,135,1,4,1,5,1,2,1,2,0,0,NA,NA,0,0,0,0,NA,NA,NA,NA,NA,NA,NA,NA,NA,NA,NA,NA,NA,NA,0,0,0,0
rituximab,2020-04-01,30,6684,6714,0.004468275245755138,136,1,5,1,6,1,3,1,3,0,0,NA,NA,0,0,0,0,NA,NA,NA,NA,NA,NA,NA,NA,NA,NA,NA,NA,NA,NA,0,0,0,0
rituximab,2020-05-01,64,6382,6446,0.009928637914986037,137,1,6,1,7,1,4,1,4,0,0,NA,NA,0,0,0,0,NA,NA,NA,NA,NA,NA,NA,NA,NA,NA,NA,NA,NA,NA,0,0,0,0
rituximab,2020-06-01,92,5970,6062,0.015176509402837348,138,1,7,1,8,1,5,1,5,0,0,NA,NA,0,0,0,0,NA,NA,NA,NA,NA,NA,NA,NA,NA,NA,NA,NA,NA,NA,0,0,0,0
rituximab,2020-07-01,178,6588,6766,0.026308010641442506,139,1,8,1,9,1,6,1,6,0,0,NA,NA,0,0,0,0,NA,NA,NA,NA,NA,NA,NA,NA,NA,NA,NA,NA,NA,NA,0,0,0,0
rituximab,2020-08-01,162,6708,6870,0.023580786026200874,140,1,9,1,10,1,7,1,7,0,0,NA,NA,0,0,0,0,NA,NA,NA,NA,NA,NA,NA,NA,NA,NA,NA,NA,NA,NA,0,0,0,0
rituximab,2020-09-01,216,5986,6202,0.034827475008061916,141,1,10,1,11,1,8,1,8,0,0,NA,NA,0,0,0,0,NA,NA,NA,NA,NA,NA,NA,NA,NA,NA,NA,NA,NA,NA,0,0,0,0
rituximab,2020-10-01,204,6422,6626,0.030787805614246905,142,1,11,1,12,1,9,1,9,0,0,NA,NA,0,0,0,0,NA,NA,NA,NA,NA,NA,NA,NA,NA,NA,NA,NA,NA,NA,0,0,0,0
rituximab,2020-11-01,162,5644,5806,0.027902170168790905,143,1,12,1,13,1,10,1,10,0,0,NA,NA,0,0,0,0,NA,NA,NA,NA,NA,NA,NA,NA,NA,NA,NA,NA,NA,NA,0,0,0,0
rituximab,2020-12-01,254,7406,7660,0.03315926892950392,144,1,13,1,14,1,11,1,11,0,0,NA,NA,0,0,0,0,NA,NA,NA,NA,NA,NA,NA,NA,NA,NA,NA,NA,NA,NA,0,0,0,0
rituximab,2021-01-01,146,5776,5922,0.02465383316447146,145,1,14,1,15,1,12,1,12,0,0,NA,NA,0,0,0,0,NA,NA,NA,NA,NA,NA,NA,NA,NA,NA,NA,NA,NA,NA,0,0,0,0
rituximab,2021-02-01,276,6812,7088,0.03893905191873589,146,1,15,1,16,1,13,1,13,0,0,NA,NA,0,0,0,0,NA,NA,NA,NA,NA,NA,NA,NA,NA,NA,NA,NA,NA,NA,0,0,0,0
rituximab,2021-03-01,258,7906,8164,0.031602155805977465,147,1,16,1,17,1,14,1,14,0,0,NA,NA,0,0,0,0,NA,NA,NA,NA,NA,NA,NA,NA,NA,NA,NA,NA,NA,NA,0,0,0,0
rituximab,2021-04-01,278,7044,7322,0.03796776836929801,148,1,17,1,18,1,15,1,15,0,0,NA,NA,0,0,0,0,NA,NA,NA,NA,NA,NA,NA,NA,NA,NA,NA,NA,NA,NA,1,0,0,0
rituximab,2021-05-01,274,6428,6702,0.0408833184124142,149,1,18,1,19,1,16,1,16,0,0,NA,NA,0,0,0,0,NA,NA,NA,NA,NA,NA,NA,NA,NA,NA,NA,NA,NA,NA,1,1,0,0
rituximab,2021-06-01,242,6082,6324,0.038266919671094246,150,1,19,1,20,1,17,1,17,0,0,NA,NA,0,0,0,0,NA,NA,NA,NA,NA,NA,NA,NA,NA,NA,NA,NA,NA,NA,1,2,0,0
rituximab,2021-07-01,332,6418,6750,0.049185185185185186,151,1,20,1,21,1,18,1,18,0,0,NA,NA,0,0,0,0,NA,NA,NA,NA,NA,NA,NA,NA,NA,NA,NA,NA,NA,NA,1,3,0,0
rituximab,2021-08-01,347,6185,6532,0.05312308634415187,152,1,21,1,22,1,19,1,19,0,0,NA,NA,0,0,0,0,NA,NA,NA,NA,NA,NA,NA,NA,NA,NA,NA,NA,NA,NA,1,4,0,0
rituximab,2021-09-01,320,6851,7171,0.04462418072793195,153,1,22,1,23,1,20,1,20,0,0,NA,NA,0,0,0,0,NA,NA,NA,NA,NA,NA,NA,NA,NA,NA,NA,NA,NA,NA,1,5,0,0
rituximab,2021-10-01,353,5727,6080,0.05805921052631579,154,1,23,1,24,1,21,1,21,0,0,NA,NA,0,0,0,0,NA,NA,NA,NA,NA,NA,NA,NA,NA,NA,NA,NA,NA,NA,1,6,1,0
rituximab,2021-11-01,471,6084,6555,0.07185354691075514,155,1,24,1,25,1,22,1,22,0,0,NA,NA,0,0,0,0,NA,NA,NA,NA,NA,NA,NA,NA,NA,NA,NA,NA,NA,NA,1,7,1,1
rituximab,2021-12-01,459,6089,6548,0.07009773976786805,156,1,25,1,26,1,23,1,23,0,0,NA,NA,0,0,0,0,NA,NA,NA,NA,NA,NA,NA,NA,NA,NA,NA,NA,NA,NA,1,8,1,2
rituximab,2022-01-01,365,4850,5215,0.06999041227229147,157,1,26,1,27,1,24,1,24,0,0,NA,NA,0,0,0,0,NA,NA,NA,NA,NA,NA,NA,NA,NA,NA,NA,NA,NA,NA,1,9,1,3
rituximab,2022-02-01,336,4815,5151,0.06523005241700641,158,1,27,1,28,1,25,1,25,0,0,NA,NA,0,0,0,0,NA,NA,NA,NA,NA,NA,NA,NA,NA,NA,NA,NA,NA,NA,1,10,1,4
rituximab,2022-03-01,399,5671,6070,0.0657331136738056,159,1,28,1,29,1,26,1,26,0,0,NA,NA,0,0,0,0,NA,NA,NA,NA,NA,NA,NA,NA,NA,NA,NA,NA,NA,NA,1,11,1,5
rituximab,2022-04-01,356,5121,5477,0.06499908709147344,160,1,29,1,30,1,27,1,27,0,0,NA,NA,0,0,0,0,NA,NA,NA,NA,NA,NA,NA,NA,NA,NA,NA,NA,NA,NA,1,12,1,6
rituximab,2022-05-01,513,5670,6183,0.08296943231441048,161,1,30,1,31,1,28,1,28,0,0,NA,NA,0,0,0,0,NA,NA,NA,NA,NA,NA,NA,NA,NA,NA,NA,NA,NA,NA,1,13,1,7
rituximab,2022-06-01,522,5916,6438,0.08108108108108109,162,1,31,1,32,1,29,1,29,0,0,NA,NA,0,0,0,0,NA,NA,NA,NA,NA,NA,NA,NA,NA,NA,NA,NA,NA,NA,1,14,1,8
rituximab,2022-07-01,236,2618,2854,0.08269096005606166,163,1,32,1,33,1,30,1,30,0,0,NA,NA,0,0,0,0,NA,NA,NA,NA,NA,NA,NA,NA,NA,NA,NA,NA,NA,NA,1,15,1,9
rituximab,2022-08-01,224,2786,3010,0.07441860465116279,164,1,33,1,34,1,31,1,31,0,0,NA,NA,0,0,0,0,NA,NA,NA,NA,NA,NA,NA,NA,NA,NA,NA,NA,NA,NA,1,16,1,10
rituximab,2022-09-01,1528,1686,3214,0.47542003733665217,165,1,34,1,35,1,32,1,32,1,0,NA,NA,1,0,0,0,NA,NA,NA,NA,NA,NA,NA,NA,NA,NA,NA,NA,NA,NA,1,17,1,11
rituximab,2022-10-01,2425,1172,3597,0.6741729218793439,166,1,35,1,36,1,33,1,33,1,1,NA,NA,1,1,0,0,NA,NA,NA,NA,NA,NA,NA,NA,NA,NA,NA,NA,NA,NA,1,18,1,12
rituximab,2022-11-01,3288,743,4031,0.8156784916894071,167,1,36,1,37,1,34,1,34,1,2,NA,NA,1,2,0,0,NA,NA,NA,NA,NA,NA,NA,NA,NA,NA,NA,NA,NA,NA,1,19,1,13
rituximab,2022-12-01,3465,422,3887,0.8914329817339851,168,1,37,1,38,1,35,1,35,1,3,NA,NA,1,3,0,0,NA,NA,NA,NA,NA,NA,NA,NA,NA,NA,NA,NA,NA,NA,1,20,1,14
rituximab,2023-01-01,3480,263,3743,0.9297355062783863,169,1,38,1,39,1,36,1,36,1,4,NA,NA,1,4,0,0,NA,NA,NA,NA,NA,NA,NA,NA,NA,NA,NA,NA,NA,NA,1,21,1,15
rituximab,2023-02-01,3451,151,3602,0.9580788450860633,170,1,39,1,40,1,37,1,37,1,5,NA,NA,1,5,0,0,NA,NA,NA,NA,NA,NA,NA,NA,NA,NA,NA,NA,NA,NA,1,22,1,16
rituximab,2023-03-01,4238,0,4238,1,171,1,40,1,41,1,38,1,38,1,6,NA,NA,1,6,0,0,NA,NA,NA,NA,NA,NA,NA,NA,NA,NA,NA,NA,NA,NA,1,23,1,17
rituximab,2023-04-01,3502,0,3502,1,172,1,41,1,42,1,39,1,39,1,7,NA,NA,1,7,0,0,NA,NA,NA,NA,NA,NA,NA,NA,NA,NA,NA,NA,NA,NA,1,24,1,18
rituximab,2023-05-01,4250,0,4250,1,173,1,42,1,43,1,40,1,40,1,8,NA,NA,1,8,0,0,NA,NA,NA,NA,NA,NA,NA,NA,NA,NA,NA,NA,NA,NA,1,25,1,19
rituximab,2023-06-01,4163,0,4163,1,174,1,43,1,44,1,41,1,41,1,9,NA,NA,1,9,0,0,NA,NA,NA,NA,NA,NA,NA,NA,NA,NA,NA,NA,NA,NA,1,26,1,20
rituximab,2023-07-01,3747,0,3747,1,175,1,44,1,45,1,42,1,42,1,10,NA,NA,1,10,0,0,NA,NA,NA,NA,NA,NA,NA,NA,NA,NA,NA,NA,NA,NA,1,27,1,21
rituximab,2023-08-01,4290,0,4290,1,176,1,45,1,46,1,43,1,43,1,11,NA,NA,1,11,0,0,NA,NA,NA,NA,NA,NA,NA,NA,NA,NA,NA,NA,NA,NA,1,28,1,22
rituximab,2023-09-01,4023,0,4023,1,177,1,46,1,47,1,44,1,44,1,12,NA,NA,1,12,0,0,NA,NA,NA,NA,NA,NA,NA,NA,NA,NA,NA,NA,NA,NA,1,29,1,23
rituximab,2023-10-01,4386,0,4386,1,178,1,47,1,48,1,45,1,45,1,13,NA,NA,1,13,0,0,NA,NA,NA,NA,NA,NA,NA,NA,NA,NA,NA,NA,NA,NA,1,30,1,24
rituximab,2023-11-01,4606,0,4606,1,179,1,48,1,49,1,46,1,46,1,14,NA,NA,1,14,1,0,NA,NA,NA,NA,NA,NA,NA,NA,NA,NA,NA,NA,NA,NA,1,31,1,25
rituximab,2023-12-01,4061,0,4061,1,180,1,49,1,50,1,47,1,47,1,15,NA,NA,1,15,1,1,NA,NA,NA,NA,NA,NA,NA,NA,NA,NA,NA,NA,NA,NA,1,32,1,26
rituximab,2024-01-01,4248,0,4248,1,181,1,50,1,51,1,48,1,48,1,16,NA,NA,1,16,1,2,NA,NA,NA,NA,NA,NA,NA,NA,NA,NA,NA,NA,NA,NA,1,33,1,27
rituximab,2024-02-01,4158,0,4158,1,182,1,51,1,52,1,49,1,49,1,17,NA,NA,1,17,1,3,NA,NA,NA,NA,NA,NA,NA,NA,NA,NA,NA,NA,NA,NA,1,34,1,28
rituximab,2024-03-01,4130,0,4130,1,183,1,52,1,53,1,50,1,50,1,18,NA,NA,1,18,1,4,NA,NA,NA,NA,NA,NA,NA,NA,NA,NA,NA,NA,NA,NA,1,35,1,29
rituximab,2024-04-01,4283,0,4283,1,184,1,53,1,54,1,51,1,51,1,19,NA,NA,1,19,1,5,NA,NA,NA,NA,NA,NA,NA,NA,NA,NA,NA,NA,NA,NA,1,36,1,30
rituximab,2024-05-01,4948,0,4948,1,185,1,54,1,55,1,52,1,52,1,20,NA,NA,1,20,1,6,NA,NA,NA,NA,NA,NA,NA,NA,NA,NA,NA,NA,NA,NA,1,37,1,31
rituximab,2024-06-01,4152,0,4152,1,186,1,55,1,56,1,53,1,53,1,21,NA,NA,1,21,1,7,NA,NA,NA,NA,NA,NA,NA,NA,NA,NA,NA,NA,NA,NA,1,38,1,32
rituximab,2024-07-01,4708,0,4708,1,187,1,56,1,57,1,54,1,54,1,22,NA,NA,1,22,1,8,NA,NA,NA,NA,NA,NA,NA,NA,NA,NA,NA,NA,NA,NA,1,39,1,33
rituximab,2024-08-01,4479,0,4479,1,188,1,57,1,58,1,55,1,55,1,23,NA,NA,1,23,1,9,NA,NA,NA,NA,NA,NA,NA,NA,NA,NA,NA,NA,NA,NA,1,40,1,34
rituximab,2024-09-01,4223,0,4223,1,189,1,58,1,59,1,56,1,56,1,24,NA,NA,1,24,1,10,NA,NA,NA,NA,NA,NA,NA,NA,NA,NA,NA,NA,NA,NA,1,41,1,35
rituximab,2024-10-01,4940,0,4940,1,190,1,59,1,60,1,57,1,57,1,25,NA,NA,1,25,1,11,NA,NA,NA,NA,NA,NA,NA,NA,NA,NA,NA,NA,NA,NA,1,42,1,36
rituximab,2024-11-01,4543,0,4543,1,191,1,60,1,61,1,58,1,58,1,26,NA,NA,1,26,1,12,NA,NA,NA,NA,NA,NA,NA,NA,NA,NA,NA,NA,NA,NA,1,43,1,37
rituximab,2024-12-01,4491,0,4491,1,192,1,61,1,62,1,59,1,59,1,27,NA,NA,1,27,1,13,NA,NA,NA,NA,NA,NA,NA,NA,NA,NA,NA,NA,NA,NA,1,44,1,38
rituximab,2025-01-01,4647,0,4647,1,193,1,62,1,63,1,60,1,60,1,28,NA,NA,1,28,1,14,NA,NA,NA,NA,NA,NA,NA,NA,NA,NA,NA,NA,NA,NA,1,45,1,39
rituximab,2025-02-01,4435,0,4435,1,194,1,63,1,64,1,61,1,61,1,29,NA,NA,1,29,1,15,NA,NA,NA,NA,NA,NA,NA,NA,NA,NA,NA,NA,NA,NA,1,46,1,40
rituximab,2025-03-01,4637,0,4637,1,195,1,64,1,65,1,62,1,62,1,30,NA,NA,1,30,1,16,NA,NA,NA,NA,NA,NA,NA,NA,NA,NA,NA,NA,NA,NA,1,47,1,41
rituximab,2025-04-01,4466,0,4466,1,196,1,65,1,66,1,63,1,63,1,31,NA,NA,1,31,1,17,NA,NA,NA,NA,NA,NA,NA,NA,NA,NA,NA,NA,NA,NA,1,48,1,42
rituximab,2025-05-01,5083,0,5083,1,197,1,66,1,67,1,64,1,64,1,32,NA,NA,1,32,1,18,NA,NA,NA,NA,NA,NA,NA,NA,NA,NA,NA,NA,NA,NA,1,49,1,43
rituximab,2025-06-01,4692,0,4692,1,198,1,67,1,68,1,65,1,65,1,33,NA,NA,1,33,1,19,NA,NA,NA,NA,NA,NA,NA,NA,NA,NA,NA,NA,NA,NA,1,50,1,44
rituximab,2025-07-01,5147,0,5147,1,199,1,68,1,69,1,66,1,66,1,34,NA,NA,1,34,1,20,NA,NA,NA,NA,NA,NA,NA,NA,NA,NA,NA,NA,NA,NA,1,51,1,45
rituximab,2025-08-01,4670,0,4670,1,200,1,69,1,70,1,67,1,67,1,35,NA,NA,1,35,1,21,NA,NA,NA,NA,NA,NA,NA,NA,NA,NA,NA,NA,NA,NA,1,52,1,46
rituximab,2025-09-01,4901,0,4901,1,201,1,70,1,71,1,68,1,68,1,36,NA,NA,1,36,1,22,NA,NA,NA,NA,NA,NA,NA,NA,NA,NA,NA,NA,NA,NA,1,53,1,47
rituximab,2025-10-01,5120,0,5120,1,202,1,71,1,72,1,69,1,69,1,37,NA,NA,1,37,1,23,NA,NA,NA,NA,NA,NA,NA,NA,NA,NA,NA,NA,NA,NA,1,54,1,48
rituximab,2025-11-01,4792,0,4792,1,203,1,72,1,73,1,70,1,70,1,38,NA,NA,1,38,1,24,NA,NA,NA,NA,NA,NA,NA,NA,NA,NA,NA,NA,NA,NA,1,55,1,49
trastuzumab,2009-01-01,0,3348,3348,0,1,0,0,0,0,0,0,0,0,0,0,NA,NA,NA,NA,NA,NA,NA,NA,0,0,NA,NA,0,0,NA,NA,NA,NA,NA,NA,NA,NA,NA,NA
trastuzumab,2009-02-01,0,3272,3272,0,2,0,0,0,0,0,0,0,0,0,0,NA,NA,NA,NA,NA,NA,NA,NA,0,0,NA,NA,0,0,NA,NA,NA,NA,NA,NA,NA,NA,NA,NA
trastuzumab,2009-03-01,0,3572,3572,0,3,0,0,0,0,0,0,0,0,0,0,NA,NA,NA,NA,NA,NA,NA,NA,0,0,NA,NA,0,0,NA,NA,NA,NA,NA,NA,NA,NA,NA,NA
trastuzumab,2009-04-01,0,3702,3702,0,4,0,0,0,0,0,0,0,0,0,0,NA,NA,NA,NA,NA,NA,NA,NA,0,0,NA,NA,0,0,NA,NA,NA,NA,NA,NA,NA,NA,NA,NA
trastuzumab,2009-05-01,0,3412,3412,0,5,0,0,0,0,0,0,0,0,0,0,NA,NA,NA,NA,NA,NA,NA,NA,0,0,NA,NA,0,0,NA,NA,NA,NA,NA,NA,NA,NA,NA,NA
trastuzumab,2009-06-01,0,3220,3220,0,6,0,0,0,0,0,0,0,0,0,0,NA,NA,NA,NA,NA,NA,NA,NA,0,0,NA,NA,0,0,NA,NA,NA,NA,NA,NA,NA,NA,NA,NA
trastuzumab,2009-07-01,0,3478,3478,0,7,0,0,0,0,0,0,0,0,0,0,NA,NA,NA,NA,NA,NA,NA,NA,0,0,NA,NA,0,0,NA,NA,NA,NA,NA,NA,NA,NA,NA,NA
trastuzumab,2009-08-01,0,3564,3564,0,8,0,0,0,0,0,0,0,0,0,0,NA,NA,NA,NA,NA,NA,NA,NA,0,0,NA,NA,0,0,NA,NA,NA,NA,NA,NA,NA,NA,NA,NA
trastuzumab,2009-09-01,0,3346,3346,0,9,0,0,0,0,0,0,0,0,0,0,NA,NA,NA,NA,NA,NA,NA,NA,0,0,NA,NA,0,0,NA,NA,NA,NA,NA,NA,NA,NA,NA,NA
trastuzumab,2009-10-01,0,3824,3824,0,10,0,0,0,0,0,0,0,0,0,0,NA,NA,NA,NA,NA,NA,NA,NA,0,0,NA,NA,0,0,NA,NA,NA,NA,NA,NA,NA,NA,NA,NA
trastuzumab,2009-11-01,0,3412,3412,0,11,0,0,0,0,0,0,0,0,0,0,NA,NA,NA,NA,NA,NA,NA,NA,0,0,NA,NA,0,0,NA,NA,NA,NA,NA,NA,NA,NA,NA,NA
trastuzumab,2009-12-01,0,3426,3426,0,12,0,0,0,0,0,0,0,0,0,0,NA,NA,NA,NA,NA,NA,NA,NA,0,0,NA,NA,0,0,NA,NA,NA,NA,NA,NA,NA,NA,NA,NA
trastuzumab,2010-01-01,0,4146,4146,0,13,0,0,0,0,0,0,0,0,0,0,NA,NA,NA,NA,NA,NA,NA,NA,0,0,NA,NA,0,0,NA,NA,NA,NA,NA,NA,NA,NA,NA,NA
trastuzumab,2010-02-01,0,3494,3494,0,14,0,0,0,0,0,0,0,0,0,0,NA,NA,NA,NA,NA,NA,NA,NA,0,0,NA,NA,0,0,NA,NA,NA,NA,NA,NA,NA,NA,NA,NA
trastuzumab,2010-03-01,0,4068,4068,0,15,0,0,0,0,0,0,0,0,0,0,NA,NA,NA,NA,NA,NA,NA,NA,0,0,NA,NA,0,0,NA,NA,NA,NA,NA,NA,NA,NA,NA,NA
trastuzumab,2010-04-01,0,3136,3136,0,16,0,0,0,0,0,0,0,0,0,0,NA,NA,NA,NA,NA,NA,NA,NA,0,0,NA,NA,0,0,NA,NA,NA,NA,NA,NA,NA,NA,NA,NA
trastuzumab,2010-05-01,0,3630,3630,0,17,0,0,0,0,0,0,0,0,0,0,NA,NA,NA,NA,NA,NA,NA,NA,0,0,NA,NA,0,0,NA,NA,NA,NA,NA,NA,NA,NA,NA,NA
trastuzumab,2010-06-01,0,3670,3670,0,18,0,0,0,0,0,0,0,0,0,0,NA,NA,NA,NA,NA,NA,NA,NA,0,0,NA,NA,0,0,NA,NA,NA,NA,NA,NA,NA,NA,NA,NA
trastuzumab,2010-07-01,0,3966,3966,0,19,0,0,0,0,0,0,0,0,0,0,NA,NA,NA,NA,NA,NA,NA,NA,0,0,NA,NA,0,0,NA,NA,NA,NA,NA,NA,NA,NA,NA,NA
trastuzumab,2010-08-01,0,3492,3492,0,20,0,0,0,0,0,0,0,0,0,0,NA,NA,NA,NA,NA,NA,NA,NA,0,0,NA,NA,0,0,NA,NA,NA,NA,NA,NA,NA,NA,NA,NA
trastuzumab,2010-09-01,0,3442,3442,0,21,0,0,0,0,0,0,0,0,0,0,NA,NA,NA,NA,NA,NA,NA,NA,0,0,NA,NA,0,0,NA,NA,NA,NA,NA,NA,NA,NA,NA,NA
trastuzumab,2010-10-01,0,3938,3938,0,22,0,0,0,0,0,0,0,0,0,0,NA,NA,NA,NA,NA,NA,NA,NA,0,0,NA,NA,0,0,NA,NA,NA,NA,NA,NA,NA,NA,NA,NA
trastuzumab,2010-11-01,0,3582,3582,0,23,0,0,0,0,0,0,0,0,0,0,NA,NA,NA,NA,NA,NA,NA,NA,0,0,NA,NA,0,0,NA,NA,NA,NA,NA,NA,NA,NA,NA,NA
trastuzumab,2010-12-01,0,2926,2926,0,24,0,0,0,0,0,0,0,0,0,0,NA,NA,NA,NA,NA,NA,NA,NA,0,0,NA,NA,0,0,NA,NA,NA,NA,NA,NA,NA,NA,NA,NA
trastuzumab,2011-01-01,0,3822,3822,0,25,0,0,0,0,0,0,0,0,0,0,NA,NA,NA,NA,NA,NA,NA,NA,0,0,NA,NA,0,0,NA,NA,NA,NA,NA,NA,NA,NA,NA,NA
trastuzumab,2011-02-01,0,3686,3686,0,26,0,0,0,0,0,0,0,0,0,0,NA,NA,NA,NA,NA,NA,NA,NA,0,0,NA,NA,0,0,NA,NA,NA,NA,NA,NA,NA,NA,NA,NA
trastuzumab,2011-03-01,0,4182,4182,0,27,0,0,0,0,0,0,0,0,0,0,NA,NA,NA,NA,NA,NA,NA,NA,0,0,NA,NA,0,0,NA,NA,NA,NA,NA,NA,NA,NA,NA,NA
trastuzumab,2011-04-01,0,4106,4106,0,28,0,0,0,0,0,0,0,0,0,0,NA,NA,NA,NA,NA,NA,NA,NA,0,0,NA,NA,0,0,NA,NA,NA,NA,NA,NA,NA,NA,NA,NA
trastuzumab,2011-05-01,0,4002,4002,0,29,0,0,0,0,0,0,0,0,0,0,NA,NA,NA,NA,NA,NA,NA,NA,0,0,NA,NA,0,0,NA,NA,NA,NA,NA,NA,NA,NA,NA,NA
trastuzumab,2011-06-01,0,4306,4306,0,30,0,0,0,0,0,0,0,0,0,0,NA,NA,NA,NA,NA,NA,NA,NA,0,0,NA,NA,0,0,NA,NA,NA,NA,NA,NA,NA,NA,NA,NA
trastuzumab,2011-07-01,0,5324,5324,0,31,0,0,0,0,0,0,0,0,0,0,NA,NA,NA,NA,NA,NA,NA,NA,0,0,NA,NA,0,0,NA,NA,NA,NA,NA,NA,NA,NA,NA,NA
trastuzumab,2011-08-01,0,4532,4532,0,32,0,0,0,0,0,0,0,0,0,0,NA,NA,NA,NA,NA,NA,NA,NA,0,0,NA,NA,0,0,NA,NA,NA,NA,NA,NA,NA,NA,NA,NA
trastuzumab,2011-09-01,0,4752,4752,0,33,0,0,0,0,0,0,0,0,0,0,NA,NA,NA,NA,NA,NA,NA,NA,0,0,NA,NA,0,0,NA,NA,NA,NA,NA,NA,NA,NA,NA,NA
trastuzumab,2011-10-01,0,4218,4218,0,34,0,0,0,0,0,0,0,0,0,0,NA,NA,NA,NA,NA,NA,NA,NA,0,0,NA,NA,0,0,NA,NA,NA,NA,NA,NA,NA,NA,NA,NA
trastuzumab,2011-11-01,0,4588,4588,0,35,0,0,0,0,0,0,0,0,0,0,NA,NA,NA,NA,NA,NA,NA,NA,0,0,NA,NA,0,0,NA,NA,NA,NA,NA,NA,NA,NA,NA,NA
trastuzumab,2011-12-01,0,3758,3758,0,36,0,0,0,0,0,0,0,0,0,0,NA,NA,NA,NA,NA,NA,NA,NA,0,0,NA,NA,0,0,NA,NA,NA,NA,NA,NA,NA,NA,NA,NA
trastuzumab,2012-01-01,0,4818,4818,0,37,0,0,0,0,0,0,0,0,0,0,NA,NA,NA,NA,NA,NA,NA,NA,0,0,NA,NA,0,0,NA,NA,NA,NA,NA,NA,NA,NA,NA,NA
trastuzumab,2012-02-01,0,3194,3194,0,38,0,0,0,0,0,0,0,0,0,0,NA,NA,NA,NA,NA,NA,NA,NA,0,0,NA,NA,0,0,NA,NA,NA,NA,NA,NA,NA,NA,NA,NA
trastuzumab,2012-03-01,0,4682,4682,0,39,0,0,0,0,0,0,0,0,0,0,NA,NA,NA,NA,NA,NA,NA,NA,0,0,NA,NA,0,0,NA,NA,NA,NA,NA,NA,NA,NA,NA,NA
trastuzumab,2012-04-01,0,4420,4420,0,40,0,0,0,0,0,0,0,0,0,0,NA,NA,NA,NA,NA,NA,NA,NA,0,0,NA,NA,0,0,NA,NA,NA,NA,NA,NA,NA,NA,NA,NA
trastuzumab,2012-05-01,0,6046,6046,0,41,0,0,0,0,0,0,0,0,0,0,NA,NA,NA,NA,NA,NA,NA,NA,0,0,NA,NA,0,0,NA,NA,NA,NA,NA,NA,NA,NA,NA,NA
trastuzumab,2012-06-01,0,5438,5438,0,42,0,0,0,0,0,0,0,0,0,0,NA,NA,NA,NA,NA,NA,NA,NA,0,0,NA,NA,0,0,NA,NA,NA,NA,NA,NA,NA,NA,NA,NA
trastuzumab,2012-07-01,0,4640,4640,0,43,0,0,0,0,0,0,0,0,0,0,NA,NA,NA,NA,NA,NA,NA,NA,0,0,NA,NA,0,0,NA,NA,NA,NA,NA,NA,NA,NA,NA,NA
trastuzumab,2012-08-01,0,3692,3692,0,44,0,0,0,0,0,0,0,0,0,0,NA,NA,NA,NA,NA,NA,NA,NA,0,0,NA,NA,0,0,NA,NA,NA,NA,NA,NA,NA,NA,NA,NA
trastuzumab,2012-09-01,0,6016,6016,0,45,0,0,0,0,0,0,0,0,0,0,NA,NA,NA,NA,NA,NA,NA,NA,0,0,NA,NA,0,0,NA,NA,NA,NA,NA,NA,NA,NA,NA,NA
trastuzumab,2012-10-01,0,4132,4132,0,46,0,0,0,0,0,0,0,0,0,0,NA,NA,NA,NA,NA,NA,NA,NA,0,0,NA,NA,0,0,NA,NA,NA,NA,NA,NA,NA,NA,NA,NA
trastuzumab,2012-11-01,0,4956,4956,0,47,0,0,0,0,0,0,0,0,0,0,NA,NA,NA,NA,NA,NA,NA,NA,0,0,NA,NA,0,0,NA,NA,NA,NA,NA,NA,NA,NA,NA,NA
trastuzumab,2012-12-01,0,2802,2802,0,48,0,0,0,0,0,0,0,0,0,0,NA,NA,NA,NA,NA,NA,NA,NA,0,0,NA,NA,0,0,NA,NA,NA,NA,NA,NA,NA,NA,NA,NA
trastuzumab,2013-01-01,0,5282,5282,0,49,0,0,0,0,0,0,0,0,0,0,NA,NA,NA,NA,NA,NA,NA,NA,0,0,NA,NA,0,0,NA,NA,NA,NA,NA,NA,NA,NA,NA,NA
trastuzumab,2013-02-01,0,3906,3906,0,50,0,0,0,0,0,0,0,0,0,0,NA,NA,NA,NA,NA,NA,NA,NA,0,0,NA,NA,0,0,NA,NA,NA,NA,NA,NA,NA,NA,NA,NA
trastuzumab,2013-03-01,0,5162,5162,0,51,0,0,0,0,0,0,0,0,0,0,NA,NA,NA,NA,NA,NA,NA,NA,0,0,NA,NA,0,0,NA,NA,NA,NA,NA,NA,NA,NA,NA,NA
trastuzumab,2013-04-01,0,4378,4378,0,52,0,0,0,0,0,0,0,0,0,0,NA,NA,NA,NA,NA,NA,NA,NA,0,0,NA,NA,0,0,NA,NA,NA,NA,NA,NA,NA,NA,NA,NA
trastuzumab,2013-05-01,0,4712,4712,0,53,0,0,0,0,0,0,0,0,0,0,NA,NA,NA,NA,NA,NA,NA,NA,0,0,NA,NA,0,0,NA,NA,NA,NA,NA,NA,NA,NA,NA,NA
trastuzumab,2013-06-01,0,4982,4982,0,54,0,0,0,0,0,0,0,0,0,0,NA,NA,NA,NA,NA,NA,NA,NA,0,0,NA,NA,0,0,NA,NA,NA,NA,NA,NA,NA,NA,NA,NA
trastuzumab,2013-07-01,0,4274,4274,0,55,0,0,0,0,0,0,0,0,0,0,NA,NA,NA,NA,NA,NA,NA,NA,0,0,NA,NA,0,0,NA,NA,NA,NA,NA,NA,NA,NA,NA,NA
trastuzumab,2013-08-01,0,4986,4986,0,56,0,0,0,0,0,0,0,0,0,0,NA,NA,NA,NA,NA,NA,NA,NA,0,0,NA,NA,0,0,NA,NA,NA,NA,NA,NA,NA,NA,NA,NA
trastuzumab,2013-09-01,0,5582,5582,0,57,0,0,0,0,0,0,0,0,0,0,NA,NA,NA,NA,NA,NA,NA,NA,0,0,NA,NA,0,0,NA,NA,NA,NA,NA,NA,NA,NA,NA,NA
trastuzumab,2013-10-01,0,4276,4276,0,58,0,0,0,0,0,0,0,0,0,0,NA,NA,NA,NA,NA,NA,NA,NA,0,0,NA,NA,0,0,NA,NA,NA,NA,NA,NA,NA,NA,NA,NA
trastuzumab,2013-11-01,0,4418,4418,0,59,0,0,0,0,0,0,0,0,0,0,NA,NA,NA,NA,NA,NA,NA,NA,0,0,NA,NA,0,0,NA,NA,NA,NA,NA,NA,NA,NA,NA,NA
trastuzumab,2013-12-01,0,4976,4976,0,60,0,0,0,0,0,0,0,0,0,0,NA,NA,NA,NA,NA,NA,NA,NA,0,0,NA,NA,0,0,NA,NA,NA,NA,NA,NA,NA,NA,NA,NA
trastuzumab,2014-01-01,0,5132,5132,0,61,0,0,0,0,0,0,0,0,0,0,NA,NA,NA,NA,NA,NA,NA,NA,0,0,NA,NA,0,0,NA,NA,NA,NA,NA,NA,NA,NA,NA,NA
trastuzumab,2014-02-01,0,4318,4318,0,62,0,0,0,0,0,0,0,0,0,0,NA,NA,NA,NA,NA,NA,NA,NA,0,0,NA,NA,0,0,NA,NA,NA,NA,NA,NA,NA,NA,NA,NA
trastuzumab,2014-03-01,0,5940,5940,0,63,0,0,0,0,0,0,0,0,0,0,NA,NA,NA,NA,NA,NA,NA,NA,0,0,NA,NA,0,0,NA,NA,NA,NA,NA,NA,NA,NA,NA,NA
trastuzumab,2014-04-01,0,5134,5134,0,64,0,0,0,0,0,0,0,0,0,0,NA,NA,NA,NA,NA,NA,NA,NA,0,0,NA,NA,0,0,NA,NA,NA,NA,NA,NA,NA,NA,NA,NA
trastuzumab,2014-05-01,0,7626,7626,0,65,0,0,0,0,0,0,0,0,0,0,NA,NA,NA,NA,NA,NA,NA,NA,0,0,NA,NA,0,0,NA,NA,NA,NA,NA,NA,NA,NA,NA,NA
trastuzumab,2014-06-01,0,5816,5816,0,66,0,0,0,0,0,0,0,0,0,0,NA,NA,NA,NA,NA,NA,NA,NA,0,0,NA,NA,0,0,NA,NA,NA,NA,NA,NA,NA,NA,NA,NA
trastuzumab,2014-07-01,0,4516,4516,0,67,0,0,0,0,0,0,0,0,0,0,NA,NA,NA,NA,NA,NA,NA,NA,0,0,NA,NA,0,0,NA,NA,NA,NA,NA,NA,NA,NA,NA,NA
trastuzumab,2014-08-01,0,5114,5114,0,68,0,0,0,0,0,0,0,0,0,0,NA,NA,NA,NA,NA,NA,NA,NA,0,0,NA,NA,0,0,NA,NA,NA,NA,NA,NA,NA,NA,NA,NA
trastuzumab,2014-09-01,0,4772,4772,0,69,0,0,0,0,0,0,0,0,0,0,NA,NA,NA,NA,NA,NA,NA,NA,0,0,NA,NA,0,0,NA,NA,NA,NA,NA,NA,NA,NA,NA,NA
trastuzumab,2014-10-01,0,4914,4914,0,70,0,0,0,0,0,0,0,0,0,0,NA,NA,NA,NA,NA,NA,NA,NA,0,0,NA,NA,0,0,NA,NA,NA,NA,NA,NA,NA,NA,NA,NA
trastuzumab,2014-11-01,0,4930,4930,0,71,0,0,0,0,0,0,0,0,0,0,NA,NA,NA,NA,NA,NA,NA,NA,0,0,NA,NA,0,0,NA,NA,NA,NA,NA,NA,NA,NA,NA,NA
trastuzumab,2014-12-01,0,4424,4424,0,72,0,0,0,0,0,0,0,0,0,0,NA,NA,NA,NA,NA,NA,NA,NA,0,0,NA,NA,0,0,NA,NA,NA,NA,NA,NA,NA,NA,NA,NA
trastuzumab,2015-01-01,0,5304,5304,0,73,0,0,0,0,0,0,0,0,0,0,NA,NA,NA,NA,NA,NA,NA,NA,0,0,NA,NA,0,0,NA,NA,NA,NA,NA,NA,NA,NA,NA,NA
trastuzumab,2015-02-01,0,6188,6188,0,74,0,0,0,0,0,0,0,0,0,0,NA,NA,NA,NA,NA,NA,NA,NA,0,0,NA,NA,0,0,NA,NA,NA,NA,NA,NA,NA,NA,NA,NA
trastuzumab,2015-03-01,0,6134,6134,0,75,0,0,0,0,0,0,0,0,0,0,NA,NA,NA,NA,NA,NA,NA,NA,0,0,NA,NA,0,0,NA,NA,NA,NA,NA,NA,NA,NA,NA,NA
trastuzumab,2015-04-01,0,4482,4482,0,76,0,0,0,0,0,0,0,0,0,0,NA,NA,NA,NA,NA,NA,NA,NA,0,0,NA,NA,0,0,NA,NA,NA,NA,NA,NA,NA,NA,NA,NA
trastuzumab,2015-05-01,0,8478,8478,0,77,0,0,0,0,0,0,0,0,0,0,NA,NA,NA,NA,NA,NA,NA,NA,0,0,NA,NA,0,0,NA,NA,NA,NA,NA,NA,NA,NA,NA,NA
trastuzumab,2015-06-01,0,5588,5588,0,78,0,0,0,0,0,0,0,0,0,0,NA,NA,NA,NA,NA,NA,NA,NA,0,0,NA,NA,0,0,NA,NA,NA,NA,NA,NA,NA,NA,NA,NA
trastuzumab,2015-07-01,0,6212,6212,0,79,0,0,0,0,0,0,0,0,0,0,NA,NA,NA,NA,NA,NA,NA,NA,0,0,NA,NA,0,0,NA,NA,NA,NA,NA,NA,NA,NA,NA,NA
trastuzumab,2015-08-01,0,6772,6772,0,80,0,0,0,0,0,0,0,0,0,0,NA,NA,NA,NA,NA,NA,NA,NA,0,0,NA,NA,0,0,NA,NA,NA,NA,NA,NA,NA,NA,NA,NA
trastuzumab,2015-09-01,0,7634,7634,0,81,0,0,0,0,0,0,0,0,0,0,NA,NA,NA,NA,NA,NA,NA,NA,0,0,NA,NA,0,0,NA,NA,NA,NA,NA,NA,NA,NA,NA,NA
trastuzumab,2015-10-01,0,8088,8088,0,82,0,0,0,0,0,0,0,0,0,0,NA,NA,NA,NA,NA,NA,NA,NA,0,0,NA,NA,0,0,NA,NA,NA,NA,NA,NA,NA,NA,NA,NA
trastuzumab,2015-11-01,0,7608,7608,0,83,0,0,0,0,0,0,0,0,0,0,NA,NA,NA,NA,NA,NA,NA,NA,0,0,NA,NA,0,0,NA,NA,NA,NA,NA,NA,NA,NA,NA,NA
trastuzumab,2015-12-01,0,8834,8834,0,84,0,0,0,0,0,0,0,0,0,0,NA,NA,NA,NA,NA,NA,NA,NA,0,0,NA,NA,0,0,NA,NA,NA,NA,NA,NA,NA,NA,NA,NA
trastuzumab,2016-01-01,0,7876,7876,0,85,0,0,0,0,0,0,0,0,0,0,NA,NA,NA,NA,NA,NA,NA,NA,0,0,NA,NA,0,0,NA,NA,NA,NA,NA,NA,NA,NA,NA,NA
trastuzumab,2016-02-01,0,8694,8694,0,86,0,0,0,0,0,0,0,0,0,0,NA,NA,NA,NA,NA,NA,NA,NA,0,0,NA,NA,0,0,NA,NA,NA,NA,NA,NA,NA,NA,NA,NA
trastuzumab,2016-03-01,0,9866,9866,0,87,0,0,0,0,0,0,0,0,0,0,NA,NA,NA,NA,NA,NA,NA,NA,0,0,NA,NA,0,0,NA,NA,NA,NA,NA,NA,NA,NA,NA,NA
trastuzumab,2016-04-01,0,8008,8008,0,88,0,0,0,0,0,0,0,0,0,0,NA,NA,NA,NA,NA,NA,NA,NA,0,0,NA,NA,0,0,NA,NA,NA,NA,NA,NA,NA,NA,NA,NA
trastuzumab,2016-05-01,0,8974,8974,0,89,0,0,0,0,0,0,0,0,0,0,NA,NA,NA,NA,NA,NA,NA,NA,0,0,NA,NA,0,0,NA,NA,NA,NA,NA,NA,NA,NA,NA,NA
trastuzumab,2016-06-01,0,7754,7754,0,90,0,0,0,0,0,0,0,0,0,0,NA,NA,NA,NA,NA,NA,NA,NA,0,0,NA,NA,0,0,NA,NA,NA,NA,NA,NA,NA,NA,NA,NA
trastuzumab,2016-07-01,0,10358,10358,0,91,0,0,0,0,0,0,0,0,0,0,NA,NA,NA,NA,NA,NA,NA,NA,0,0,NA,NA,0,0,NA,NA,NA,NA,NA,NA,NA,NA,NA,NA
trastuzumab,2016-08-01,0,8536,8536,0,92,0,0,0,0,0,0,0,0,0,0,NA,NA,NA,NA,NA,NA,NA,NA,0,0,NA,NA,0,0,NA,NA,NA,NA,NA,NA,NA,NA,NA,NA
trastuzumab,2016-09-01,0,8194,8194,0,93,0,0,0,0,0,0,0,0,0,0,NA,NA,NA,NA,NA,NA,NA,NA,0,0,NA,NA,0,0,NA,NA,NA,NA,NA,NA,NA,NA,NA,NA
trastuzumab,2016-10-01,0,7742,7742,0,94,0,0,0,0,0,0,0,0,0,0,NA,NA,NA,NA,NA,NA,NA,NA,0,0,NA,NA,0,0,NA,NA,NA,NA,NA,NA,NA,NA,NA,NA
trastuzumab,2016-11-01,0,7796,7796,0,95,0,0,0,0,0,0,0,0,0,0,NA,NA,NA,NA,NA,NA,NA,NA,0,0,NA,NA,0,0,NA,NA,NA,NA,NA,NA,NA,NA,NA,NA
trastuzumab,2016-12-01,0,9550,9550,0,96,0,0,0,0,0,0,0,0,0,0,NA,NA,NA,NA,NA,NA,NA,NA,0,0,NA,NA,0,0,NA,NA,NA,NA,NA,NA,NA,NA,NA,NA
trastuzumab,2017-01-01,0,8044,8044,0,97,0,0,0,0,0,0,0,0,0,0,NA,NA,NA,NA,NA,NA,NA,NA,0,0,NA,NA,0,0,NA,NA,NA,NA,NA,NA,NA,NA,NA,NA
trastuzumab,2017-02-01,0,9420,9420,0,98,0,0,0,0,0,0,0,0,0,0,NA,NA,NA,NA,NA,NA,NA,NA,0,0,NA,NA,0,0,NA,NA,NA,NA,NA,NA,NA,NA,NA,NA
trastuzumab,2017-03-01,0,10058,10058,0,99,0,0,0,0,0,0,0,0,0,0,NA,NA,NA,NA,NA,NA,NA,NA,0,0,NA,NA,0,0,NA,NA,NA,NA,NA,NA,NA,NA,NA,NA
trastuzumab,2017-04-01,0,7570,7570,0,100,0,0,0,0,0,0,0,0,0,0,NA,NA,NA,NA,NA,NA,NA,NA,0,0,NA,NA,0,0,NA,NA,NA,NA,NA,NA,NA,NA,NA,NA
trastuzumab,2017-05-01,0,8654,8654,0,101,0,0,0,0,0,0,0,0,0,0,NA,NA,NA,NA,NA,NA,NA,NA,0,0,NA,NA,0,0,NA,NA,NA,NA,NA,NA,NA,NA,NA,NA
trastuzumab,2017-06-01,0,10408,10408,0,102,0,0,0,0,0,0,0,0,0,0,NA,NA,NA,NA,NA,NA,NA,NA,0,0,NA,NA,0,0,NA,NA,NA,NA,NA,NA,NA,NA,NA,NA
trastuzumab,2017-07-01,0,8288,8288,0,103,0,0,0,0,0,0,0,0,0,0,NA,NA,NA,NA,NA,NA,NA,NA,0,0,NA,NA,0,0,NA,NA,NA,NA,NA,NA,NA,NA,NA,NA
trastuzumab,2017-08-01,0,10060,10060,0,104,0,0,0,0,0,0,0,0,0,0,NA,NA,NA,NA,NA,NA,NA,NA,0,0,NA,NA,0,0,NA,NA,NA,NA,NA,NA,NA,NA,NA,NA
trastuzumab,2017-09-01,0,9468,9468,0,105,0,0,0,0,0,0,0,0,0,0,NA,NA,NA,NA,NA,NA,NA,NA,0,0,NA,NA,0,0,NA,NA,NA,NA,NA,NA,NA,NA,NA,NA
trastuzumab,2017-10-01,0,7934,7934,0,106,0,0,0,0,0,0,0,0,0,0,NA,NA,NA,NA,NA,NA,NA,NA,0,0,NA,NA,0,0,NA,NA,NA,NA,NA,NA,NA,NA,NA,NA
trastuzumab,2017-11-01,0,9560,9560,0,107,0,0,0,0,0,0,0,0,0,0,NA,NA,NA,NA,NA,NA,NA,NA,0,0,NA,NA,0,0,NA,NA,NA,NA,NA,NA,NA,NA,NA,NA
trastuzumab,2017-12-01,0,8830,8830,0,108,0,0,0,0,0,0,0,0,0,0,NA,NA,NA,NA,NA,NA,NA,NA,0,0,NA,NA,0,0,NA,NA,NA,NA,NA,NA,NA,NA,NA,NA
trastuzumab,2018-01-01,0,7936,7936,0,109,0,0,0,0,0,0,0,0,0,0,NA,NA,NA,NA,NA,NA,NA,NA,0,0,NA,NA,0,0,NA,NA,NA,NA,NA,NA,NA,NA,NA,NA
trastuzumab,2018-02-01,0,10420,10420,0,110,0,0,0,0,0,0,0,0,0,0,NA,NA,NA,NA,NA,NA,NA,NA,0,0,NA,NA,0,0,NA,NA,NA,NA,NA,NA,NA,NA,NA,NA
trastuzumab,2018-03-01,0,9296,9296,0,111,0,0,0,0,0,0,0,0,0,0,NA,NA,NA,NA,NA,NA,NA,NA,0,0,NA,NA,0,0,NA,NA,NA,NA,NA,NA,NA,NA,NA,NA
trastuzumab,2018-04-01,0,8550,8550,0,112,0,0,0,0,0,0,0,0,0,0,NA,NA,NA,NA,NA,NA,NA,NA,0,0,NA,NA,0,0,NA,NA,NA,NA,NA,NA,NA,NA,NA,NA
trastuzumab,2018-05-01,0,13034,13034,0,113,0,0,0,0,0,0,0,0,0,0,NA,NA,NA,NA,NA,NA,NA,NA,0,0,NA,NA,0,0,NA,NA,NA,NA,NA,NA,NA,NA,NA,NA
trastuzumab,2018-06-01,0,9256,9256,0,114,0,0,0,0,0,0,0,0,0,0,NA,NA,NA,NA,NA,NA,NA,NA,0,0,NA,NA,0,0,NA,NA,NA,NA,NA,NA,NA,NA,NA,NA
trastuzumab,2018-07-01,0,7918,7918,0,115,0,0,0,0,0,0,0,0,0,0,NA,NA,NA,NA,NA,NA,NA,NA,0,0,NA,NA,0,0,NA,NA,NA,NA,NA,NA,NA,NA,NA,NA
trastuzumab,2018-08-01,0,9126,9126,0,116,0,0,0,0,0,0,0,0,0,0,NA,NA,NA,NA,NA,NA,NA,NA,0,0,NA,NA,0,0,NA,NA,NA,NA,NA,NA,NA,NA,NA,NA
trastuzumab,2018-09-01,0,9272,9272,0,117,0,0,0,0,0,0,0,0,0,0,NA,NA,NA,NA,NA,NA,NA,NA,0,0,NA,NA,0,0,NA,NA,NA,NA,NA,NA,NA,NA,NA,NA
trastuzumab,2018-10-01,0,8706,8706,0,118,0,0,0,0,0,0,0,0,0,0,NA,NA,NA,NA,NA,NA,NA,NA,0,0,NA,NA,0,0,NA,NA,NA,NA,NA,NA,NA,NA,NA,NA
trastuzumab,2018-11-01,0,9022,9022,0,119,0,0,0,0,0,0,0,0,0,0,NA,NA,NA,NA,NA,NA,NA,NA,0,0,NA,NA,0,0,NA,NA,NA,NA,NA,NA,NA,NA,NA,NA
trastuzumab,2018-12-01,0,10350,10350,0,120,0,0,0,0,0,0,0,0,0,0,NA,NA,NA,NA,NA,NA,NA,NA,0,0,NA,NA,0,0,NA,NA,NA,NA,NA,NA,NA,NA,NA,NA
trastuzumab,2019-01-01,0,9224,9224,0,121,0,0,0,0,0,0,0,0,0,0,NA,NA,NA,NA,NA,NA,NA,NA,0,0,NA,NA,0,0,NA,NA,NA,NA,NA,NA,NA,NA,NA,NA
trastuzumab,2019-02-01,0,8614,8614,0,122,0,0,0,0,0,0,0,0,0,0,NA,NA,NA,NA,NA,NA,NA,NA,0,0,NA,NA,0,0,NA,NA,NA,NA,NA,NA,NA,NA,NA,NA
trastuzumab,2019-03-01,0,10434,10434,0,123,0,0,0,0,0,0,0,0,0,0,NA,NA,NA,NA,NA,NA,NA,NA,0,0,NA,NA,0,0,NA,NA,NA,NA,NA,NA,NA,NA,NA,NA
trastuzumab,2019-04-01,0,7952,7952,0,124,0,0,0,0,0,0,0,0,0,0,NA,NA,NA,NA,NA,NA,NA,NA,0,0,NA,NA,0,0,NA,NA,NA,NA,NA,NA,NA,NA,NA,NA
trastuzumab,2019-05-01,0,12034,12034,0,125,0,0,0,0,0,0,0,0,0,0,NA,NA,NA,NA,NA,NA,NA,NA,0,0,NA,NA,0,0,NA,NA,NA,NA,NA,NA,NA,NA,NA,NA
trastuzumab,2019-06-01,0,10430,10430,0,126,0,0,0,0,0,0,0,0,0,0,NA,NA,NA,NA,NA,NA,NA,NA,0,0,NA,NA,0,0,NA,NA,NA,NA,NA,NA,NA,NA,NA,NA
trastuzumab,2019-07-01,0,10254,10254,0,127,0,0,0,0,0,0,0,0,0,0,NA,NA,NA,NA,NA,NA,NA,NA,0,0,NA,NA,0,0,NA,NA,NA,NA,NA,NA,NA,NA,NA,NA
trastuzumab,2019-08-01,8518,1400,9918,0.8588425085702762,128,0,0,1,0,1,0,0,0,0,0,NA,NA,NA,NA,NA,NA,NA,NA,0,0,NA,NA,0,0,NA,NA,NA,NA,NA,NA,NA,NA,NA,NA
trastuzumab,2019-09-01,7520,1498,9018,0.8338877799955644,129,0,0,1,1,1,1,0,0,0,0,NA,NA,NA,NA,NA,NA,NA,NA,0,0,NA,NA,0,0,NA,NA,NA,NA,NA,NA,NA,NA,NA,NA
trastuzumab,2019-10-01,7860,1356,9216,0.8528645833333334,130,0,0,1,2,1,2,0,0,0,0,NA,NA,NA,NA,NA,NA,NA,NA,0,0,NA,NA,0,0,NA,NA,NA,NA,NA,NA,NA,NA,NA,NA
trastuzumab,2019-11-01,8980,1450,10430,0.8609779482262704,131,1,0,1,3,1,3,0,0,0,0,NA,NA,NA,NA,NA,NA,NA,NA,0,0,NA,NA,0,0,NA,NA,NA,NA,NA,NA,NA,NA,NA,NA
trastuzumab,2019-12-01,8482,1534,10016,0.8468450479233227,132,1,1,1,4,1,4,0,0,0,0,NA,NA,NA,NA,NA,NA,NA,NA,0,0,NA,NA,0,0,NA,NA,NA,NA,NA,NA,NA,NA,NA,NA
trastuzumab,2020-01-01,10918,1638,12556,0.8695444409047467,133,1,2,1,5,1,5,0,0,0,0,NA,NA,NA,NA,NA,NA,NA,NA,0,0,NA,NA,0,0,NA,NA,NA,NA,NA,NA,NA,NA,NA,NA
trastuzumab,2020-02-01,8590,1374,9964,0.8621035728623043,134,1,3,1,6,1,6,0,0,0,0,NA,NA,NA,NA,NA,NA,NA,NA,0,0,NA,NA,0,0,NA,NA,NA,NA,NA,NA,NA,NA,NA,NA
trastuzumab,2020-03-01,7712,1322,9034,0.8536639362408678,135,1,4,1,7,1,7,0,0,0,0,NA,NA,NA,NA,NA,NA,NA,NA,0,0,NA,NA,0,0,NA,NA,NA,NA,NA,NA,NA,NA,NA,NA
trastuzumab,2020-04-01,9710,1428,11138,0.8717902675525229,136,1,5,1,8,1,8,1,0,0,0,NA,NA,NA,NA,NA,NA,NA,NA,0,0,NA,NA,0,0,NA,NA,NA,NA,NA,NA,NA,NA,NA,NA
trastuzumab,2020-05-01,8778,1552,10330,0.8497579864472411,137,1,6,1,9,1,9,1,1,1,0,NA,NA,NA,NA,NA,NA,NA,NA,0,0,NA,NA,0,0,NA,NA,NA,NA,NA,NA,NA,NA,NA,NA
trastuzumab,2020-06-01,8066,1480,9546,0.8449612403100775,138,1,7,1,10,1,10,1,2,1,1,NA,NA,NA,NA,NA,NA,NA,NA,0,0,NA,NA,0,0,NA,NA,NA,NA,NA,NA,NA,NA,NA,NA
trastuzumab,2020-07-01,9156,1606,10762,0.8507712321129901,139,1,8,1,11,1,11,1,3,1,2,NA,NA,NA,NA,NA,NA,NA,NA,0,0,NA,NA,0,0,NA,NA,NA,NA,NA,NA,NA,NA,NA,NA
trastuzumab,2020-08-01,10104,1556,11660,0.8665523156089194,140,1,9,1,12,1,12,1,4,1,3,NA,NA,NA,NA,NA,NA,NA,NA,0,0,NA,NA,0,0,NA,NA,NA,NA,NA,NA,NA,NA,NA,NA
trastuzumab,2020-09-01,7988,1718,9706,0.8229960848959407,141,1,10,1,13,1,13,1,5,1,4,NA,NA,NA,NA,NA,NA,NA,NA,0,0,NA,NA,0,0,NA,NA,NA,NA,NA,NA,NA,NA,NA,NA
trastuzumab,2020-10-01,8836,1450,10286,0.8590316935640676,142,1,11,1,14,1,14,1,6,1,5,NA,NA,NA,NA,NA,NA,NA,NA,1,0,NA,NA,0,0,NA,NA,NA,NA,NA,NA,NA,NA,NA,NA
trastuzumab,2020-11-01,7774,1210,8984,0.8653161175422974,143,1,12,1,15,1,15,1,7,1,6,NA,NA,NA,NA,NA,NA,NA,NA,1,1,NA,NA,0,0,NA,NA,NA,NA,NA,NA,NA,NA,NA,NA
trastuzumab,2020-12-01,9112,1646,10758,0.8469975831939022,144,1,13,1,16,1,16,1,8,1,7,NA,NA,NA,NA,NA,NA,NA,NA,1,2,NA,NA,0,0,NA,NA,NA,NA,NA,NA,NA,NA,NA,NA
trastuzumab,2021-01-01,7842,1280,9122,0.859679894759921,145,1,14,1,17,1,17,1,9,1,8,NA,NA,NA,NA,NA,NA,NA,NA,1,3,NA,NA,0,0,NA,NA,NA,NA,NA,NA,NA,NA,NA,NA
trastuzumab,2021-02-01,9254,1624,10878,0.8507078507078507,146,1,15,1,18,1,18,1,10,1,9,NA,NA,NA,NA,NA,NA,NA,NA,1,4,NA,NA,0,0,NA,NA,NA,NA,NA,NA,NA,NA,NA,NA
trastuzumab,2021-03-01,10918,1634,12552,0.8698215423836839,147,1,16,1,19,1,19,1,11,1,10,NA,NA,NA,NA,NA,NA,NA,NA,1,5,NA,NA,0,0,NA,NA,NA,NA,NA,NA,NA,NA,NA,NA
trastuzumab,2021-04-01,8920,2022,10942,0.8152074575031987,148,1,17,1,20,1,20,1,12,1,11,NA,NA,NA,NA,NA,NA,NA,NA,1,6,NA,NA,0,0,NA,NA,NA,NA,NA,NA,NA,NA,NA,NA
trastuzumab,2021-05-01,9088,1438,10526,0.8633859015770473,149,1,18,1,21,1,21,1,13,1,12,NA,NA,NA,NA,NA,NA,NA,NA,1,7,NA,NA,0,0,NA,NA,NA,NA,NA,NA,NA,NA,NA,NA
trastuzumab,2021-06-01,8004,1662,9666,0.8280571073867163,150,1,19,1,22,1,22,1,14,1,13,NA,NA,NA,NA,NA,NA,NA,NA,1,8,NA,NA,0,0,NA,NA,NA,NA,NA,NA,NA,NA,NA,NA
trastuzumab,2021-07-01,8767,1543,10310,0.8503394762366634,151,1,20,1,23,1,23,1,15,1,14,NA,NA,NA,NA,NA,NA,NA,NA,1,9,NA,NA,0,0,NA,NA,NA,NA,NA,NA,NA,NA,NA,NA
trastuzumab,2021-08-01,8728,1591,10319,0.8458183932551604,152,1,21,1,24,1,24,1,16,1,15,NA,NA,NA,NA,NA,NA,NA,NA,1,10,NA,NA,0,0,NA,NA,NA,NA,NA,NA,NA,NA,NA,NA
trastuzumab,2021-09-01,9245,1680,10925,0.8462242562929062,153,1,22,1,25,1,25,1,17,1,16,NA,NA,NA,NA,NA,NA,NA,NA,1,11,NA,NA,0,0,NA,NA,NA,NA,NA,NA,NA,NA,NA,NA
trastuzumab,2021-10-01,7961,1538,9499,0.8380882198126118,154,1,23,1,26,1,26,1,18,1,17,NA,NA,NA,NA,NA,NA,NA,NA,1,12,NA,NA,0,0,NA,NA,NA,NA,NA,NA,NA,NA,NA,NA
trastuzumab,2021-11-01,9293,1600,10893,0.8531166804369779,155,1,24,1,27,1,27,1,19,1,18,NA,NA,NA,NA,NA,NA,NA,NA,1,13,NA,NA,0,0,NA,NA,NA,NA,NA,NA,NA,NA,NA,NA
trastuzumab,2021-12-01,9160,1801,10961,0.8356901742541739,156,1,25,1,28,1,28,1,20,1,19,NA,NA,NA,NA,NA,NA,NA,NA,1,14,NA,NA,0,0,NA,NA,NA,NA,NA,NA,NA,NA,NA,NA
trastuzumab,2022-01-01,8178,1402,9580,0.8536534446764091,157,1,26,1,29,1,29,1,21,1,20,NA,NA,NA,NA,NA,NA,NA,NA,1,15,NA,NA,0,0,NA,NA,NA,NA,NA,NA,NA,NA,NA,NA
trastuzumab,2022-02-01,7980,1499,9479,0.841860955797025,158,1,27,1,30,1,30,1,22,1,21,NA,NA,NA,NA,NA,NA,NA,NA,1,16,NA,NA,0,0,NA,NA,NA,NA,NA,NA,NA,NA,NA,NA
trastuzumab,2022-03-01,8773,1631,10404,0.8432333717800846,159,1,28,1,31,1,31,1,23,1,22,NA,NA,NA,NA,NA,NA,NA,NA,1,17,NA,NA,0,0,NA,NA,NA,NA,NA,NA,NA,NA,NA,NA
trastuzumab,2022-04-01,8427,1543,9970,0.8452357071213641,160,1,29,1,32,1,32,1,24,1,23,NA,NA,NA,NA,NA,NA,NA,NA,1,18,NA,NA,0,0,NA,NA,NA,NA,NA,NA,NA,NA,NA,NA
trastuzumab,2022-05-01,9031,1608,10639,0.8488579753736254,161,1,30,1,33,1,33,1,25,1,24,NA,NA,NA,NA,NA,NA,NA,NA,1,19,NA,NA,0,0,NA,NA,NA,NA,NA,NA,NA,NA,NA,NA
trastuzumab,2022-06-01,8997,1656,10653,0.8445508307519008,162,1,31,1,34,1,34,1,26,1,25,NA,NA,NA,NA,NA,NA,NA,NA,1,20,NA,NA,0,0,NA,NA,NA,NA,NA,NA,NA,NA,NA,NA
trastuzumab,2022-07-01,4051,735,4786,0.8464270789803594,163,1,32,1,35,1,35,1,27,1,26,NA,NA,NA,NA,NA,NA,NA,NA,1,21,NA,NA,0,0,NA,NA,NA,NA,NA,NA,NA,NA,NA,NA
trastuzumab,2022-08-01,4528,812,5340,0.847940074906367,164,1,33,1,36,1,36,1,28,1,27,NA,NA,NA,NA,NA,NA,NA,NA,1,22,NA,NA,0,0,NA,NA,NA,NA,NA,NA,NA,NA,NA,NA
trastuzumab,2022-09-01,4257,743,5000,0.8514,165,1,34,1,37,1,37,1,29,1,28,NA,NA,NA,NA,NA,NA,NA,NA,1,23,NA,NA,0,0,NA,NA,NA,NA,NA,NA,NA,NA,NA,NA
trastuzumab,2022-10-01,4065,729,4794,0.8479349186483104,166,1,35,1,38,1,38,1,30,1,29,NA,NA,NA,NA,NA,NA,NA,NA,1,24,NA,NA,0,0,NA,NA,NA,NA,NA,NA,NA,NA,NA,NA
trastuzumab,2022-11-01,4310,764,5074,0.8494284588096177,167,1,36,1,39,1,39,1,31,1,30,NA,NA,NA,NA,NA,NA,NA,NA,1,25,NA,NA,0,0,NA,NA,NA,NA,NA,NA,NA,NA,NA,NA
trastuzumab,2022-12-01,4300,788,5088,0.845125786163522,168,1,37,1,40,1,40,1,32,1,31,NA,NA,NA,NA,NA,NA,NA,NA,1,26,NA,NA,0,0,NA,NA,NA,NA,NA,NA,NA,NA,NA,NA
trastuzumab,2023-01-01,4167,782,4949,0.8419882804606992,169,1,38,1,41,1,41,1,33,1,32,NA,NA,NA,NA,NA,NA,NA,NA,1,27,NA,NA,0,0,NA,NA,NA,NA,NA,NA,NA,NA,NA,NA
trastuzumab,2023-02-01,3959,735,4694,0.8434171282488283,170,1,39,1,42,1,42,1,34,1,33,NA,NA,NA,NA,NA,NA,NA,NA,1,28,NA,NA,0,0,NA,NA,NA,NA,NA,NA,NA,NA,NA,NA
trastuzumab,2023-03-01,4534,912,5446,0.8325376423062798,171,1,40,1,43,1,43,1,35,1,34,NA,NA,NA,NA,NA,NA,NA,NA,1,29,NA,NA,0,0,NA,NA,NA,NA,NA,NA,NA,NA,NA,NA
trastuzumab,2023-04-01,3783,791,4574,0.8270660253607346,172,1,41,1,44,1,44,1,36,1,35,NA,NA,NA,NA,NA,NA,NA,NA,1,30,NA,NA,0,0,NA,NA,NA,NA,NA,NA,NA,NA,NA,NA
trastuzumab,2023-05-01,4778,985,5763,0.8290820753079993,173,1,42,1,45,1,45,1,37,1,36,NA,NA,NA,NA,NA,NA,NA,NA,1,31,NA,NA,0,0,NA,NA,NA,NA,NA,NA,NA,NA,NA,NA
trastuzumab,2023-06-01,4511,924,5435,0.8299908003679852,174,1,43,1,46,1,46,1,38,1,37,NA,NA,NA,NA,NA,NA,NA,NA,1,32,NA,NA,0,0,NA,NA,NA,NA,NA,NA,NA,NA,NA,NA
trastuzumab,2023-07-01,4221,874,5095,0.828459273797841,175,1,44,1,47,1,47,1,39,1,38,NA,NA,NA,NA,NA,NA,NA,NA,1,33,NA,NA,0,0,NA,NA,NA,NA,NA,NA,NA,NA,NA,NA
trastuzumab,2023-08-01,4845,971,5816,0.8330467675378267,176,1,45,1,48,1,48,1,40,1,39,NA,NA,NA,NA,NA,NA,NA,NA,1,34,NA,NA,0,0,NA,NA,NA,NA,NA,NA,NA,NA,NA,NA
trastuzumab,2023-09-01,4462,898,5360,0.8324626865671642,177,1,46,1,49,1,49,1,41,1,40,NA,NA,NA,NA,NA,NA,NA,NA,1,35,NA,NA,0,0,NA,NA,NA,NA,NA,NA,NA,NA,NA,NA
trastuzumab,2023-10-01,4609,908,5517,0.8354177995287294,178,1,47,1,50,1,50,1,42,1,41,NA,NA,NA,NA,NA,NA,NA,NA,1,36,NA,NA,0,0,NA,NA,NA,NA,NA,NA,NA,NA,NA,NA
trastuzumab,2023-11-01,4666,978,5644,0.8267186392629341,179,1,48,1,51,1,51,1,43,1,42,NA,NA,NA,NA,NA,NA,NA,NA,1,37,NA,NA,1,0,NA,NA,NA,NA,NA,NA,NA,NA,NA,NA
trastuzumab,2023-12-01,4315,876,5191,0.8312463879791948,180,1,49,1,52,1,52,1,44,1,43,NA,NA,NA,NA,NA,NA,NA,NA,1,38,NA,NA,1,1,NA,NA,NA,NA,NA,NA,NA,NA,NA,NA
trastuzumab,2024-01-01,4808,1003,5811,0.8273963173292033,181,1,50,1,53,1,53,1,45,1,44,NA,NA,NA,NA,NA,NA,NA,NA,1,39,NA,NA,1,2,NA,NA,NA,NA,NA,NA,NA,NA,NA,NA
trastuzumab,2024-02-01,4503,908,5411,0.8321936795416743,182,1,51,1,54,1,54,1,46,1,45,NA,NA,NA,NA,NA,NA,NA,NA,1,40,NA,NA,1,3,NA,NA,NA,NA,NA,NA,NA,NA,NA,NA
trastuzumab,2024-03-01,4547,928,5475,0.8305022831050228,183,1,52,1,55,1,55,1,47,1,46,NA,NA,NA,NA,NA,NA,NA,NA,1,41,NA,NA,1,4,NA,NA,NA,NA,NA,NA,NA,NA,NA,NA
trastuzumab,2024-04-01,4641,948,5589,0.8303811057434246,184,1,53,1,56,1,56,1,48,1,47,NA,NA,NA,NA,NA,NA,NA,NA,1,42,NA,NA,1,5,NA,NA,NA,NA,NA,NA,NA,NA,NA,NA
trastuzumab,2024-05-01,4900,1020,5920,0.8277027027027027,185,1,54,1,57,1,57,1,49,1,48,NA,NA,NA,NA,NA,NA,NA,NA,1,43,NA,NA,1,6,NA,NA,NA,NA,NA,NA,NA,NA,NA,NA
trastuzumab,2024-06-01,4314,904,5218,0.826753545419701,186,1,55,1,58,1,58,1,50,1,49,NA,NA,NA,NA,NA,NA,NA,NA,1,44,NA,NA,1,7,NA,NA,NA,NA,NA,NA,NA,NA,NA,NA
trastuzumab,2024-07-01,4829,1034,5863,0.8236397748592871,187,1,56,1,59,1,59,1,51,1,50,NA,NA,NA,NA,NA,NA,NA,NA,1,45,NA,NA,1,8,NA,NA,NA,NA,NA,NA,NA,NA,NA,NA
trastuzumab,2024-08-01,4648,1015,5663,0.8207663782447466,188,1,57,1,60,1,60,1,52,1,51,NA,NA,NA,NA,NA,NA,NA,NA,1,46,NA,NA,1,9,NA,NA,NA,NA,NA,NA,NA,NA,NA,NA
trastuzumab,2024-09-01,4447,956,5403,0.8230612622617065,189,1,58,1,61,1,61,1,53,1,52,NA,NA,NA,NA,NA,NA,NA,NA,1,47,NA,NA,1,10,NA,NA,NA,NA,NA,NA,NA,NA,NA,NA
trastuzumab,2024-10-01,5013,1045,6058,0.8275008253549027,190,1,59,1,62,1,62,1,54,1,53,NA,NA,NA,NA,NA,NA,NA,NA,1,48,NA,NA,1,11,NA,NA,NA,NA,NA,NA,NA,NA,NA,NA
trastuzumab,2024-11-01,4450,940,5390,0.8256029684601113,191,1,60,1,63,1,63,1,55,1,54,NA,NA,NA,NA,NA,NA,NA,NA,1,49,NA,NA,1,12,NA,NA,NA,NA,NA,NA,NA,NA,NA,NA
trastuzumab,2024-12-01,4719,988,5707,0.826879271070615,192,1,61,1,64,1,64,1,56,1,55,NA,NA,NA,NA,NA,NA,NA,NA,1,50,NA,NA,1,13,NA,NA,NA,NA,NA,NA,NA,NA,NA,NA
trastuzumab,2025-01-01,4845,1023,5868,0.8256646216768916,193,1,62,1,65,1,65,1,57,1,56,NA,NA,NA,NA,NA,NA,NA,NA,1,51,NA,NA,1,14,NA,NA,NA,NA,NA,NA,NA,NA,NA,NA
trastuzumab,2025-02-01,4338,949,5287,0.8205031208624929,194,1,63,1,66,1,66,1,58,1,57,NA,NA,NA,NA,NA,NA,NA,NA,1,52,NA,NA,1,15,NA,NA,NA,NA,NA,NA,NA,NA,NA,NA
trastuzumab,2025-03-01,4555,960,5515,0.8259292837715322,195,1,64,1,67,1,67,1,59,1,58,NA,NA,NA,NA,NA,NA,NA,NA,1,53,NA,NA,1,16,NA,NA,NA,NA,NA,NA,NA,NA,NA,NA
trastuzumab,2025-04-01,4774,1000,5774,0.826809837201247,196,1,65,1,68,1,68,1,60,1,59,NA,NA,NA,NA,NA,NA,NA,NA,1,54,NA,NA,1,17,NA,NA,NA,NA,NA,NA,NA,NA,NA,NA
trastuzumab,2025-05-01,4858,1079,5937,0.8182583796530234,197,1,66,1,69,1,69,1,61,1,60,NA,NA,NA,NA,NA,NA,NA,NA,1,55,NA,NA,1,18,NA,NA,NA,NA,NA,NA,NA,NA,NA,NA
trastuzumab,2025-06-01,4635,998,5633,0.8228297532398366,198,1,67,1,70,1,70,1,62,1,61,NA,NA,NA,NA,NA,NA,NA,NA,1,56,NA,NA,1,19,NA,NA,NA,NA,NA,NA,NA,NA,NA,NA
trastuzumab,2025-07-01,5013,1122,6135,0.8171149144254278,199,1,68,1,71,1,71,1,63,1,62,NA,NA,NA,NA,NA,NA,NA,NA,1,57,NA,NA,1,20,NA,NA,NA,NA,NA,NA,NA,NA,NA,NA
trastuzumab,2025-08-01,4547,981,5528,0.8225397973950795,200,1,69,1,72,1,72,1,64,1,63,NA,NA,NA,NA,NA,NA,NA,NA,1,58,NA,NA,1,21,NA,NA,NA,NA,NA,NA,NA,NA,NA,NA
trastuzumab,2025-09-01,4947,1031,5978,0.8275342924054868,201,1,70,1,73,1,73,1,65,1,64,NA,NA,NA,NA,NA,NA,NA,NA,1,59,NA,NA,1,22,NA,NA,NA,NA,NA,NA,NA,NA,NA,NA
trastuzumab,2025-10-01,5135,1079,6214,0.8263598326359832,202,1,71,1,74,1,74,1,66,1,65,NA,NA,NA,NA,NA,NA,NA,NA,1,60,NA,NA,1,23,NA,NA,NA,NA,NA,NA,NA,NA,NA,NA
trastuzumab,2025-11-01,4272,950,5222,0.8180773649942551,203,1,72,1,75,1,75,1,67,1,66,NA,NA,NA,NA,NA,NA,NA,NA,1,61,NA,NA,1,24,NA,NA,NA,NA,NA,NA,NA,NA,NA,NA
